id,artist_name,title,lowest_note,highest_note,falsetto_note,source
5325,(sic)boy,"Afraid?? feat. nothing,nowhere.",lowG#,hiB,,vocal-range.com
5042,−真天地開闢集団−ジグザグ,Drip,lowG,hiD#,hiD#,vocal-range.com
4050,04 Limited Sazabys,Every,mid1E,hiC,,vocal-range.com
3355,04 Limited Sazabys,Feel,mid1F#,hiD,,voice-key.news
4639,04 Limited Sazabys,Galapagos,mid1G#,hiD#,,vocal-range.com
4801,04 Limited Sazabys,Galapagos Ⅱ,mid2A#,hiD#,hiC#,vocal-range.com
5825,04 Limited Sazabys,Jumper,mid2A,hiE,,vocal-range.com
3359,04 Limited Sazabys,Just,mid2A,hiC#,,voice-key.news
4734,04 Limited Sazabys,Keep Going,mid1F#,hiB,hiC#,vocal-range.com
3356,04 Limited Sazabys,Kitchen,mid1G#,hiB,,voice-key.news
3348,04 Limited Sazabys,Letter,mid1G#,hiA,,voice-key.news
3361,04 Limited Sazabys,Montage,mid2B,hiC#,,voice-key.news
3352,04 Limited Sazabys,My HERO,mid1F#,hiD,hiF,voice-key.news
5851,04 Limited Sazabys,Squall,mid1F,hiD#,hiF#,vocal-range.com
3349,04 Limited Sazabys,Terminal,mid1F#,hiC,,voice-key.news
3358,04 Limited Sazabys,Utopia,mid1C#,hiE,,voice-key.news
6394,04 Limited Sazabys,climb,mid1G,hiC,hiD,vocal-range.com
3360,04 Limited Sazabys,fade,mid2A#,hiD#,,voice-key.news
3351,04 Limited Sazabys,fiction,mid2B,hiB,,voice-key.news
3896,04 Limited Sazabys,hello,mid1G#,hiB,,vocal-range.com
3353,04 Limited Sazabys,knife,mid2A,hiC,,voice-key.news
3357,04 Limited Sazabys,midnight cruising,mid1G#,hiB,,voice-key.news
3350,04 Limited Sazabys,milk,mid2B,hiC,,voice-key.news
3346,04 Limited Sazabys,monolith,mid1G,hiC,,voice-key.news
3354,04 Limited Sazabys,soup,mid2B,hiC,,voice-key.news
3345,04 Limited Sazabys,swim,mid2B,hiC#,hiE,voice-key.news
4063,10-FEET,その向こうへ,mid1F,hiA#,,vocal-range.com
4544,10-FEET,ヒトリセカイ,mid1D#,hiA#,,vocal-range.com
5523,10-FEET,第ゼロ感,mid1F,hiA,,vocal-range.com
4062,10-FEET,蜃気楼,mid1C,hiA#,,vocal-range.com
6340,164 feat.GUMI,天ノ弱,mid2A,hiG,hiG#,vocal-range.com
4508,175R,「手紙」,mid1G,hiA,,vocal-range.com
5087,1986オメガトライブ,君は1000%,mid1G,hiA,,vocal-range.com
5211,35.7,祝日天国,mid1E,hiC,hiF,vocal-range.com
5153,703号室,偽物勇者,mid2A,hiC,hiD#,vocal-range.com
4590,9mm Parabellum Bullet,カモメ,mid1F#,mid2G#,,vocal-range.com
4072,9mm Parabellum Bullet,ハートに火をつけて,mid1F#,hiB,,vocal-range.com
4008,＝LOVE,とくべチュ、して,mid2C,hiD#,hiD#,vocal-range.com
2859,AAA,BAD LOVE,mid1C#,hiA#,,voice-key.news
2864,AAA,LIFE,mid1G,,hiD,voice-key.news
2869,AAA,LOVER,mid1F,hiD,hiD,voice-key.news
2868,AAA,SHOW TIME,mid1D,hiA,hiA,voice-key.news
2858,AAA,Wake up!,mid1G,hiA#,,voice-key.news
2860,AAA,drama,mid1F,hiC#,hiC#,voice-key.news
2857,AAA,さよならの前に,mid1F,mid2G#,hiA#,voice-key.news
2866,AAA,ぼくの憂鬱と不機嫌な彼女,mid1D,hiB,,voice-key.news
2865,AAA,アシタノヒカリ,mid1F#,hiB,mid2F#,voice-key.news
2854,AAA,恋音と雨空,mid1E,mid2G#,,voice-key.news
2855,AAA,愛してるのに、愛せない,mid1F,hiC,,voice-key.news
2867,AAA,涙のない世界,mid1F,hiA,,voice-key.news
2862,AAA,笑顔のループ,mid1C#,hiA,,voice-key.news
2861,AAA,虹,mid1F#,hiC#,,voice-key.news
2856,AAA,逢いたい理由,mid1D,hiC,,voice-key.news
2863,AAA,風に薫る夏の記憶,lowG,hiC,hiD,voice-key.news
4106,ACE COLLECTION,花火大会,mid1B,mid2G#,hiC,vocal-range.com
4921,ACIDMAN,輝けるもの,mid1F#,hiA,hiA,vocal-range.com
5463,AI,Story,mid1G,hiC,,vocal-range.com
1884,AKASAKI,Bunny Girl,mid1C,mid2E,,voice-key.news
1887,AKASAKI,夏実,mid1C#,mid2G,,voice-key.news
1885,AKASAKI,爆速論理ness,mid1D,mid2F,,voice-key.news
1886,AKASAKI,薔薇と散る,mid1C,mid2F,hiA#,voice-key.news
4078,AKB48,フライングゲット,mid1G,hiD#,,vocal-range.com
4119,AKB48,恋するフォーチュンクッキー,mid2A,hiC#,,vocal-range.com
5673,AKINO from bless4,海色,mid2C,hiF,,vocal-range.com
6368,ALI,LOST IN PARADISE feat. AKLO,mid1A#,hiA#,hiC,vocal-range.com
5872,ANTENA,深い深い青,mid1D#,hiB,,vocal-range.com
4814,ARuFa,さんさーら,mid1A#,hiC#,,vocal-range.com
6233,ASCA,RESISTER,mid1G#,hiC#,hiD#,vocal-range.com
1874,ASIAN KUNG-FU GENERATION,Re:Re:,mid1F#,mid2G#,,voice-key.news
1881,ASIAN KUNG-FU GENERATION,それでは、また明日,mid1D#,mid2G#,,voice-key.news
1875,ASIAN KUNG-FU GENERATION,アフターダーク,mid1D#,mid2G#,hiC#,voice-key.news
1879,ASIAN KUNG-FU GENERATION,スローダウン,mid1C#,mid2F#,hiA,voice-key.news
1871,ASIAN KUNG-FU GENERATION,ソラニン,mid1B,mid2G#,,voice-key.news
1877,ASIAN KUNG-FU GENERATION,ブラッドサーキュレーター,mid1F,mid2G,mid2G,voice-key.news
1880,ASIAN KUNG-FU GENERATION,ムスタング,mid1B,hiA,,voice-key.news
1872,ASIAN KUNG-FU GENERATION,リライト,mid1E,mid2G#,,voice-key.news
4322,ASIAN KUNG-FU GENERATION,ワールドアパート,mid1B,hiB,,vocal-range.com
1878,ASIAN KUNG-FU GENERATION,君という花,mid1C#,mid2F#,,voice-key.news
1883,ASIAN KUNG-FU GENERATION,夜の向こう,mid1C#,mid2G,,voice-key.news
5004,ASIAN KUNG-FU GENERATION,新世紀のラブソング,lowE,mid2F#,hiA,vocal-range.com
4073,ASIAN KUNG-FU GENERATION,未だ見ぬ明日に,mid1A#,hiA#,,vocal-range.com
3991,ASIAN KUNG-FU GENERATION,未来の破片,mid1G,hiB,hiD,vocal-range.com
4493,ASIAN KUNG-FU GENERATION,江ノ島エスカー,mid1D,hiA,,vocal-range.com
1876,ASIAN KUNG-FU GENERATION,荒野を歩け,mid1B,hiA,,voice-key.news
5497,ASIAN KUNG-FU GENERATION,転がる岩、君に朝が降る,mid1E,hiA#,hiB,vocal-range.com
1882,ASIAN KUNG-FU GENERATION,迷子犬と雨のビート,lowG,mid2G,,voice-key.news
1873,ASIAN KUNG-FU GENERATION,遥か彼方,mid2B,hiA,,voice-key.news
5293,ASKA,はじまりはいつも雨,mid1F,mid2G#,,vocal-range.com
1614,ATSUSHI,BLACK RAIN,mid1D,mid2F,,voice-key.news
1622,ATSUSHI,MELROSE 〜愛さない約束〜,mid1G#,mid2G#,hiA#,voice-key.news
1624,ATSUSHI,いつかきっと,mid1D,hiA,hiC#,voice-key.news
1618,ATSUSHI,ふるさと,mid1D,mid2E,,voice-key.news
1620,ATSUSHI,二人の未来,mid1F,mid2G#,hiC#,voice-key.news
1621,ATSUSHI,愛燦燦,mid1B,mid2F,,voice-key.news
1615,ATSUSHI,桜の季節,mid1D#,mid2G,hiA#,voice-key.news
1616,ATSUSHI,砂時計,mid1A#,mid2G,hiA,voice-key.news
1613,ATSUSHI,糸,mid1D,mid2F,mid2G#,voice-key.news
1619,ATSUSHI,言葉にできない,mid1G#,mid2G#,hiA#,voice-key.news
1623,ATSUSHI,青い龍,mid1D#,mid2G#,hiC,voice-key.news
1617,ATSUSHI,願い,mid1C,mid2G#,hiC,voice-key.news
1777,Absolute area,ひと夏の君へ,mid1D#,hiA#,hiD#,voice-key.news
1776,Absolute area,カフネ,mid1D,hiC,hiD#,voice-key.news
1775,Absolute area,遠くまで行く君に,mid1C,mid2G,hiD,voice-key.news
1376,Acid Black Cherry,20+∞Century Boys,mid1D#,hiB,,voice-key.news
1380,Acid Black Cherry,Bit Stupid,mid1E,hiA#,,voice-key.news
1368,Acid Black Cherry,CRISIS,mid2A,hiA#,,voice-key.news
1377,Acid Black Cherry,DRAGON CARNIVAL,mid1E,hiB,,voice-key.news
1369,Acid Black Cherry,Greed Greed Greed,mid1G,hiA#,hiC,voice-key.news
1364,Acid Black Cherry,INCUBUS,mid1E,hiA#,hiA#,voice-key.news
1383,Acid Black Cherry,Murder Licence,mid2A,hiA,,voice-key.news
1382,Acid Black Cherry,Prologue End,mid1E,hiB,,voice-key.news
1375,Acid Black Cherry,SPELL MAGIC,mid1B,hiB,,voice-key.news
1387,Acid Black Cherry,re:birth,mid1E,hiA,,voice-key.news
1374,Acid Black Cherry,scar,mid1A,hiA#,hiC,voice-key.news
1373,Acid Black Cherry,sins,mid1F,hiA#,,voice-key.news
1366,Acid Black Cherry,イエス,mid1D#,hiA#,,voice-key.news
1385,Acid Black Cherry,シャングリラ,mid1F#,hiA#,,voice-key.news
1371,Acid Black Cherry,ジグソー,mid1B,hiA,,voice-key.news
1386,Acid Black Cherry,ハーシー,mid1G#,hiB,,voice-key.news
1379,Acid Black Cherry,ピストル,mid1F#,hiB,,voice-key.news
1384,Acid Black Cherry,優しい嘘,mid1F#,hiA,,voice-key.news
1381,Acid Black Cherry,冬の幻,mid2A,hiA,hiC,voice-key.news
1367,Acid Black Cherry,君がいない、あの日から,mid1F#,hiA,hiB,voice-key.news
1372,Acid Black Cherry,少女の祈り,mid1E,hiA,,voice-key.news
1365,Acid Black Cherry,愛してない,mid1G,hiA#,,voice-key.news
1378,Acid Black Cherry,眠り姫,mid1F#,hiA#,,voice-key.news
1388,Acid Black Cherry,蝶,mid1E,hiA#,,voice-key.news
1370,Acid Black Cherry,黒猫 ～Adult Black Cat～,mid1G,hiA#,,voice-key.news
5079,Ado,DIGNITY,mid1F#,hiC#,hiD#,vocal-range.com
293,Ado,FREEDOM,mid1F#,hiE,hiG,voice-key.news
3914,Ado,MAGIC,mid1G#,hiD,hiF#,vocal-range.com
286,Ado,Tot Musica,mid1E,hiD,,voice-key.news
277,Ado,うっせぇわ,mid2A,hiD#,hiC,voice-key.news
4256,Ado,わたしに花束,mid1G,hiC,hiD#,vocal-range.com
5357,Ado,アタシは問題作,mid1G,hiE,hiE,vocal-range.com
276,Ado,ウタカタララバイ,mid2A#,hiD#,hihiC#,voice-key.news
283,Ado,ギラギラ,mid1F#,hiD,hiD#,voice-key.news
294,Ado,クラクラ,mid1G,hiD,hiD,voice-key.news
291,Ado,ドメスティックでバイオレンス,mid1D,hiC#,hiA#,voice-key.news
285,Ado,マザーランド,mid1F#,hiD#,hiG#,voice-key.news
292,Ado,ラッキー・ブルート,mid1F#,hiC#,hiC#,voice-key.news
5296,Ado,リベリオン,mid1G#,hiF#,hiF#,vocal-range.com
4862,Ado,ルル,mid1D#,hiD#,hiE,vocal-range.com
281,Ado,レディメイド,mid1C#,hiD#,hiD#,voice-key.news
4071,Ado,ロックスター,mid1F,hiD,hiF,vocal-range.com
4816,Ado,世界のつづき（ウタ from ONE PIECE FILM RED）,mid1F#,hiD,hiE,vocal-range.com
279,Ado,会いたくて,mid1F,hiD,hiF,voice-key.news
289,Ado,向日葵,mid2A,hiC#,hiD#,voice-key.news
4475,Ado,唱,mid1A#,hihiD#,hihiC,vocal-range.com
280,Ado,夜のピエロ,mid1G#,hiC,hiD#,voice-key.news
282,Ado,心という名の不可解,mid1E,hiF,hiF,voice-key.news
273,Ado,新時代(ウタ from ONE PIECE FILM RED),mid1E,hiD,hiF#,voice-key.news
290,Ado,永遠のあくる日,mid1E,hiD,hiE,voice-key.news
4680,Ado,私は最強 (ウタ from ONE PIECE FILM RED),mid2A,hiD,hiD,vocal-range.com
295,Ado,花火,mid2A#,hiA#,hiD#,voice-key.news
278,Ado,踊,mid1F,hiF,hihiD#,voice-key.news
275,Ado,逆光(ウタ from ONE PIECE FILM RED),mid1G#,hiC#,mid2G#,voice-key.news
297,Ado,過学習,mid1G#,hiC,hiE,voice-key.news
296,Ado,金木犀(feat. Ado),mid1F,hiB,hiE,voice-key.news
284,Ado,阿修羅ちゃん,mid1C#,hiC#,,voice-key.news
4795,Ado,風のゆくえ（ウタ from ONE PIECE FILM RED）,mid1F,hiD,,vocal-range.com
4051,Aerosmith,I Don't Want To Miss A Thing,mid1F#,hiD,,vocal-range.com
5547,After the Rain,1・2・3,mid1F,hiF,,vocal-range.com
5118,After the Rain,アイムユアヒーロー,mid1C#,hiD,,vocal-range.com
3962,AiScReam,愛♡スクリ～ム！,mid2A#,hiC#,,vocal-range.com
1311,Aimer,Black Bird,mid1F,hiC,,voice-key.news
1310,Aimer,Brave Shine,mid1D#,hiD#,,voice-key.news
1313,Aimer,I beg you,mid2A#,hiD#,,voice-key.news
6127,Aimer,Ref:rain,mid1E,hiC,,vocal-range.com
6236,Aimer,SPARK-AGAIN,mid1F#,hiC#,,vocal-range.com
1308,Aimer,STAND-ALONE,mid1D#,hiD#,hiD#,voice-key.news
1305,Aimer,カタオモイ,mid1G#,hiC#,,voice-key.news
1307,Aimer,コイワズライ,mid1F,hiD,,voice-key.news
6121,Aimer,六等星の夜,mid1G,hiC#,hiC#,vocal-range.com
4120,Aimer,太陽が昇らない世界,mid1E,hiD,hiB,vocal-range.com
6172,Aimer,思い出は奇麗で,mid1G,hiC,,vocal-range.com
1306,Aimer,星屑ビーナス,mid1F,hiC,hiD,voice-key.news
5696,Aimer,残響散歌,mid1G#,hiC#,hiD#,vocal-range.com
1312,Aimer,花の唄,mid1G,hiC,hiD#,voice-key.news
1309,Aimer,茜さす,mid1C#,hiC#,,voice-key.news
1304,Aimer,蝶々結び,mid1A,hiD,,voice-key.news
5438,AliA,かくれんぼ,mid1G,hiG,hiF,vocal-range.com
5257,Amber’s,エンドロール,mid2A,hiD,hiD#,vocal-range.com
4061,Aooo,サラダボウル,mid2B,hiD,hiE,vocal-range.com
3960,Aooo,フラジャイル・ナイト,mid1D#,hiC#,hiF#,vocal-range.com
5812,Aqours,Fantastic Departure!,mid2A,hiD,hiE,vocal-range.com
1342,Aqua Timez,ALONES,mid1G,mid2G#,,voice-key.news
1348,Aqua Timez,MASK,mid1D#,mid2G#,,voice-key.news
1351,Aqua Timez,STAY GOLD,mid1E,mid2G#,,voice-key.news
1352,Aqua Timez,Velonica,mid1B,mid2G,,voice-key.news
1349,Aqua Timez,いつもいっしょ,mid1D,hiA#,,voice-key.news
1346,Aqua Timez,しおり,mid1C,hiA#,,voice-key.news
1362,Aqua Timez,ねがお,mid1F#,mid2G#,,voice-key.news
1356,Aqua Timez,イヴの指輪,mid1B,mid2G,,voice-key.news
1344,Aqua Timez,プルメリア 〜花唄〜,mid1F#,hiA,,voice-key.news
1338,Aqua Timez,千の夜をこえて,mid1C#,hiA#,,voice-key.news
1339,Aqua Timez,夏のかけら,mid1E,mid2F#,,voice-key.news
1347,Aqua Timez,小さな掌,mid1F,mid2G#,,voice-key.news
1363,Aqua Timez,希望の咲く丘から,mid1D,hiA,,voice-key.news
1355,Aqua Timez,平行世界,mid1E,hiA,,voice-key.news
1350,Aqua Timez,最後まで,mid1G,hiA,,voice-key.news
1353,Aqua Timez,最後までⅡ,mid1F#,mid2G#,,voice-key.news
1354,Aqua Timez,月のカーテン,mid1B,hiA,,voice-key.news
1340,Aqua Timez,決意の朝に,mid1E,mid2F#,,voice-key.news
1358,Aqua Timez,流星のうた,mid1C#,hiA#,,voice-key.news
1345,Aqua Timez,生きて,mid1F#,hiA,,voice-key.news
1341,Aqua Timez,等身大のラブソング,mid1F,mid2G,,voice-key.news
1359,Aqua Timez,絵はがきの春,mid1C#,mid2G#,,voice-key.news
1360,Aqua Timez,薫,mid1E,mid2E,,voice-key.news
1343,Aqua Timez,虹,mid1F,mid2G#,,voice-key.news
1361,Aqua Timez,静かなる恋の物語,mid1F#,mid2F#,,voice-key.news
1357,Aqua Timez,風に吹かれて,mid1D#,mid2F#,,voice-key.news
4388,Avril Lavigne,Sk8er Boi,mid2A,hiA#,,vocal-range.com
1791,Awesome City Club,またたき,mid1C#,hiD,hiC#,voice-key.news
1792,Awesome City Club,アウトサイダー,mid1D,hiD,hiD,voice-key.news
1793,Awesome City Club,今夜だけまちがいじことにしてあげる,mid1D#,hiD#,hiF#,voice-key.news
1790,Awesome City Club,勿忘,mid1B,hiE,hiC#,voice-key.news
1842,Ayase,シネマ,mid1A,mid2G,hiD#,voice-key.news
5652,Ayase,ラストリゾート,mid1F#,,,vocal-range.com
1841,Ayase,夜撫でるメノウ,lowG#,hiA#,hiA#,voice-key.news
1843,Ayase,幽霊東京,mid1D#,hiA,hiC#,voice-key.news
1840,Ayase,飽和,lowF,hiA#,hiB,voice-key.news
5651,Ayase[YOASOBI],幽霊東京,mid1D,hiA,hiC#,vocal-range.com
5324,BAAD,君が好きだと叫びたい,mid1G,hiA,,vocal-range.com
4895,BACK-ON×FLOW,CHEMY×STORY,mid1G#,hiB,,vocal-range.com
4406,BAD HOP,Kawasaki Drift,lowF#,mid2G#,hiD#,vocal-range.com
4466,BAND-MAID,alone,mid1D,hiD,,vocal-range.com
3422,BE:FIRST,Blissful,lowF,mid2G,hiA,voice-key.news
3423,BE:FIRST,Boom Boom Back,mid1D#,hiA#,hiD,voice-key.news
3415,BE:FIRST,Bye-Good-Bye,mid1A#,hiB,hiF#,voice-key.news
3421,BE:FIRST,GRIT,lowF#,mid2G,hiF#,voice-key.news
3420,BE:FIRST,Sailing,mid1A#,mid2G#,hiC#,voice-key.news
3419,BE:FIRST,Salvia,mid1D#,hiA#,hiC#,voice-key.news
3416,BE:FIRST,Shining One,lowG,mid2G,hiD#,voice-key.news
3414,BE:FIRST,夢中,mid1A#,hiA#,hiA#,voice-key.news
3417,BE:FIRST,空,mid1E,hiB,hiF#,voice-key.news
3418,BE:FIRST,誰よりも,mid1F,hiB,hiB,voice-key.news
3407,BEGIN,オジー自慢のオリオンビール,mid1C,mid2F,,voice-key.news
3406,BEGIN,三線の花,mid1D,mid2E,,voice-key.news
3405,BEGIN,島人ぬ宝,mid1C,mid2F,,voice-key.news
4363,BLANKEY JET CITY,冬のセーター,mid2A,hiA,,vocal-range.com
4065,BLUE ENCOUNT,DAY×DAY,mid1D,mid2G#,hiA#,vocal-range.com
4586,BLUE ENCOUNT,HALO,mid1G#,hiB,hiB,vocal-range.com
4902,BLUE ENCOUNT,VS,mid1E,mid2G#,hiE,vocal-range.com
5688,BLUE ENCOUNT,だいじょうぶ,mid1G,hiA,,vocal-range.com
4156,BLUE ENCOUNT,はじまり,mid1D#,mid2G#,,vocal-range.com
4067,BLUE ENCOUNT,もっと光を,mid1D#,mid2G#,hiC,vocal-range.com
5720,BLUE ENCOUNT,バッドパラドックス,mid1D#,mid2F,hiD#,vocal-range.com
5719,BLUE ENCOUNT,ポラリス,mid1A#,mid2G#,,vocal-range.com
4903,BLUE ENCOUNT,灯せ,mid1C,mid2G,,vocal-range.com
5394,BOØWY,CLOUDY HEART,mid1C#,mid2G#,,vocal-range.com
4570,BOØWY,Marionette -マリオネット-,mid1E,mid2F#,,vocal-range.com
4441,BRAHMAN,CAUSATION,mid1E,mid2G#,,vocal-range.com
4634,BREAKERZ,Miss Mystery,mid1D,hiB,hiC#,vocal-range.com
4151,BTS,Butter,mid1G#,hiC,,vocal-range.com
3385,BTS,Crystal Show,mid1A#,hiA#,hiD#,voice-key.news
3376,BTS,Dynamite,mid1E,hiC#,hiD#,voice-key.news
3377,BTS,Film out,lowG,hiF,hiF,voice-key.news
3382,BTS,I NEED YOU(Japanese Ver.),mid1A#,hiC,hiD#,voice-key.news
3381,BTS,Let Go,mid1B,hiC#,hiC#,voice-key.news
3379,BTS,Lights,mid1C,hiC,hiC,voice-key.news
3384,BTS,RUN-Japanese Ver.-,mid1E,hiA,hiC#,voice-key.news
3378,BTS,Stay Gold,mid1A#,hiA#,hiA#,voice-key.news
3380,BTS,Your eyes tell,lowG,hiD,hiE,voice-key.news
3383,BTS,血、汗、涙 -Japanese Ver.-,lowG,hiC,hiD#,voice-key.news
3427,BUCK-TICK,JUPITER,mid1C,mid2E,,voice-key.news
3424,BUCK-TICK,JUST ONE MORE KISS,mid1B,mid2E,,voice-key.news
3426,BUCK-TICK,くちづけ,mid2A,mid2F,,voice-key.news
3428,BUCK-TICK,ドレス,mid1A#,mid2F,,voice-key.news
3425,BUCK-TICK,悪の華,mid1D,mid2D,,voice-key.news
5883,BUMP OF CHICKEN,66号線,mid1A,mid2F#,,vocal-range.com
1116,BUMP OF CHICKEN,Aurora,mid1D,mid2G,hiA#,voice-key.news
1114,BUMP OF CHICKEN,Ever lasting lie,mid1B,mid2F#,hiC#,voice-key.news
1110,BUMP OF CHICKEN,GO,mid1F#,mid2F#,,voice-key.news
1109,BUMP OF CHICKEN,Gravity,lowG#,mid2G#,,voice-key.news
1108,BUMP OF CHICKEN,HAPPY,mid1D#,mid2F#,,voice-key.news
1107,BUMP OF CHICKEN,"Hello,world!",mid1A#,mid2G,,voice-key.news
1106,BUMP OF CHICKEN,I,lowG#,mid2G#,hiA#,voice-key.news
1105,BUMP OF CHICKEN,K,lowG#,mid2G#,,voice-key.news
1104,BUMP OF CHICKEN,LAMP,mid1C,mid2F#,,voice-key.news
1103,BUMP OF CHICKEN,R.I.P.,lowG#,mid2G#,hiA#,voice-key.news
1099,BUMP OF CHICKEN,SOUVENIR,mid1A,mid2F#,hiD,voice-key.news
4249,BUMP OF CHICKEN,Sleep Walking Orchestra,lowG#,mid2F#,hiC#,vocal-range.com
1100,BUMP OF CHICKEN,Smile,mid1D,mid2G#,,voice-key.news
1098,BUMP OF CHICKEN,Spica,mid1B,mid2F#,,voice-key.news
1097,BUMP OF CHICKEN,Stage of the ground,mid1D,mid2G#,,voice-key.news
1095,BUMP OF CHICKEN,Title of mine,lowF#,mid2G#,,voice-key.news
1118,BUMP OF CHICKEN,angel fall,lowF,mid2F,mid2G#,voice-key.news
1117,BUMP OF CHICKEN,arrows,mid1B,mid2G#,,voice-key.news
1115,BUMP OF CHICKEN,embrace,mid1A,mid2F#,,voice-key.news
1113,BUMP OF CHICKEN,fire sign,mid1A#,mid2G#,,voice-key.news
1112,BUMP OF CHICKEN,firefly,mid1A#,mid2F#,,voice-key.news
1111,BUMP OF CHICKEN,flyby,mid1B,mid2G#,hiB,voice-key.news
1102,BUMP OF CHICKEN,ray,mid1A#,mid2G,,voice-key.news
1101,BUMP OF CHICKEN,sailing day,mid1A#,mid2G#,,voice-key.news
1096,BUMP OF CHICKEN,supernova,mid1D#,mid2F#,,voice-key.news
1094,BUMP OF CHICKEN,voyager,mid1B,mid2F#,hiB,voice-key.news
1087,BUMP OF CHICKEN,かさぶたぶたぶ,lowF,mid2G,,voice-key.news
1083,BUMP OF CHICKEN,くだらない唄,mid1C#,mid2F#,,voice-key.news
1069,BUMP OF CHICKEN,とっておきの唄,lowG#,mid2G#,,voice-key.news
1067,BUMP OF CHICKEN,なないろ,mid1C#,mid2F#,hiA,voice-key.news
1061,BUMP OF CHICKEN,ひとりごと,mid1A#,mid2G,,voice-key.news
1093,BUMP OF CHICKEN,アカシア,mid1D,mid2G,hiD,voice-key.news
1092,BUMP OF CHICKEN,アリア,mid1A#,mid2F,,voice-key.news
1091,BUMP OF CHICKEN,アルエ,mid1D#,mid2G,,voice-key.news
1090,BUMP OF CHICKEN,アンサー,mid1C#,mid2F#,,voice-key.news
1089,BUMP OF CHICKEN,イノセント,mid1B,mid2F#,,voice-key.news
1088,BUMP OF CHICKEN,オンリー ロンリー グローリー,mid1D#,mid2G#,,voice-key.news
1085,BUMP OF CHICKEN,カルマ,mid1C#,mid2F#,,voice-key.news
1086,BUMP OF CHICKEN,ガラスのブルース,mid1C#,mid2G#,hiA#,voice-key.news
1084,BUMP OF CHICKEN,ギルド,mid1C#,mid2F#,,voice-key.news
1081,BUMP OF CHICKEN,クロノスタシス,mid1C,mid2G,,voice-key.news
1082,BUMP OF CHICKEN,グッドラック,mid1D#,mid2F#,mid2G#,voice-key.news
1080,BUMP OF CHICKEN,グロリアスレボリューション,mid1D#,mid2G#,,voice-key.news
1079,BUMP OF CHICKEN,グングニル,mid1C,mid2G#,,voice-key.news
1078,BUMP OF CHICKEN,コロニー,mid1B,mid2F#,,voice-key.news
1077,BUMP OF CHICKEN,サザンクロス,mid1B,mid2F#,,voice-key.news
1075,BUMP OF CHICKEN,シリウス,mid1D#,mid2F#,,voice-key.news
1076,BUMP OF CHICKEN,ジャングルジム,mid1A#,mid2G,,voice-key.news
1074,BUMP OF CHICKEN,スノースマイル,mid1C#,mid2F#,,voice-key.news
1072,BUMP OF CHICKEN,セントエルモの火,mid1A#,mid2G#,,voice-key.news
1073,BUMP OF CHICKEN,ゼロ,mid1D#,mid2G#,hiC#,voice-key.news
1071,BUMP OF CHICKEN,ダイヤモンド,mid1A#,mid2F#,,voice-key.news
1070,BUMP OF CHICKEN,ダンデライオン,mid1C#,mid2F#,,voice-key.news
1068,BUMP OF CHICKEN,ナイフ,mid1C,mid2G,,voice-key.news
1066,BUMP OF CHICKEN,ノーヒット・ノーラン,lowG#,mid2F#,,voice-key.news
1065,BUMP OF CHICKEN,ハイブリッド レインボウ,mid1C,mid2G,,voice-key.news
1063,BUMP OF CHICKEN,ハルジオン,mid1C#,mid2G#,,voice-key.news
1062,BUMP OF CHICKEN,ハンマーソングと痛みの塔,mid1E,mid2F#,,voice-key.news
1064,BUMP OF CHICKEN,バトルクライ,mid1C#,mid2G#,,voice-key.news
1060,BUMP OF CHICKEN,プラネタリウム,mid1C#,mid2F#,,voice-key.news
1059,BUMP OF CHICKEN,プレゼント,mid1A#,mid2G#,hiA#,voice-key.news
1058,BUMP OF CHICKEN,ベストピクチャー,mid1C#,hiA,hiC#,voice-key.news
1057,BUMP OF CHICKEN,ベル,mid1C#,mid2G#,,voice-key.news
1056,BUMP OF CHICKEN,ベンチとコーヒー,lowD#,mid2F,,voice-key.news
1055,BUMP OF CHICKEN,ホリデイ,mid1A#,mid2G,,voice-key.news
1053,BUMP OF CHICKEN,メロディーフラッグ,lowG#,mid2G#,,voice-key.news
1054,BUMP OF CHICKEN,メーデー,mid1A#,mid2G#,,voice-key.news
1052,BUMP OF CHICKEN,モーターサイクル,mid1C#,mid2F#,,voice-key.news
1051,BUMP OF CHICKEN,ラフメイカー,mid1C#,mid2G#,,voice-key.news
1050,BUMP OF CHICKEN,リトルブレイバー,lowF#,mid2G#,,voice-key.news
1049,BUMP OF CHICKEN,リボン,mid1A#,mid2F#,,voice-key.news
1048,BUMP OF CHICKEN,リリィ,mid1B,mid2G#,,voice-key.news
1047,BUMP OF CHICKEN,レム,mid1C#,mid2F#,,voice-key.news
1046,BUMP OF CHICKEN,ロストマン,lowG#,mid2G#,,voice-key.news
1038,BUMP OF CHICKEN,三星カルテット,mid1B,hiA,,voice-key.news
1035,BUMP OF CHICKEN,乗車券,mid1D#,mid2G#,,voice-key.news
1024,BUMP OF CHICKEN,友達の唄,mid1C#,mid2F#,,voice-key.news
1029,BUMP OF CHICKEN,同じドアをくぐれたら,mid1A#,mid2G#,,voice-key.news
1030,BUMP OF CHICKEN,天体観測,lowG#,mid2G#,,voice-key.news
1031,BUMP OF CHICKEN,太陽,mid1C#,mid2F#,,voice-key.news
1044,BUMP OF CHICKEN,宇宙飛行士の手紙,mid1C#,mid2F#,,voice-key.news
1026,BUMP OF CHICKEN,宝石になった日,mid1C#,mid2F#,,voice-key.news
1039,BUMP OF CHICKEN,才能人応援歌,mid1C#,mid2G#,,voice-key.news
1034,BUMP OF CHICKEN,新世界,mid1C,mid2G,hiC,voice-key.news
1037,BUMP OF CHICKEN,時空かくれんぼ,mid1B,mid2G#,,voice-key.news
1040,BUMP OF CHICKEN,月虹,mid1D,mid2G,mid2G#,voice-key.news
1025,BUMP OF CHICKEN,望遠のマーチ,mid1F#,mid2G#,,voice-key.news
1027,BUMP OF CHICKEN,歩く幽霊,mid1D#,mid2F,,voice-key.news
1023,BUMP OF CHICKEN,流れ星の正体,mid1C#,mid2F#,,voice-key.news
1022,BUMP OF CHICKEN,涙のふるさと,mid1C#,mid2G#,,voice-key.news
1033,BUMP OF CHICKEN,真っ赤な空を見ただろうか,mid1C#,mid2G#,,voice-key.news
1032,BUMP OF CHICKEN,睡眠時間,lowG#,mid2D#,,voice-key.news
1043,BUMP OF CHICKEN,花の名,mid1D#,mid2F#,,voice-key.news
1028,BUMP OF CHICKEN,虹を待つ人,mid1A#,mid2G,,voice-key.news
1042,BUMP OF CHICKEN,記念撮影,mid1D,mid2F#,,voice-key.news
1021,BUMP OF CHICKEN,話がしたいよ,mid1D,mid2G,hiA#,voice-key.news
1036,BUMP OF CHICKEN,車輪の唄,mid1C#,mid2F#,,voice-key.news
1020,BUMP OF CHICKEN,邂逅,lowG#,mid2G#,hiC#,voice-key.news
1041,BUMP OF CHICKEN,銀河鉄道,lowG#,mid2G#,,voice-key.news
1045,BUMP OF CHICKEN,飴玉の唄,mid1B,mid2G#,hiA#,voice-key.news
5023,BURNOUT SYNDROMES,ヒカリアレ,mid1D,mid2G,hiD,vocal-range.com
5867,BURNOUT SYNDROMES,銀世界,mid1F#,mid2G#,hiD#,vocal-range.com
5455,Base Ball Bear,Stairway Generation,mid1F,mid2G,hiA#,vocal-range.com
3923,Benson Boone,Beautiful Things,mid1D,hiD,hiF,vocal-range.com
5692,BiSH,I'm waiting for my dawn,mid2A,hiE,hiD,vocal-range.com
5694,BiSH,My landscape,mid1F,hiD#,,vocal-range.com
5693,BiSH,プロミスザスター,mid1G,hiD,hiF,vocal-range.com
5127,Bialystocks,幸せのまわり道,mid1D#,mid2G,hiG#,vocal-range.com
5449,Bialystocks,灯台,mid1D#,hiB,hihiB,vocal-range.com
6157,Billie Eilish[ビリー・アイリッシュ],bad guy,mid1F#,mid2F,,vocal-range.com
3393,BoA,JEWEL SONG,mid1E,hiC,hiF,voice-key.news
3392,BoA,VALENTI,mid2A,hiC#,hiC#,voice-key.news
3394,BoA,Winter Love,mid1F,hiC,hiF,voice-key.news
3391,BoA,メリクリ,mid1D#,hiD#,hiD#,voice-key.news
4944,B’z,ALONE,mid1C,hiA,,vocal-range.com
5747,B’z,BURN-フメツノフェイス-,mid2A,hiC#,,vocal-range.com
6163,B’z,DEEP KISS,mid1D#,hiG,,vocal-range.com
4307,B’z,Don't Leave Me,mid1E,hiG,,vocal-range.com
4216,B’z,Don't Wanna Lie,mid1F#,hiC,,vocal-range.com
3977,B’z,FMP,mid2A#,hiA#,,vocal-range.com
5708,B’z,F・E・A・R,mid1D,hihiA#,,vocal-range.com
5669,B’z,Happy Birthday,mid1G,hiF,,vocal-range.com
4827,B’z,LADY NAVIGATION,mid1E,hiB,,vocal-range.com
3366,B’z,LOVE PHANTOM,mid1F#,hiB,,voice-key.news
5853,B’z,Liar! Liar!,mid2A#,hiD#,,vocal-range.com
5377,B’z,MR.ROLLING THUNDER,mid1F#,hiC#,,vocal-range.com
3365,B’z,OCEAN,mid1F#,hiB,,voice-key.news
5830,B’z,Pleasure'91 〜人生の快楽〜,mid1E,hiA,,vocal-range.com
5531,B’z,Real Thing Shakes,mid2A,hihiA,,vocal-range.com
4708,B’z,SLEEPLESS,mid1D,hiC,,vocal-range.com
4031,B’z,SPLASH!,mid1G#,hiD#,,vocal-range.com
5258,B’z,STARS,mid2A,hiC#,,vocal-range.com
5425,B’z,YOU & I,mid1F,hiC,,vocal-range.com
3364,B’z,ultra soul,mid1F#,hiC#,,voice-key.news
4599,B’z,『快楽の部屋』,mid1F,hiC,,vocal-range.com
3363,B’z,いつかのメリークリスマス,mid1E,hiA,,voice-key.news
6384,B’z,さまよえる蒼い弾丸,mid2A#,hiA#,,vocal-range.com
3373,B’z,なんという幸せ,mid1F,hiD#,,voice-key.news
3877,B’z,ねがい,mid2A,hiC#,hiA,vocal-range.com
3368,B’z,もう一度キスしたかった,mid1G,mid2G#,,voice-key.news
3362,B’z,イチブトゼンブ,mid1G,hiD,,voice-key.news
4629,B’z,イルミネーション,mid1F#,hiB,,vocal-range.com
3371,B’z,ギリギリchop,mid1G,hiE,,voice-key.news
3375,B’z,コブシヲニギレ,mid2A,hiE,,voice-key.news
6042,B’z,ゴールデンルーキー,mid1F,hiB,,vocal-range.com
4505,B’z,ミダレチル,mid2A,hiC,,vocal-range.com
3367,B’z,今夜月の見える丘に,mid1G,hiB,,voice-key.news
3372,B’z,兵、走る,mid2C,hiC,,voice-key.news
4794,B’z,愛のままにわがままに 僕は君だけを傷つけない,mid2A,hiA,,vocal-range.com
3370,B’z,確かなものは闇の中,mid1F#,mid2F#,,voice-key.news
5504,B’z,衝動,mid1G,hiC,,vocal-range.com
3374,B’z,銀の翼で翔べ,mid1F,hiD#,,voice-key.news
4669,C&K,Y,mid2A,hiD,,vocal-range.com
4670,C&K,みかんハート,mid1A#,hiD#,,vocal-range.com
5765,C&K,ドラマ,mid1A#,hiD#,hiC,vocal-range.com
5437,C&K,愛を浴びて、僕がいる,mid1A#,hiF,hiD#,vocal-range.com
4668,C&K,王様ゲーム,mid1C,hiF,,vocal-range.com
2287,CANDY TUNE,キス・ミー・パティシエ,mid1G#,hiC,,voice-key.news
2290,CANDY TUNE,ナナイロプロローグ,mid2A#,hiD,hiE,voice-key.news
2286,CANDY TUNE,倍倍FIGHT!,mid1G#,hiD,,voice-key.news
2289,CANDY TUNE,君もゾンビですか ゾンビですね,mid2A,hiC,,voice-key.news
2288,CANDY TUNE,必殺あざとポーズ,mid2B,hiD#,,voice-key.news
4704,CHAGE and ASKA,LOVE SONG,mid1F#,hiB,,vocal-range.com
5294,CHAGE and ASKA,On Your Mark,mid1C#,hiA,,vocal-range.com
5292,CHAGE and ASKA,SAY YES,mid1D#,mid2G#,,vocal-range.com
4705,CHAGE and ASKA,YAH YAH YAH,mid1F,hiA#,,vocal-range.com
4221,CHAGE and ASKA,めぐり逢い,mid1E,mid2G,hiA#,vocal-range.com
4608,CHEMISTRY,My Gift to You,mid1A,hiB,hiC,vocal-range.com
4218,CHEMISTRY,PIECES OF A DREAM,mid1D,hiA,hiB,vocal-range.com
2904,CHiCO with HoneyWorks,アイのシナリオ,mid2B,hiE,,voice-key.news
2907,CHiCO with HoneyWorks,ヒカリ証明論,mid1G#,hiE,,voice-key.news
2903,CHiCO with HoneyWorks,プライド革命,mid2B,hiE,,voice-key.news
2905,CHiCO with HoneyWorks,世界は恋に落ちている,mid1G,hiC,hiD,voice-key.news
2906,CHiCO with HoneyWorks,決戦スピリット,mid2A#,hiC,,voice-key.news
2908,CHiCO with HoneyWorks,私、アイドル宣言,mid2C,hiD,,voice-key.news
2634,C&K,へべれけ宣言,mid1E,hiE,,voice-key.news
2631,C&K,ぼくのとなりにいてくれませんか？,mid1B,mid2G#,,voice-key.news
2636,C&K,アイアイのうた〜僕とキミと僕等の日々〜,mid1A,hiD,,voice-key.news
2635,C&K,アサトヒカリ,mid1A#,mid2G#,hiA#,voice-key.news
2639,C&K,キミノ言葉デ,mid1F,hiD,,voice-key.news
2637,C&K,ジェニファー何度もあなたに恋をする,mid1D#,hiF,,voice-key.news
2642,C&K,愛の詩,mid1E,hiC#,,voice-key.news
2640,C&K,空気,mid1B,hiC,,voice-key.news
6033,COLOR CREATION,The Call,mid1A#,hiA#,hiA#,vocal-range.com
2165,CUTIE STREET,daylight,mid2A,hiB,,voice-key.news
4480,CUTIE STREET,かわいいだけじゃだめですか？,mid2B,hiE,hiD#,vocal-range.com
2160,CUTIE STREET,ひたむきシンデレラ！,mid2A,hiD,,voice-key.news
2164,CUTIE STREET,ハッピー世界！,mid2B,hiE,,voice-key.news
2163,CUTIE STREET,ハロハロミライ,mid2B,hiE,,voice-key.news
2161,CUTIE STREET,ラブトレ,mid1F#,hiC#,,voice-key.news
2162,CUTIE STREET,解,mid2A#,hiD,hiD,voice-key.news
4194,Chevon,Banquet,mid1C#,hiG#,hiF#,vocal-range.com
4196,Chevon,サクラループ,mid1E,hiB,hiE,vocal-range.com
4195,Chevon,ダンス・デカダンス,mid1F#,hiB,hiG#,vocal-range.com
3965,Chevon,薄明光線,mid1D,hiB,hihiA,vocal-range.com
5065,Chilli Beans.,lemonade,mid1F#,hiB,hiB,vocal-range.com
5382,Chilli Beans.,rose feat. Vaundy,mid1C,hiC,hiC,vocal-range.com
4738,ClariS,ALIVE,mid2A#,hiC#,,vocal-range.com
2148,ClariS,CLICK,mid2A#,hiC,hiD#,voice-key.news
2146,ClariS,Drawing,mid2A,hiC,hiE,voice-key.news
2156,ClariS,SHIORI,mid2A,hiC#,hiE,voice-key.news
2143,ClariS,STEP,mid2A,hiC,hiD,voice-key.news
2153,ClariS,again,mid2A#,hiD,hiD#,voice-key.news
2157,ClariS,border,mid1G#,hiD,hiD,voice-key.news
2142,ClariS,irony,mid1B,hiC#,hiE,voice-key.news
2152,ClariS,nexus,mid2A#,hiC,hiD#,voice-key.news
2149,ClariS,reunion,mid2A#,hiC,hiD#,voice-key.news
2144,ClariS,ひらひら ひらら,mid1G#,hiD,hiF,voice-key.news
2158,ClariS,アネモネ,mid2A,hiD,,voice-key.news
2154,ClariS,アリシア,mid2A,hiD,,voice-key.news
2140,ClariS,カラフル,mid2A#,hiD#,,voice-key.news
2139,ClariS,コネクト,mid2A#,hiC#,,voice-key.news
2150,ClariS,シグナル,mid2B,hiC#,hiD#,voice-key.news
2141,ClariS,ナイショの話,mid1G#,hiD#,,voice-key.news
2145,ClariS,ヒトリゴト,mid2A#,hiD,,voice-key.news
2155,ClariS,ルミナス,mid2B,hiC#,hiE,voice-key.news
2147,ClariS,君の知らない物語,mid2A,hiD,,voice-key.news
2151,ClariS,桜咲く,mid2A#,hiC#,hiD#,voice-key.news
5619,Cö shu Nie,character,mid1F,hiD,hihiA#,vocal-range.com
4514,Cö shu Nie,SAKURA BURST,mid1G#,hiD,hihiA,vocal-range.com
5618,Cö shu Nie,asphyxia,mid2A,hiD,hiF,vocal-range.com
5620,Cö shu Nie,give it back,mid1G#,hiF#,hihiA,vocal-range.com
4591,Cocco,Raining,mid1G#,hiB,hiC#,vocal-range.com
4325,Conton Candy,ファジーネーブル,mid1F,hiD#,hiD#,vocal-range.com
4326,Conton Candy,ロングスカートは靡いて,mid2A,hiF#,hiE,vocal-range.com
4324,Conton Candy,普通,mid1G#,hiE,hiE,vocal-range.com
1228,Creepy Nuts,2way nice guy,mid1B,hiA,hiA,voice-key.news
1218,Creepy Nuts,Bling-Bang-Bang-Born,mid1A,mid2F#,hiC,voice-key.news
1221,Creepy Nuts,doppelganger,lowE,mid2G#,,voice-key.news
1222,Creepy Nuts,かつて天才だった俺たちへ,mid1G,mid2G,mid2G,voice-key.news
1220,Creepy Nuts,のびしろ,mid1A,hiA,,voice-key.news
1226,Creepy Nuts,よふかしのうた,mid1A#,mid2F,hiA#,voice-key.news
1232,Creepy Nuts,オトナ,mid1B,mid2E,mid2E,voice-key.news
1219,Creepy Nuts,オトノケ,lowG#,mid2G#,,voice-key.news
1231,Creepy Nuts,バレる！,mid1A,mid2F,hiD,voice-key.news
1229,Creepy Nuts,パッと咲いて散って灰に,mid1D,hiA,hiD,voice-key.news
4912,Creepy Nuts,二度寝,mid1D,mid2E,,vocal-range.com
1227,Creepy Nuts,助演男優賞,mid1B,hiA,hiD,voice-key.news
1223,Creepy Nuts,合法的トビ方ノススメ,mid1C,mid2F,hiA#,voice-key.news
1225,Creepy Nuts,堕天,mid1D#,hiA#,hiA#,voice-key.news
1224,Creepy Nuts,新・合法的トビ方ノススメ,mid1C#,mid2F,hiA#,voice-key.news
1230,Creepy Nuts,生業,mid1A,hiA,hiA,voice-key.news
5611,Creepy Nuts × 菅田将暉,サントラ,mid1C#,hiA,hiA,vocal-range.com
4543,Creepy Nuts×Ayase×幾田りら,ばかまじめ,mid1C,hiC,hiF#,vocal-range.com
2734,DA PUMP,Bright! our Future,mid2A,hiA,,voice-key.news
2732,DA PUMP,CORAZON,mid1G,hiA,,voice-key.news
2729,DA PUMP,Crazy Rain,mid2A,hiA,,voice-key.news
2730,DA PUMP,I wonder…,mid1G,hiA,,voice-key.news
2727,DA PUMP,Joyful,mid1E,hiA,,voice-key.news
2728,DA PUMP,Purple The Orion,mid1E,hiA,,voice-key.news
2731,DA PUMP,Stay Together,mid2A,hiA#,,voice-key.news
2733,DA PUMP,Stay with me,mid1F#,hiB,,voice-key.news
5272,DA PUMP,U.S.A.,mid2B,hiB,,vocal-range.com
2724,DA PUMP,if…,mid1G#,hiA,,voice-key.news
2726,DA PUMP,桜,mid1F,hiA#,,voice-key.news
2735,DA PUMP,轍-WADACHI-,mid1D,hiC,,voice-key.news
5923,DAOKO×米津玄師,打上花火,mid1F#,hiD#,,vocal-range.com
4753,DECO*27,ゴーストルール,mid2A,,,vocal-range.com
4576,DECO*27,パラサイト feat. 初音ミク,mid2B,,,vocal-range.com
4172,DECO*27,モニタリング,mid2A,,,vocal-range.com
2913,DEEN,このまま君だけを奪い去りたい,mid1D#,mid2G#,,voice-key.news
2914,DEEN,ひとりじゃない,mid1D#,mid2G#,,voice-key.news
5303,DEEN,君がいない夏,mid1F,mid2G,,vocal-range.com
2915,DEEN,瞳そらさないで,mid1D#,hiA,,voice-key.news
2925,DEEP,SORA〜この声が届くまで〜,mid1E,hiB,hiB,voice-key.news
6243,DEEP,君じゃない誰かなんて〜Tejina〜,mid1E,mid2G#,hiB,vocal-range.com
2924,DEEP,夜風,mid1C,hiA,hiB,voice-key.news
2923,DEEP,白いマフラー,mid1B,hiA,hiB,voice-key.news
5014,DIR EN GREY,DOZING GREEN,lowG#,hiE,,vocal-range.com
5013,DIR EN GREY,Followers,mid1D,hiG,,vocal-range.com
4086,DIR EN GREY,LOTUS,lowF#,hiF#,hiD,vocal-range.com
5012,DIR EN GREY,Un deux,mid1C,hiE,,vocal-range.com
2836,DISH//,FLAME,mid1F,mid2G#,,voice-key.news
2834,DISH//,I Can Hear,mid1D,mid2G,,voice-key.news
2838,DISH//,JUMPer,mid1G#,hiA#,,voice-key.news
3888,DISH//,Replay,mid1D#,mid2G#,,vocal-range.com
2833,DISH//,Shape of Love,mid1B,mid2G#,hiC,voice-key.news
2835,DISH//,Starting Over,mid1D#,hiC,hiC,voice-key.news
5489,DISH//,ありのまんまが愛しい君へ,mid1C#,hiA,,vocal-range.com
4674,DISH//,しわくちゃな雲を抱いて,mid1B,hiA#,,vocal-range.com
2832,DISH//,へんてこ,mid1F#,hiB,,voice-key.news
3950,DISH//,プランA,mid1C#,hiA,,vocal-range.com
2830,DISH//,僕たちがやりました,mid1D#,hiA,,voice-key.news
2831,DISH//,勝手にMY SOUL,mid1E,hiA,,voice-key.news
3889,DISH//,沈丁花,mid1D#,hiA,,vocal-range.com
2829,DISH//,猫,mid1C,hiA#,,voice-key.news
2837,DISH//,理由のない恋,mid1B,hiA,,voice-key.news
2852,DOES,KNOW KNOW KNOW,mid1E,mid2G#,,voice-key.news
2846,DOES,バクチ・ダンサー,mid1D,mid2E,,voice-key.news
2845,DOES,修羅,mid1F#,mid2F#,,voice-key.news
2850,DOES,僕たちの季節,mid1C#,mid2F,,voice-key.news
2851,DOES,夢見る世界,mid1C#,mid2E,,voice-key.news
2848,DOES,晴天,mid1F,mid2F,,voice-key.news
2847,DOES,曇天,mid1C,mid2F,,voice-key.news
2849,DOES,紅蓮,mid1D#,mid2F#,,voice-key.news
2853,DOES,道楽心情,mid1D#,mid2F,,voice-key.news
2843,DREAMS COME TRUE,LOVE LOVE LOVE,mid1G#,hiB,,voice-key.news
5513,DREAMS COME TRUE,あなたにサラダ,mid1F,hiC,,vocal-range.com
5251,DREAMS COME TRUE,うれしい!たのしい!大好き!,mid2A#,hiD#,,vocal-range.com
2841,DREAMS COME TRUE,やさしいキスをして,mid1G,hiD,,voice-key.news
2842,DREAMS COME TRUE,何度でも,mid2B,hiE,,voice-key.news
2839,DREAMS COME TRUE,大阪LOVER,mid2C#,hiD,,voice-key.news
4919,DREAMS COME TRUE,晴れたらいいね,mid1G,hiD,,vocal-range.com
5162,DREAMS COME TRUE,朝がまた来る,mid1F#,hiG,hiF,vocal-range.com
2840,DREAMS COME TRUE,未来予想図Ⅱ,mid1F#,hiC#,,voice-key.news
2844,DREAMS COME TRUE,決戦は金曜日,mid1G,hiF#,,voice-key.news
2825,Da-iCE,BACK TO BACK,mid1G,hiC,,voice-key.news
2818,Da-iCE,CITRUS,mid1F,hiD,hiD,voice-key.news
2820,Da-iCE,DREAMIN' ON,mid1F,hiC,hiD,voice-key.news
2824,Da-iCE,FAKE ME FAKE ME OUT,mid1D,hiB,hiD,voice-key.news
4913,Da-iCE,I wonder,mid1A#,hiB,hiD#,vocal-range.com
2822,Da-iCE,Love Song,mid1E,mid2F#,hiD,voice-key.news
2819,Da-iCE,スターマイン,mid1C#,hiD#,hiD#,voice-key.news
4951,Da-iCE,ダンデライオン,mid1E,hiD#,hiD,vocal-range.com
4089,Da-iCE,ノンフィクションズ,mid1D#,hiC#,hiD,vocal-range.com
4952,Da-iCE,ハイボールブギ,mid1D,hiC,hiD,vocal-range.com
2827,Da-iCE,パラダイブ,mid1F#,hiC,,voice-key.news
2828,Da-iCE,一生のお願い,mid1C#,hiA#,hiC#,voice-key.news
2823,Da-iCE,君色,mid1E,hiB,hiB,voice-key.news
2821,Da-iCE,恋ごころ,mid1F,hiA#,,voice-key.news
2826,Da-iCE,着れないままのコート,mid1F,mid2G#,hiA#,voice-key.news
5561,DaizyStripper,幻想は憧れた日々に映る現実,mid1F#,hiE,,vocal-range.com
3973,DeNeel,導火,mid1D#,hiC,,vocal-range.com
6269,Do As Infinity,陽のあたる坂道,mid2A#,hiC#,,vocal-range.com
4796,Dragon Ash,Fantasista,mid1D,mid2G,,vocal-range.com
5029,Dragon Ash,crush the window,mid1G,mid2F,,vocal-range.com
1692,EGOIST,All Alone With You,mid1F#,hiD,hiE,voice-key.news
1684,EGOIST,Departures〜あなたにおくるアイの歌〜,mid2A,hiB,hiG#,voice-key.news
1690,EGOIST,Last Song,,hiD,hiF,voice-key.news
1683,EGOIST,The Everlasting Guilty Crown,mid2A,hiB,hiC#,voice-key.news
1687,EGOIST,エウテルペ,mid1G,hiC#,,voice-key.news
1685,EGOIST,名前のない怪物,mid2A#,hiB,hiG,voice-key.news
1689,EGOIST,想いを巡らす100の事象,mid2A,hiB,,voice-key.news
1691,EGOIST,永遠,,hiC,hiD#,voice-key.news
1686,EGOIST,英雄 運命の詩,mid1F#,hiE,hiG,voice-key.news
1688,EGOIST,雨、キミを連れて,mid1G,hiC,,voice-key.news
4104,ELLEGARDEN,Make A Wish,mid1E,hiA,,vocal-range.com
5446,ELLEGARDEN,Missing,mid1D,hiA,,vocal-range.com
4717,ELLEGARDEN,Mountain Top,mid1D,mid2G,,vocal-range.com
5581,ELLEGARDEN,Salamander,mid1D,hiA,hiC,vocal-range.com
4047,ELLEGARDEN,Space Sonic,mid1D,hiA,,vocal-range.com
4046,ELLEGARDEN,カーマイン,mid1E,hiB,hiB,vocal-range.com
4681,ELLEGARDEN,ジターバグ,mid1G#,hiB,,vocal-range.com
4105,ELLEGARDEN,ロストワールド,mid1G#,hiA,,vocal-range.com
5198,ELLEGARDEN,高架線,mid1A,hiA,,vocal-range.com
1769,ET-KING,さよならまたな,mid1G#,mid2G#,,voice-key.news
1773,ET-KING,ふたりの歌,mid1C,hiA,,voice-key.news
1765,ET-KING,ギフト,mid1G#,mid2G#,,voice-key.news
1770,ET-KING,サクラサク,mid1C#,hiA#,,voice-key.news
1771,ET-KING,凸凹,mid1G,mid2G,,voice-key.news
1768,ET-KING,君想う花,mid1E,mid2G#,,voice-key.news
1766,ET-KING,愛しい人へ,mid1F,mid2F,,voice-key.news
1767,ET-KING,新恋愛,mid1B,hiA,,voice-key.news
1774,ET-KING,男の主題歌,mid1F#,hiB,,voice-key.news
1772,ET-KING,約束,mid1C,hiA,,voice-key.news
5528,Ed Sheeran & Justin Bieber,I Don't Care,mid1C#,mid2F#,hiC#,vocal-range.com
4806,Ed Sheeran[エド・シーラン],Celestial,mid1A,hiA,,vocal-range.com
540,Eve,LEO,lowG#,hiB,hiC#,voice-key.news
541,Eve,sister,mid1B,mid2G,hiB,voice-key.news
6259,Eve,あの娘シークレット,mid1D,hiB,hiB,vocal-range.com
543,Eve,いのちの食べ方,lowF#,hiC,hiC#,voice-key.news
531,Eve,お気に召すまま,lowG#,hiA,,voice-key.news
4277,Eve,ぼくらの,lowG#,hiA#,hiC#,vocal-range.com
533,Eve,やどりぎ,lowG,hiA,,voice-key.news
545,Eve,アウトサイダー,lowF#,hiB,hiC#,voice-key.news
4551,Eve,アヴァン,lowF#,hiA#,hiF#,vocal-range.com
4276,Eve,インソムニア,lowF,hiC,hiF,vocal-range.com
546,Eve,キャラバン,mid1A#,hiA#,,voice-key.news
4278,Eve,スイートメモリー,mid1A,hiA#,hiB,vocal-range.com
4279,Eve,ティーンエイジブルー,mid1A,hiA,hiD,vocal-range.com
547,Eve,デーモンダンストーキョー,lowF,hiA#,hiC,voice-key.news
5452,Eve,トーキョーゲットー,mid1A,hiB,hiD,vocal-range.com
527,Eve,ドラマツルギー,lowG#,hiB,hiC#,voice-key.news
528,Eve,ナンセンス文学,mid1A,hiA#,hiB,voice-key.news
542,Eve,バウムクーヘンエンド,lowF#,hiB,,voice-key.news
5505,Eve,ファイトソング,lowF#,hiA#,hiF,vocal-range.com
548,Eve,メルファクトリー,mid1E,mid2F#,hiC#,voice-key.news
529,Eve,ラストダンス,lowG#,hiB,,voice-key.news
536,Eve,レーゾンデートル,mid1A,hiC,hiD,voice-key.news
530,Eve,僕らまだアンダーグラウンド,mid1A,hiB,hiD,voice-key.news
3957,Eve,冒険録,lowF,hiA#,hiC,vocal-range.com
534,Eve,君に世界,mid1A#,hiB,hiB,voice-key.news
6388,Eve,夜は仄か,lowD#,hiA#,hiD#,vocal-range.com
544,Eve,廻廻奇譚,lowF,hiA#,hiD,voice-key.news
538,Eve,心予報,lowG,hiB,hiE,voice-key.news
4917,Eve,暴徒,lowF#,hiB,hiD#,vocal-range.com
537,Eve,白銀,mid1A,hiB,hiD,voice-key.news
5509,Eve,白雪,lowG#,hiA#,hiC,vocal-range.com
5361,Eve,群青讃歌,lowG,hiA#,hiD#,vocal-range.com
4280,Eve,花嵐,mid1B,hiA,hiE,vocal-range.com
5753,Eve,蒼のワルツ,lowG#,hiA#,hiF,vocal-range.com
5359,Eve,藍才,lowG#,hiA#,hiC#,vocal-range.com
539,Eve,虚の記憶,mid1A,hiB,hiC#,voice-key.news
532,Eve,迷い子,lowG#,hiB,hiB,voice-key.news
5358,Eve,遊生夢死,mid1B,hiA,hiD,vocal-range.com
535,Eve,闇夜,mid1A,hiA,hiB,voice-key.news
6337,Eve × suis from ヨルシカ,平行線,lowG#,hiA#,hiC,vocal-range.com
4040,Every Little Thing,Grip!,mid1G,hiD,,vocal-range.com
4041,Every Little Thing,Time goes by,mid2C,hiC#,,vocal-range.com
4042,Every Little Thing,fragile,mid2C,hiC,,vocal-range.com
4654,FIELD OF VIEW,DAN DAN 心魅かれてく,lowG#,hiA,,vocal-range.com
6286,FINLANDS,恋の前,mid1F,hiD#,hihiB,vocal-range.com
5329,FLOW,DAYS,mid1F#,mid2G#,,vocal-range.com
5328,FLOW,GO!!!,mid1G#,mid2G#,,vocal-range.com
4706,FLOW,Sign,mid1C#,hiA,,vocal-range.com
3396,FOMARE,Grey,mid1D#,hiA#,,voice-key.news
3399,FOMARE,Lani,mid1G#,hiA#,,voice-key.news
3398,FOMARE,夢から覚めても,mid1F,hiA#,,voice-key.news
3395,FOMARE,愛する人,mid1F#,hiB,hiB,voice-key.news
3397,FOMARE,長い髪,mid1G,hiB,hiC,voice-key.news
3402,FRUITS ZIPPER,NEW KAWAII,mid2A,hiD#,hiF#,voice-key.news
3401,FRUITS ZIPPER,かがみ,mid1G,hiE,hiE,voice-key.news
3400,FRUITS ZIPPER,わたしの一番かわいいところ,mid1G,hiC#,hiC#,voice-key.news
3403,FRUITS ZIPPER,フルーツバスケット,mid1G,hiC,hiE,voice-key.news
3404,FRUITS ZIPPER,完璧主義で☆,mid2A,hiC#,hiD,voice-key.news
3295,FUNKY MONKEY BABYS,LOVE SONG,mid1D,mid2G#,,voice-key.news
3288,FUNKY MONKEY BABYS,あとひとつ,mid1D,hiA,,voice-key.news
3292,FUNKY MONKEY BABYS,ありがとう,mid1E,hiA,,voice-key.news
3290,FUNKY MONKEY BABYS,それでも信じてる,mid1E,hiA,,voice-key.news
3293,FUNKY MONKEY BABYS,サヨナラじゃない,mid1G#,mid2G#,,voice-key.news
3294,FUNKY MONKEY BABYS,ヒーロー,mid1G,mid2G,,voice-key.news
3298,FUNKY MONKEY BABYS,ラブレター,mid1D#,mid2G#,,voice-key.news
3300,FUNKY MONKEY BABYS,ランウェイ☆ビート,mid1E,hiA,,voice-key.news
3302,FUNKY MONKEY BABYS,八王子純愛物語,mid1G,mid2G,,voice-key.news
3299,FUNKY MONKEY BABYS,夢,mid1G,hiA,,voice-key.news
3301,FUNKY MONKEY BABYS,希望の唄,mid1G#,mid2G#,,voice-key.news
3297,FUNKY MONKEY BABYS,悲しみなんて笑い飛ばせ,mid1F,mid2G,,voice-key.news
3289,FUNKY MONKEY BABYS,涙,mid1G,mid2G#,,voice-key.news
3296,FUNKY MONKEY BABYS,虹の架け橋,mid1E,mid2G#,,voice-key.news
5519,FUNKY MONKEY BABYS,告白,mid1G,hiA#,,vocal-range.com
4699,FantasticYouth,小喋日和,mid2C#,hiD#,hiF#,vocal-range.com
4248,First Place,さだめ,mid1D,hiA,hiC,vocal-range.com
5983,Fischer’s[フィッシャーズ],葛飾ラプソディー,mid1F,mid2G#,hiA,vocal-range.com
5567,Foorin,パプリカ,mid2A,hiD#,,vocal-range.com
4220,GACKT,サクラ、散ル・・・,mid1A#,hiA#,,vocal-range.com
4858,GALNERYUS,RAISE MY SWORD,mid1F,hiD#,,vocal-range.com
4990,GARNET CROW,Mysterious Eyes,mid2A,hiC#,,vocal-range.com
5185,GARNET CROW,夏の幻,mid1F#,hiB,hiE,vocal-range.com
5184,GARNET CROW,夢みたあとで,mid1F#,hiD#,hiD,vocal-range.com
4930,GARNET CROW,晴れ時計,mid1G#,hiB,,vocal-range.com
5183,GARNET CROW,涙のイエスタデー,mid1G,hiD,,vocal-range.com
4881,GEMN,ファタール,lowF,hiA#,hiC,vocal-range.com
2062,GLAY,100万回のKISS,mid1E,hiB,,voice-key.news
4957,GLAY,BEAUTIFUL DREAMER,mid1D,hiB,,vocal-range.com
2051,GLAY,BELOVED,mid1D,hiA#,,voice-key.news
2056,GLAY,Blue Jean,mid1B,hiB,,voice-key.news
2054,GLAY,Freeze My Love,mid1F#,mid2F#,,voice-key.news
2040,GLAY,HOWEVER,mid1E,hiD,,voice-key.news
2043,GLAY,LOVE SLAVE,mid1G,hiD,hiD,voice-key.news
2053,GLAY,Life ～遠い空の下で～,mid1F#,hiA,,voice-key.news
6306,GLAY,Missing You,mid1G,hiC,,vocal-range.com
2044,GLAY,RAIN,mid1C#,hiC#,,voice-key.news
2036,GLAY,SOUL LOVE,mid1D#,hiC#,,voice-key.news
4843,GLAY,SPECIAL THANKS,mid1G,hiC,,vocal-range.com
2063,GLAY,VERB,mid1E,hiC,,voice-key.news
6047,GLAY,Will Be King,mid1A,hiB,,vocal-range.com
5208,GLAY,"Winter, again",mid1F#,hiD,,vocal-range.com
4510,GLAY,a Boy〜ずっと忘れない〜,mid1D,hiC,,vocal-range.com
2059,GLAY,あなたといきてゆく,mid1B,hiA,hiD,voice-key.news
2048,GLAY,ここではない、どこかへ,mid1E,hiA#,,voice-key.news
2035,GLAY,ずっと二人で…,mid1C#,hiB,,voice-key.news
4905,GLAY,とまどい,mid1F,hiA#,hiC#,vocal-range.com
2057,GLAY,はじまりのうた,mid1E,hiA,,voice-key.news
2049,GLAY,カーテンコール,mid1A,hiB,,voice-key.news
2032,GLAY,グロリアス,mid1C,hiA#,,voice-key.news
5207,GLAY,サバイバル,mid1E,hiB,,vocal-range.com
3970,GLAY,ビリビリクラッシュメン,mid1G,hiC,,vocal-range.com
2052,GLAY,ホワイトロード,mid1B,hiC#,,voice-key.news
2061,GLAY,冬の遊歩道,mid1B,hiA#,,voice-key.news
2037,GLAY,口唇,mid1G,hiB,,voice-key.news
2038,GLAY,夏音,lowG,hiA,,voice-key.news
2034,GLAY,嫉妬,mid1D,hiB,,voice-key.news
4337,GLAY,彼女の“Modern…”,mid1B,hiA,,vocal-range.com
2060,GLAY,彼女はゾンビ,mid1D,mid2F#,,voice-key.news
2039,GLAY,春を愛する人,mid1D,hiA#,,voice-key.news
2058,GLAY,時の雫,mid1F#,hiA#,,voice-key.news
2030,GLAY,生きがい,mid1D,hiC,hiC,voice-key.news
2046,GLAY,百花繚乱,mid1F#,hiA,,voice-key.news
2041,GLAY,真夏の扉,mid1F#,hiA,,voice-key.news
2042,GLAY,誘惑,mid1F,hiA,,voice-key.news
2047,GLAY,誰かの為に生きる,mid1B,hiA,,voice-key.news
2045,GLAY,逢いたい気持ち,mid1A,hiB,,voice-key.news
2055,GLAY,都忘れ,mid1C#,mid2G#,,voice-key.news
2033,GLAY,鼓動,mid1E,hiA#,,voice-key.news
6044,GLIM SPANKY,美しい棘,mid1E,hiE,,vocal-range.com
4355,GO!GO!7188,こいのうた,mid2A,hiC,,vocal-range.com
6112,GRANRODEO,Can Do,mid1E,hiC#,,vocal-range.com
6027,GRANRODEO,セツナの愛,mid1G,hiD,hiD,vocal-range.com
669,GReeeeN,11,mid1E,hiB,,voice-key.news
630,GReeeeN,BE FREE,lowG#,hiA#,mid2G#,voice-key.news
636,GReeeeN,BEST FRIEND,mid1F,hiB,,voice-key.news
606,GReeeeN,Green boys,mid1E,hiC#,,voice-key.news
628,GReeeeN,HEROES,lowF#,hiD,,voice-key.news
672,GReeeeN,KARAKARA,lowG,hiG,,voice-key.news
668,GReeeeN,OH!!!! 迷惑!!!!,lowG#,hiE,,voice-key.news
645,GReeeeN,PHANTOM〜約束〜,mid1C#,hiD#,,voice-key.news
666,GReeeeN,SAKAMOTO,mid1E,mid2F#,,voice-key.news
656,GReeeeN,STORY,mid1D,mid2G,,voice-key.news
611,GReeeeN,U R not alone,mid1D#,hiC,,voice-key.news
657,GReeeeN,beautiful days,mid1C,hiC#,,voice-key.news
635,GReeeeN,pride,mid1C#,hiC#,,voice-key.news
608,GReeeeN,あいうえおんがく,mid1G,hiB,,voice-key.news
597,GReeeeN,あの日のオレンジ,lowG#,hiC,,voice-key.news
663,GReeeeN,ありがとうなんて言わなくても全部分かってるんだ,mid2B,hiC#,,voice-key.news
600,GReeeeN,いつまでも,lowF#,hiC,hiA#,voice-key.news
664,GReeeeN,いつもいつでも,mid2A,hiD,,voice-key.news
601,GReeeeN,おまじない,mid1G,hiA#,hiA#,voice-key.news
641,GReeeeN,またね。,mid1G,hiA,hiD,voice-key.news
594,GReeeeN,アイノカタチ,mid1A,mid2F,,voice-key.news
609,GReeeeN,アカリ,mid1A#,hiC,,voice-key.news
634,GReeeeN,アメアガリ,mid1A,hiC,,voice-key.news
599,GReeeeN,イカロス,mid1C,hiD,,voice-key.news
603,GReeeeN,オレンジ,mid1A,hiC#,hiA,voice-key.news
655,GReeeeN,カワリバンコハンブンコ,mid1B,hiC#,,voice-key.news
590,GReeeeN,キセキ,mid1G,hiA#,,voice-key.news
644,GReeeeN,キミマツ,mid1C,hiC,,voice-key.news
621,GReeeeN,サヨナラ ありがとう,lowG,hiE,,voice-key.news
620,GReeeeN,サヨナラから始めよう,lowG#,hiA#,,voice-key.news
654,GReeeeN,ソビト,lowG,hiC,hiA,voice-key.news
616,GReeeeN,ソラシド,lowG#,hiC,,voice-key.news
631,GReeeeN,ノスタルジア,mid1C#,hiC#,hiC#,voice-key.news
614,GReeeeN,ビリーヴ,mid1A#,hiD,,voice-key.news
604,GReeeeN,フタリ,lowG#,hiC,,voice-key.news
593,GReeeeN,ボクたちの電光石火,mid1E,hiC#,,voice-key.news
643,GReeeeN,ミセナイナミダハ、きっといつか,lowF#,hiA#,,voice-key.news
646,GReeeeN,ミドリイロ,mid1A#,hiD#,hiA#,voice-key.news
661,GReeeeN,ユメノート,mid1A,hiC#,,voice-key.news
658,GReeeeN,一番星,lowG,hiC,,voice-key.news
651,GReeeeN,両親への手紙,mid1A,hiD,,voice-key.news
629,GReeeeN,人,lowF,hiB,,voice-key.news
639,GReeeeN,僕らの物語,mid1B,hiC#,,voice-key.news
640,GReeeeN,僕らは物語,lowG#,hiD#,,voice-key.news
659,GReeeeN,光,mid1F#,hiB,,voice-key.news
633,GReeeeN,冬のある日の唄,lowG,hiB,,voice-key.news
637,GReeeeN,勝ちドキ,mid1D,hiC#,,voice-key.news
615,GReeeeN,卒業の唄〜アリガトウは何度も言わせて〜,lowF#,hiD#,hiC#,voice-key.news
662,GReeeeN,口笛,mid1C#,hiB,,voice-key.news
610,GReeeeN,君想い,lowF#,hiA,,voice-key.news
670,GReeeeN,声,mid1A,hiA,,voice-key.news
671,GReeeeN,声 〜koe2018〜,lowF#,hiA,,voice-key.news
623,GReeeeN,夏の音,mid1B,hiC#,,voice-key.news
4621,GReeeeN,始まりの唄,mid1A,hiC,,vocal-range.com
652,GReeeeN,子犬,mid1D,hiD,,voice-key.news
596,GReeeeN,忍,mid1A#,hiD#,,voice-key.news
613,GReeeeN,恋,mid1B,hiC#,,voice-key.news
5606,GReeeeN,恋文～ラブレター～,mid1A,hiC#,,vocal-range.com
589,GReeeeN,愛し君へ,mid1C#,hiC#,,voice-key.news
588,GReeeeN,愛唄,mid1D#,hiC,,voice-key.news
622,GReeeeN,扉,mid1C#,hiC,,voice-key.news
619,GReeeeN,手紙〜君たちへ〜,mid1C#,mid2F#,,voice-key.news
618,GReeeeN,旅立ち,mid1F#,mid2G#,,voice-key.news
638,GReeeeN,星の降る夜に,lowF#,hiC#,hiC#,voice-key.news
591,GReeeeN,星影のエール,mid1C,hiC,hiC,voice-key.news
627,GReeeeN,春を待ちわびて,mid1B,hiC,,voice-key.news
653,GReeeeN,暁の君に,mid1D,hiE,,voice-key.news
642,GReeeeN,未完成ing,mid1A,hiE,,voice-key.news
607,GReeeeN,桜color,mid1C#,hiD#,,voice-key.news
595,GReeeeN,歩み,mid1G,hiB,,voice-key.news
624,GReeeeN,涙空,mid1A#,hiC,,voice-key.news
632,GReeeeN,父母唄,mid1D,mid2E,,voice-key.news
592,GReeeeN,相思相愛,mid1B,hiC#,mid2G#,voice-key.news
617,GReeeeN,空への手紙,mid1D#,hiB,,voice-key.news
667,GReeeeN,約束×No title,mid2A,hiB,hiE,voice-key.news
625,GReeeeN,花唄,mid1E,hiA,,voice-key.news
5794,GReeeeN,蕾,lowG#,hiD#,,vocal-range.com
602,GReeeeN,虹,mid1B,hiC#,,voice-key.news
650,GReeeeN,街,lowG,mid2G,,voice-key.news
665,GReeeeN,贈る言葉,mid1D#,hiC#,,voice-key.news
647,GReeeeN,道,mid1F,mid2G#,,voice-key.news
660,GReeeeN,遠くの空 指差すんだ,mid1C#,hiA#,,voice-key.news
626,GReeeeN,遥か,mid1A,hiC#,,voice-key.news
598,GReeeeN,雨唄,mid1A,hiC,,voice-key.news
648,GReeeeN,雪の音,mid1A,hiC,,voice-key.news
605,GReeeeN,風,mid1F,hiC,,voice-key.news
4837,GReeeeN,刹那,mid1E,hiA,hiA,vocal-range.com
4203,GReeeeN,あいうえおんがく♬,mid1G,hiB,,vocal-range.com
5417,GUMI[Kanaria],KING,mid1G,hiG,,vocal-range.com
2306,GACKT,12月のLove song,mid1A#,mid2G#,,voice-key.news
2301,GACKT,Journey through the Decade,mid1A#,mid2F#,,voice-key.news
2305,GACKT,Last Song,mid1B,hiA,hiA,voice-key.news
2302,GACKT,Vanilla,lowC,mid2G#,hiD,voice-key.news
2307,GACKT,サクラ、散ル…,mid1A#,hiA#,,voice-key.news
2303,GACKT,君にあいたくて,mid1C#,mid2F#,,voice-key.news
2304,GACKT,忘れないから,mid1C#,mid2F#,hiB,voice-key.news
2105,Galileo Galilei,18,mid1E,hiA,,voice-key.news
2100,Galileo Galilei,さよならフロンティア,mid1A#,hiA#,,voice-key.news
2098,Galileo Galilei,クライマー,mid1D,hiA,,voice-key.news
2097,Galileo Galilei,ゴースト/Ghost,mid1A#,mid2F#,,voice-key.news
2093,Galileo Galilei,サークルゲーム,mid1C,mid2F#,,voice-key.news
2099,Galileo Galilei,ハマナスの花,mid1D,hiA,,voice-key.news
2101,Galileo Galilei,ハローグッバイ,mid1D,mid2G,,voice-key.news
2095,Galileo Galilei,僕から君へ,mid1D,mid2G#,,voice-key.news
2091,Galileo Galilei,夏空,mid1D,mid2G,hiB,voice-key.news
2104,Galileo Galilei,夢に唄えば,mid1B,mid2E,,voice-key.news
2094,Galileo Galilei,恋の寿命,mid1C#,hiA#,,voice-key.news
2092,Galileo Galilei,明日へ,mid2A,hiA,,voice-key.news
2103,Galileo Galilei,星を落とす,mid1B,hiC#,,voice-key.news
2096,Galileo Galilei,車輪の軸,mid1E,hiA,,voice-key.news
2090,Galileo Galilei,青い栞,mid1E,hiA,,voice-key.news
2102,Galileo Galilei,風のあとで,mid1E,hiA,,voice-key.news
5200,H Jungle with t,WOW WAR TONIGHT,mid1F,hiA,,vocal-range.com
4422,H2O,想い出がいっぱい,mid1E,mid2G,,vocal-range.com
4002,HALVES,嫌々,lowG#,,,vocal-range.com
4014,HANA,Blue Jeans,mid1E,hiA,hiA,vocal-range.com
4012,HANA,Burning Flower,mid1F#,hiG,,vocal-range.com
3905,HANA,Cold Night,mid2A,hiD,,vocal-range.com
4013,HANA,ROSE,mid1E,hiF,hiF,vocal-range.com
4477,HEY-SMITH,Be The One,mid2B,hiC,,vocal-range.com
5148,HEY-SMITH,Dandadan,mid2A,hiC,,vocal-range.com
5147,HEY-SMITH,Say My Name,mid2E,hiD,,vocal-range.com
4697,HIKAKIN & SEIKIN,FIRE,mid1C#,mid2G#,,vocal-range.com
4696,HIKAKIN & SEIKIN,YouTubeテーマソング,mid1D,mid2D#,,vocal-range.com
5841,HIMARI feat. せいや,愛で溢れたい,mid2B,hiC#,hiE,vocal-range.com
4133,HIMEHINA,愛包ダンスホール,mid1G#,hiE,hiG#,vocal-range.com
4018,HUNTR/X,Golden,mid1D,hihiA,hiE,vocal-range.com
1670,HY,366日,mid1F,hiD#,hiG#,voice-key.news
1676,HY,AM11:00,mid1E,hiC#,hiE,voice-key.news
1672,HY,NAO,mid1G#,hiB,hiD,voice-key.news
1674,HY,Song for…,mid1C#,hiC#,hiC#,voice-key.news
1671,HY,あなた,mid1F,hiA#,hiD,voice-key.news
1681,HY,あなたを想う風,mid1F,hiC,hiF,voice-key.news
1678,HY,いちばん近くに,lowG#,hiC,hiD#,voice-key.news
1682,HY,この物語,mid1D,mid2G#,,voice-key.news
1680,HY,ささくれ,mid1A,mid2G,,voice-key.news
1675,HY,てがみ,mid1E,mid2F#,hiA,voice-key.news
1673,HY,ホワイトビーチ,mid1G,hiE,hiC,voice-key.news
1677,HY,モノクロ,mid1A,hiB,hiD,voice-key.news
4351,HY,恋をして,mid1C,hiD,hiD,vocal-range.com
1679,HY,降福丸,mid1D,hiA,,voice-key.news
4833,HYDE,監獄ROCK,mid2A,hiC#,,vocal-range.com
4528,Hakubi,午前4時、SNS,mid1G,hiF,,vocal-range.com
5379,Harry Styles,Sign of the Times,mid2C,hiC,hiC,vocal-range.com
5480,Hi-STANDARD,MY FIRST KISS,mid2A,hiB,,vocal-range.com
4111,Hi-STANDARD,Stay Gold,mid1F#,mid2G#,,vocal-range.com
3234,Hilcrhyme,BOYHOOD,mid1C#,mid2F#,,voice-key.news
3208,Hilcrhyme,Be ZERO,mid1D,mid2F#,,voice-key.news
3232,Hilcrhyme,LAMP LIGHT,mid1C,mid2G,hiA,voice-key.news
3214,Hilcrhyme,Lost love song,mid1D#,mid2F#,,voice-key.news
3226,Hilcrhyme,Lost love song【Ⅱ】,mid1C,mid2F,,voice-key.news
3228,Hilcrhyme,My Place,mid1A#,mid2G,,voice-key.news
3230,Hilcrhyme,Shampoo,mid1C,mid2F,,voice-key.news
3231,Hilcrhyme,Welcome Back,lowG,mid2G,,voice-key.news
3225,Hilcrhyme,YUKIDOKE,mid1B,mid2G#,,voice-key.news
3211,Hilcrhyme,もうバイバイ,mid1D#,mid2G,,voice-key.news
3217,Hilcrhyme,アイセイ,mid1C#,mid2G#,,voice-key.news
3218,Hilcrhyme,アタリマエ,lowG#,mid2G#,,voice-key.news
3205,Hilcrhyme,アフターストーリー,mid1A,mid2G,mid2G,voice-key.news
3220,Hilcrhyme,エール,mid1D#,mid2G#,,voice-key.news
3222,Hilcrhyme,ジグソーパズル,mid1E,mid2F#,,voice-key.news
3235,Hilcrhyme,トラヴェルマシン,mid1A#,mid2F#,,voice-key.news
3215,Hilcrhyme,ヨリドコロ,,mid2G,,voice-key.news
3207,Hilcrhyme,ルーズリーフ,mid1C,mid2F,mid2G,voice-key.news
3223,Hilcrhyme,事実愛 feat.仲宗根泉(HY),mid1A#,hiA#,,voice-key.news
3224,Hilcrhyme,光,mid1D,mid2F,,voice-key.news
3206,Hilcrhyme,内容のない手紙,mid1C#,mid2F#,,voice-key.news
3209,Hilcrhyme,友よ,mid1C#,mid2G#,,voice-key.news
3203,Hilcrhyme,大丈夫,mid1D#,mid2F#,,voice-key.news
3221,Hilcrhyme,恋の炎,mid1C,mid2F,mid2G,voice-key.news
3210,Hilcrhyme,想送歌,lowG#,mid2F#,,voice-key.news
3216,Hilcrhyme,愛更新,,mid2G#,,voice-key.news
3219,Hilcrhyme,朱ノ鷺,mid1C,mid2G#,,voice-key.news
3212,Hilcrhyme,涙の種、幸せの花,mid1B,mid2G#,,voice-key.news
3213,Hilcrhyme,純也と真菜実,mid1E,mid2F#,,voice-key.news
3227,Hilcrhyme,言えない 言えない,mid1C,mid2F,,voice-key.news
3229,Hilcrhyme,雨天,mid1C#,mid2F#,,voice-key.news
3233,Hilcrhyme,鼓動,lowG,mid2E,,voice-key.news
4834,Hilcrhyme,春夏秋冬,mid1B,mid2G,,vocal-range.com
4793,HoneyWorks,可愛くてごめん,mid1G,hiB,hiD,vocal-range.com
4692,Hump Back,ティーンエイジサンセット,mid2C,hiD,,vocal-range.com
6223,Hump Back,僕らは今日も車の中,mid2A,hiB,hiD,vocal-range.com
6151,Hump Back,拝啓、少年よ,mid2C#,hiC#,hiF#,vocal-range.com
6400,Hump Back,星丘公園,mid2C,hiD,,vocal-range.com
5288,JAM Project,THE HERO!! 〜怒れる拳に火をつけろ〜,mid2A,hiF#,,vocal-range.com
5002,JAY’ED,最後の優しさ,mid1E,hiA,hiC,vocal-range.com
5139,JITTERIN’JINN,プレゼント,mid2D,hiC#,hiD,vocal-range.com
5988,JITTERIN’JINN,夏祭り,mid2C,hiC,,vocal-range.com
4579,JO1,僕らの季節,mid1D,hiA#,hiC#,vocal-range.com
4344,JUDY AND MARY,motto,mid2B,hiD,,vocal-range.com
4345,JUDY AND MARY,くじら12号,mid1G,hiE,hiE,vocal-range.com
4346,JUDY AND MARY,そばかす,mid2C#,hiE,hiE,vocal-range.com
2593,JUJU,STAYIN' ALIVE,mid2A#,hiD,hiD,voice-key.news
2602,JUJU,sign,mid2A#,hiC#,hiD#,voice-key.news
2604,JUJU,ありがとう,mid2A,hiD,hiE,voice-key.news
2595,JUJU,この夜を止めてよ,mid1F,hiC,,voice-key.news
2591,JUJU,ただいま,mid1E,hiD,hiE,voice-key.news
2600,JUJU,また明日…,mid1G#,hiD,hiE,voice-key.news
2594,JUJU,やさしさで溢れるように,mid1F,hiD#,,voice-key.news
2601,JUJU,ナツノハナ,mid1G,hiD,hiF,voice-key.news
2605,JUJU,ミライ,mid1F#,hiB,hiD#,voice-key.news
2599,JUJU,ラストシーン,mid2A,hiD#,,voice-key.news
2597,JUJU,奇跡を望むなら…,mid1F,hiD#,hiF#,voice-key.news
2603,JUJU,守ってあげたい,mid1G#,hiC,hiF,voice-key.news
2592,JUJU,明日が来るなら,mid2A#,hiD,hiG,voice-key.news
2598,JUJU,東京,mid1F,hiC,hiD#,voice-key.news
2596,JUJU,桜雨,mid2C,hiD,hiD,voice-key.news
5238,Janne Da Arc,DOLLS,mid1F#,hiA,,vocal-range.com
5254,Janne Da Arc,EDEN～君がいない～,mid1F,hiA#,,vocal-range.com
5240,Janne Da Arc,Lunatic Gate,mid2A#,hiA#,,vocal-range.com
5241,Janne Da Arc,Shining ray,mid1E,hiA#,,vocal-range.com
4911,Janne Da Arc,ヴァンパイア,mid1G,hiA#,,vocal-range.com
5239,Janne Da Arc,月光花,mid1F#,hiA,,vocal-range.com
5573,Janne Da Arc,桜,mid1G,hiA#,,vocal-range.com
2222,KANA-BOON,Fighter,mid1E,mid2G,hiA,voice-key.news
2224,KANA-BOON,talking,mid1G,hiA,hiA,voice-key.news
2218,KANA-BOON,ないものねだり,mid2B,mid2G#,hiC#,voice-key.news
2225,KANA-BOON,まっさら,mid1D#,mid2G,,voice-key.news
2221,KANA-BOON,シルエット,mid2A,hiA,hiB,voice-key.news
2220,KANA-BOON,スターマーカー,mid1E,mid2G#,,voice-key.news
2226,KANA-BOON,ダイバー,mid1D,mid2G,hiA,voice-key.news
2227,KANA-BOON,ハグルマ,mid2A,hiA,hiB,voice-key.news
2223,KANA-BOON,バトンロード,mid1G#,hiA#,,voice-key.news
2228,KANA-BOON,フルドライブ,mid2A,hiA,,voice-key.news
2229,KANA-BOON,涙,mid1E,hiA,,voice-key.news
2219,KANA-BOON,結晶星,mid1G#,hiA,hiA,voice-key.news
5022,KERENMI,103 feat. motoki ohmori,mid1A#,mid2G#,hiC#,vocal-range.com
5021,KERENMI,ROOFTOPS feat.藤原聡 (Official髭男dism),mid1F,hiA#,,vocal-range.com
5356,KEYTALK,MONSTER DANCE,mid1E,hiA,,vocal-range.com
4332,KEYTALK,Summer Venus,mid1E,hiB,hiF#,vocal-range.com
4810,KIRINJI[キリンジ],Drifter,mid1C,hiA,,vocal-range.com
4757,KOH+,ヒトツボシ,mid2A#,hiC#,hiD#,vocal-range.com
5297,KOTORI,トーキョーナイトダイブ,mid1F,hiB,,vocal-range.com
5334,KUZIRA,Spin,mid2B,hiC#,,vocal-range.com
5415,Kanaria,レクイエム (feat. 星街すいせい),mid1F,hiC#,hiF,vocal-range.com
5418,Kanaria,酔いどれ知らず,mid2A,,,vocal-range.com
2135,KinKi Kids,もう君以外愛せない,mid1E,hiA,,voice-key.news
2131,KinKi Kids,カナシミブルー,mid1F,mid2G,,voice-key.news
2136,KinKi Kids,スワンソング,mid1C#,mid2G#,,voice-key.news
2128,KinKi Kids,ボクの背中には羽根がある,mid1C,mid2G,,voice-key.news
2134,KinKi Kids,夏の王様,mid1F#,hiA,,voice-key.news
2132,KinKi Kids,心に夢を君には愛を,mid1A,mid2G#,,voice-key.news
2127,KinKi Kids,愛されるより愛したい,mid1C,mid2F,,voice-key.news
2129,KinKi Kids,愛のかたまり,mid1C#,mid2F#,mid2G#,voice-key.news
2133,KinKi Kids,硝子の少年,mid1E,mid2G,,voice-key.news
2138,KinKi Kids,約束,mid1D,mid2G#,,voice-key.news
2130,KinKi Kids,雨のMelody,mid1E,mid2G#,,voice-key.news
2137,KinKi Kids,青の時代,mid1C#,mid2F#,hiA,voice-key.news
6103,King & Prince,koi-wazurai,mid1D,hiA,,vocal-range.com
6106,King & Prince,シンデレラガール,mid1D#,hiB,hiC#,vocal-range.com
3930,King Gnu,AIZO,mid1E,hiA#,hiA#,vocal-range.com
314,King Gnu,BOY,mid1G,hiA,hiF,voice-key.news
341,King Gnu,Bedtown,mid1E,hiA,,voice-key.news
335,King Gnu,Don't Stop the  Clocks,mid1E,mid2G#,hiF,voice-key.news
5563,King Gnu,Don't Stop the Clocks,mid1E,mid2G#,hiF,vocal-range.com
340,King Gnu,Flash!!!,mid2A,hiA#,,voice-key.news
337,King Gnu,Hitman,mid1B,hiA#,hiB,voice-key.news
5169,King Gnu,IKAROS,lowC#,hiA,hiC#,vocal-range.com
5306,King Gnu,It's a small world,lowG#,mid2F#,hiC#,vocal-range.com
339,King Gnu,Prayer X,mid1C#,mid2G#,hiD#,voice-key.news
4033,King Gnu,SO BAD,lowG#,hiA,hiA#,vocal-range.com
5273,King Gnu,SPECIALZ,mid1C#,hiA,mid2G#,vocal-range.com
5557,King Gnu,Slumberland,lowG#,hiA#,,vocal-range.com
4688,King Gnu,Sorrows,mid1C,hiA#,hiD,vocal-range.com
4792,King Gnu,Stardom,mid1E,hiA,hiE,vocal-range.com
4243,King Gnu,TWILIGHT!!!,mid1C,hiA,hiB,vocal-range.com
320,King Gnu,Teenager Forever,mid1C#,hiA#,hiB,voice-key.news
324,King Gnu,The hole,mid1D#,hiB,hiD,voice-key.news
334,King Gnu,Tokyo  Rendez-Vous,mid1C,hiA#,hiB,voice-key.news
6070,King Gnu,Vinyl,mid1D,hiB,,vocal-range.com
328,King Gnu,over flow,mid1A#,hiA#,,voice-key.news
329,King Gnu,sorrows,mid1C,hiA#,hiD,voice-key.news
322,King Gnu,vinyl,mid1D,hiB,,voice-key.news
326,King Gnu,あなたは蜃気楼,lowG#,mid2G#,,voice-key.news
323,King Gnu,どろん,mid1A#,hiA#,,voice-key.news
4443,King Gnu,ねっこ,mid1F,hiA#,hiF#,vocal-range.com
317,King Gnu,カメレオン,mid1F#,hiA,hiD,voice-key.news
338,King Gnu,ユーモア,mid1C#,mid2G#,hiC#,voice-key.news
315,King Gnu,一途,mid1F#,hiA#,hiD,voice-key.news
318,King Gnu,三文小説,mid2B,mid2G,hiG,voice-key.news
325,King Gnu,傘,mid2A#,hiA#,hiD,voice-key.news
319,King Gnu,千両役者,mid1E,mid2G#,hiC#,voice-key.news
332,King Gnu,壇上,mid1A,mid2G#,,voice-key.news
333,King Gnu,小さな惑星,mid1C#,hiA#,hiC#,voice-key.news
313,King Gnu,白日,mid1A#,hiB,hiF#,voice-key.news
336,King Gnu,破裂,mid1A,mid2E,hiC,voice-key.news
5248,King Gnu,硝子窓,mid1C,hiB,hiC,vocal-range.com
316,King Gnu,逆夢,mid1D,hiB,hiD,voice-key.news
4664,King Gnu,雨燦々,mid1D,hiB,hiF,vocal-range.com
321,King Gnu,飛行艇,mid1E,hiA#,hiF,voice-key.news
331,King Gnu,飾りじゃないのよ 涙は,mid1F,mid2G#,,voice-key.news
2121,Kiroro,3人の写真,mid2A,hiC,,voice-key.news
2108,Kiroro,Best Friend,mid1G#,hiC,,voice-key.news
2123,Kiroro,すてきだね,mid1G,hiA#,,voice-key.news
2122,Kiroro,ひとつぶの涙,mid2A,hiD,,voice-key.news
2112,Kiroro,ひまわり,mid1F#,hiC#,,voice-key.news
2124,Kiroro,みんなあなたを愛してる,mid1G,hiC,,voice-key.news
2118,Kiroro,もう少し,mid1G,hiC,,voice-key.news
2120,Kiroro,僕らのメッセージ,mid2A,hiD,,voice-key.news
2125,Kiroro,僕らはヒーロー,mid1E,hiB,,voice-key.news
2110,Kiroro,冬のうた,mid2A,hiA#,,voice-key.news
2111,Kiroro,君の声,mid2A,hiC,,voice-key.news
2117,Kiroro,好きな人,mid2A,hiA,,voice-key.news
2114,Kiroro,帰る場所,mid1F#,hiB,,voice-key.news
2115,Kiroro,愛さない,mid2A,hiC,,voice-key.news
2126,Kiroro,月の夜,mid1G,hiC,,voice-key.news
2107,Kiroro,未来へ,mid1G,hiD,,voice-key.news
2109,Kiroro,生きてこそ,mid2A,hiC,,voice-key.news
2116,Kiroro,虹,mid1G#,hiD#,,voice-key.news
2113,Kiroro,逢いたい,mid2A,hiC,,voice-key.news
2106,Kiroro,長い間,mid2A#,hiC,,voice-key.news
2119,Kiroro,青のじゅもん,mid2A,hiA#,,voice-key.news
6336,Kizuna AI,AIAIAI (feat.中田ヤスタカ),mid1G#,hiD#,hiD#,vocal-range.com
5221,Kroi,Hyper,mid1E,hiB,hiE,vocal-range.com
3994,LE SSERAFIM,Star Signs,mid1G#,hiA,hiE,vocal-range.com
3995,LE SSERAFIM,"UNFORGIVEN (feat. Nile Rodgers, Ado)",mid1F,hiD,,vocal-range.com
3996,LE SSERAFIM,ジュエリー (Prod. imase),mid1G,hiD,hiD#,vocal-range.com
5732,LEGO BIG MORL,あなたがいればいいのに,mid1D,mid2G#,hiA#,vocal-range.com
5084,LINDBERG,今すぐKiss Me,mid2C#,hiC#,,vocal-range.com
5122,LIP×LIP,チョコカノ,mid1E,hiA,hiA,vocal-range.com
5225,LIP×LIP(勇次郎・愛蔵/CV:内山昂輝・島崎信長),ノンファンタジー,mid1E,mid2F,,vocal-range.com
5277,LONGMAN,spiral,lowG#,hiC,hiF,vocal-range.com
4396,LOOK,シャイニン・オン 君が哀しい,mid1E,hiC,,vocal-range.com
3912,LUNA SEA,ROSIER,mid1B,mid2G#,,vocal-range.com
3911,LUNA SEA,STORM,mid1C#,mid2F#,,vocal-range.com
3910,LUNA SEA,TRUE BLUE,mid1G,hiA,,vocal-range.com
5687,"Lanndo feat.Eve,suis(from ヨルシカ)",宇宙の季節,lowG,hiB,hiC,vocal-range.com
6383,La’cryma Christi,With-you,mid2A,hiD,hiD,vocal-range.com
1209,LiSA,ADAMAS,mid2A,hiE,,voice-key.news
1214,LiSA,ASH,mid2A#,hiD#,,voice-key.news
1203,LiSA,Catch the Moment,mid1G,hiC,,voice-key.news
5663,LiSA,GL,mid1D#,hiE,hihiA,vocal-range.com
1217,LiSA,No More Time Machine,mid2A,hiD,,voice-key.news
1215,LiSA,Rally Go Round,mid1F,hiE,hiG,voice-key.news
1204,LiSA,Rising Hope,mid1G#,hiD#,,voice-key.news
1205,LiSA,crossing field,mid2A,hiD,hiD,voice-key.news
1208,LiSA,oath sign,mid2B,hiD,hiE,voice-key.news
1216,LiSA,traumerei,mid1G#,hiC,hiD,voice-key.news
1210,LiSA,unlasting,mid1F,hiC#,hiF,voice-key.news
1213,LiSA,だってアタシのヒーロー。,mid2A#,hiC#,hiD#,voice-key.news
1211,LiSA,シルシ,mid1D#,hiD#,hiG#,voice-key.news
1212,LiSA,往け,mid1G#,hiF,hiE,voice-key.news
1206,LiSA,明け星,mid2A#,hiC#,hiD#,voice-key.news
1201,LiSA,残酷な夜に輝け,mid1F,hiD,hiF,voice-key.news
1202,LiSA,炎,mid1F#,hiE,hiE,voice-key.news
1207,LiSA,白銀,mid2B,hiD#,hiC,voice-key.news
1200,LiSA,紅蓮華,mid1E,hiD,hiG,voice-key.news
5348,LiSA×Uru,再会(produced by Ayase),mid1F,hiE,hiF,vocal-range.com
5569,Lia,鳥の詩,mid1F#,hiC#,hiD,vocal-range.com
5436,Liella!,Wish Song,mid2A,hiD,hiE,vocal-range.com
5668,Liella!,未来予報ハレルヤ!,mid1G#,hiD#,,vocal-range.com
5758,Linked Horizon,紅蓮の弓矢,mid1D#,hiA,,vocal-range.com
6240,Little Glee Monster,世界はあなたに笑いかけている,mid1G#,hiD#,hiD#,vocal-range.com
4549,Liyuu,Endless Vacation,mid2B,hiD,hiD,vocal-range.com
4264,L’Arc~en~Ciel,Blurry Eyes,mid1D,hiA,hiA#,vocal-range.com
4619,L’Arc~en~Ciel,CHASE,mid1F#,hiC#,,vocal-range.com
4909,L’Arc~en~Ciel,Driver's High,mid1E,hiB,,vocal-range.com
6028,L’Arc~en~Ciel,GOOD LUCK MY WAY,mid1F#,hiB,,vocal-range.com
3963,L’Arc~en~Ciel,HONEY,mid1F,hiA,hiD,vocal-range.com
4171,L’Arc~en~Ciel,NEO UNIVERSE,mid1F#,hiB,hiC#,vocal-range.com
4395,L’Arc~en~Ciel,New World,mid1F#,hiC#,,vocal-range.com
6038,L’Arc~en~Ciel,Pieces,mid1E,hiB,hiC,vocal-range.com
5095,L’Arc~en~Ciel,READY STEADY GO,mid1D#,hiA#,,vocal-range.com
4069,L’Arc~en~Ciel,STAY AWAY,mid1G#,mid2G#,,vocal-range.com
4491,L’Arc~en~Ciel,YOU GOTTA RUN,mid1D,hiA,hiA,vocal-range.com
3925,L’Arc~en~Ciel,flower,mid1F#,hiB,mid2G,vocal-range.com
4908,L’Arc~en~Ciel,forbidden lover,mid1C#,hiC#,mid2G#,vocal-range.com
4800,L’Arc~en~Ciel,winter fall,lowG#,hiB,hiB,vocal-range.com
5096,L’Arc~en~Ciel,瞳の住人,mid1E,hiC,hihiA,vocal-range.com
6273,L’Arc~en~Ciel,花葬,lowG,hiA,hiD,vocal-range.com
5170,L’Arc~en~Ciel,虹,mid1D,hiB,hiA,vocal-range.com
3743,L’Arc~en~Ciel,DIVE TO BLUE,mid1E,hiA#,hiC,voice-key.news
3727,L’Arc~en~Ciel,I Wish,mid1E,mid2G,,voice-key.news
3734,L’Arc~en~Ciel,Killing Me,mid1E,hiA,,voice-key.news
3756,L’Arc~en~Ciel,LOST HEAVEN,mid1E,hiC,,voice-key.news
3752,L’Arc~en~Ciel,Link,mid1C,hiC,,voice-key.news
3754,L’Arc~en~Ciel,My Dear,lowG#,mid2G#,,voice-key.news
3753,L’Arc~en~Ciel,fate,mid1D,hiB,,voice-key.news
3742,L’Arc~en~Ciel,snow drop,mid1C#,hiA,,voice-key.news
3728,L’Arc~en~Ciel,あなた,mid1F#,hiA,hiC,voice-key.news
3729,L’Arc~en~Ciel,いばらの涙,mid1E,hiA,hiB,voice-key.news
3737,L’Arc~en~Ciel,さようなら,lowG#,mid2G,hiC,voice-key.news
3750,L’Arc~en~Ciel,夜想花,mid1B,mid2G,mid2G,voice-key.news
3735,L’Arc~en~Ciel,接吻,mid1E,mid2G,hiD,voice-key.news
3739,L’Arc~en~Ciel,死の灰,mid1D,hiB,hiC,voice-key.news
3730,L’Arc~en~Ciel,永遠,mid1B,hiA,hiB,voice-key.news
3732,L’Arc~en~Ciel,火葬,lowG,hiA,hiD,voice-key.news
3757,L’Arc~en~Ciel,瞳に映るもの,mid1B,mid2F,,voice-key.news
3741,L’Arc~en~Ciel,砂時計,mid1B,hiB,,voice-key.news
3738,L’Arc~en~Ciel,自由への招待,mid2A,mid2G,hiE,voice-key.news
3736,L’Arc~en~Ciel,賽は投げられた,mid1D,hiC,,voice-key.news
3755,L’Arc~en~Ciel,雪の足跡,mid1G,hiB,hiD,voice-key.news
3731,L’Arc~en~Ciel,風にきえないで,mid1C,hiA,hiC,voice-key.news
5007,L⇔R,KNOCKIN' ON YOUR DOOR,mid1F,hiA#,,vocal-range.com
4219,M!LK,イイじゃん,lowG#,hiA,hiA#,vocal-range.com
4813,MAISONdes,"アイウエ feat. 美波, SAKURAmoti",mid1G#,hiE,,vocal-range.com
4458,MAISONdes,"トウキョウ・シャンディ・ランデヴ feat. 花譜, ツミキ",mid1F#,hiE,hiD,vocal-range.com
4146,MAISONdes,"ヨワネハキ feat. 和ぬか, asmi",mid2A,hiC#,hiD,vocal-range.com
4090,MAKE-UP,ペガサス幻想,mid2A#,hiC,,vocal-range.com
5762,MAN WITH A MISSION,Remember Me,mid1C,mid2G#,hiC#,vocal-range.com
5761,MAN WITH A MISSION,Take Me Under,mid1C#,hiB,,vocal-range.com
5763,MAN WITH A MISSION,Winding Road,mid1D,hiA,,vocal-range.com
5430,MAN WITH A MISSION×milet,絆ノ奇跡,mid1F,hiC,hiC,vocal-range.com
3573,MISIA,Everything,mid1G#,hiD#,hiE,voice-key.news
4193,MISIA,つつみ込むように…,mid1G,hiF,hiF#,vocal-range.com
3572,MISIA,アイノカタチ feat.HIDE(GReeeeN),mid1G#,hiE,hiC#,voice-key.news
3577,MISIA,オルフェンズの涙,mid1G#,hiD,,voice-key.news
3576,MISIA,君の願いが世界を輝かす,mid1G#,hiF,hiE,voice-key.news
3578,MISIA,眠れぬ夜は君のせい,mid1G#,hiB,hiE,voice-key.news
3574,MISIA,逢いたくていま,mid1F#,hiC#,hiD#,voice-key.news
3527,MONGOL800,Love Song,mid1E,mid2F#,hiA,voice-key.news
3524,MONGOL800,あなたに,mid1C,mid2G,,voice-key.news
3526,MONGOL800,あるがまま,mid1B,mid2E,,voice-key.news
3535,MONGOL800,スコール,mid1C,hiA,,voice-key.news
3528,MONGOL800,ヨロコビノウタ,mid1A,hiB,,voice-key.news
3533,MONGOL800,夢叶う,mid1C#,mid2G#,,voice-key.news
3525,MONGOL800,小さな恋のうた,mid1A#,mid2G#,,voice-key.news
3534,MONGOL800,愛する花,mid1C#,hiA,,voice-key.news
3531,MONGOL800,月灯りの下で,mid1A,hiB,,voice-key.news
3530,MONGOL800,琉球愛歌,mid1D#,mid2G#,,voice-key.news
3532,MONGOL800,矛盾の上に咲く花,mid1C#,mid2G#,,voice-key.news
3529,MONGOL800,神様,mid1A,hiA,,voice-key.news
6076,MUCC,サル,mid1A,hiB,hiD#,vocal-range.com
4207,MY FIRST STORY,"1,000,000 TIMES feat. chelly (EGOIST)",mid1G#,hiE,hiE,vocal-range.com
3476,MY FIRST STORY,ACCIDENT,mid1G#,mid2F,hiF,voice-key.news
3481,MY FIRST STORY,ALONE,mid1G#,hiC#,,voice-key.news
5105,MY FIRST STORY,CHiLD-error-,mid2A,hiC#,,vocal-range.com
3485,MY FIRST STORY,Calling you,mid1D,hiB,hiD,voice-key.news
3477,MY FIRST STORY,Home,mid2A#,hiC#,,voice-key.news
5408,MY FIRST STORY,I'm a mess,mid1D,mid2G,hiB,vocal-range.com
3488,MY FIRST STORY,Love Letter…,mid2A,hiC,hiC,voice-key.news
3479,MY FIRST STORY,Missing You,mid1G#,hiD#,,voice-key.news
3489,MY FIRST STORY,Nothing In The Story,mid1F#,hiE,hiE,voice-key.news
3478,MY FIRST STORY,REVIVER,mid1D,hiD#,,voice-key.news
3471,MY FIRST STORY,With You,mid1E,hiE,,voice-key.news
3958,MY FIRST STORY,You're already dead,mid2C,hiC#,,vocal-range.com
4711,MY FIRST STORY,lonely,mid1D,hiD,,vocal-range.com
3475,MY FIRST STORY,「花」-0714-,lowF#,hiC#,,voice-key.news
3487,MY FIRST STORY,この世界で一番の幸せ者にはする事など出来ないかもしれないけど…,mid1E,hiB,hiB,voice-key.news
3474,MY FIRST STORY,アンダーグラウンド,mid1D,hiC,hiD,voice-key.news
3473,MY FIRST STORY,ハイエナ,mid1F,hiD,,voice-key.news
3491,MY FIRST STORY,モノクロエフェクター,mid2C,hiD,,voice-key.news
3472,MY FIRST STORY,不可逆リプレイス,mid2A,hiD,,voice-key.news
3490,MY FIRST STORY,光り輝ける場所,mid1E,hiD,,voice-key.news
3483,MY FIRST STORY,君のいない夜を越えて,mid1G#,hiA#,hiD#,voice-key.news
3484,MY FIRST STORY,君の唄,mid1F,hiC#,hiC#,voice-key.news
6325,MY FIRST STORY,失踪FLAME,mid2C#,hiD,,vocal-range.com
3482,MY FIRST STORY,戯言NEUROSE,mid2B,hiE,,voice-key.news
4824,MY FIRST STORY,最終回STORY,mid1E,hiC#,,vocal-range.com
3480,MY FIRST STORY,無告,mid1G,hiD,hiD,voice-key.news
3486,MY FIRST STORY,終焉レクイエム,mid1F,hiC,,voice-key.news
5725,MY FIRST STORY,虚言NEUROSE,mid2B,hiE,,vocal-range.com
4832,MY FIRST STORY × HYDE,夢幻,mid1C#,hiA#,hiA#,vocal-range.com
4831,MY FIRST STORY × HYDE,永久 -トコシエ-,mid1A#,hiB,hiB,vocal-range.com
5941,My Little Lover,"Hello,again ～昔からある場所～",mid1G,hiC,hiD,vocal-range.com
4044,Maverick Mom,儚夏,mid1A,hiA#,hiC#,vocal-range.com
4005,Mega Shinnosuke,ごはん食べヨ,mid1D#,mid2F,hiC#,vocal-range.com
4365,Mega Shinnosuke,愛とU,mid1C#,hiA,hiC,vocal-range.com
4587,Michael Jackson,Rock With You,mid1F,hiB,,vocal-range.com
3886,Mirage Collective,Mirage,lowG#,mid2G#,hiC#,vocal-range.com
6349,大森元貴,French,mid1G,mid2G,hihiA,vocal-range.com
3909,大森元貴,Midnight,mid1B,mid2G#,hiE,vocal-range.com
914,Mr.Children,#2601,mid1C#,hiA#,,voice-key.news
925,Mr.Children,1999年、夏、沖縄,mid1A,mid2E,,voice-key.news
5787,Mr.Children,365日,mid1A#,hiA#,hiC,vocal-range.com
924,Mr.Children,ALIVE,mid1E,hiA,,voice-key.news
3906,Mr.Children,Again,mid1D,mid2G,,vocal-range.com
918,Mr.Children,Another Story,mid1F,mid2G,hiA#,voice-key.news
882,Mr.Children,Birthday,lowG#,hiA,,voice-key.news
6285,Mr.Children,Brand new planet,mid1D,hiA#,hiA,vocal-range.com
908,Mr.Children,CANDY,mid1D,hiA,hiB,voice-key.news
869,Mr.Children,CROSS ROAD,mid1D,hiA,hiD,voice-key.news
888,Mr.Children,Drawing,lowE,hiA,,voice-key.news
902,Mr.Children,Everything（It's you）,mid1D,mid2G,,voice-key.news
904,Mr.Children,Forever,mid1C,mid2F,,voice-key.news
875,Mr.Children,GIFT,mid1A,hiB,hiB,voice-key.news
858,Mr.Children,HANABI,lowG#,hiA,,voice-key.news
911,Mr.Children,HERO,mid1A,hiA,hiA,voice-key.news
5075,Mr.Children,Happy Song,mid1A#,hiC,hiC,vocal-range.com
906,Mr.Children,Heavenly kiss,mid1A,mid2F#,,voice-key.news
890,Mr.Children,NOT FOUND,mid1C#,hiA,hiC#,voice-key.news
930,Mr.Children,Over,mid1D,mid2G#,hiA#,voice-key.news
928,Mr.Children,Prelude,mid1A,hiB,,voice-key.news
923,Mr.Children,Prism,mid1D,hiA,,voice-key.news
885,Mr.Children,REM,mid1F#,hiD,hiB,voice-key.news
883,Mr.Children,SINGLES,mid1B,hiC,,voice-key.news
874,Mr.Children,Sign,mid1A,hiB,,voice-key.news
922,Mr.Children,Simple,mid1B,hiA,,voice-key.news
926,Mr.Children,Starting Over,mid1A#,hiC,hiC,voice-key.news
884,Mr.Children,Tomorrow never knows,mid1F,hiB,,voice-key.news
913,Mr.Children,Worlds end,mid1C,mid2G,,voice-key.news
895,Mr.Children,Your Song,mid1A#,mid2F,,voice-key.news
892,Mr.Children,and I love you,mid2A,hiB,hiD,voice-key.news
891,Mr.Children,fanfare,mid1C#,hiA#,,voice-key.news
5073,Mr.Children,fantasy,mid1C,hiC,hiC,vocal-range.com
921,Mr.Children,here comes my love,mid1C#,mid2G#,hiC#,voice-key.news
872,Mr.Children,himawari,mid1A,hiA,,voice-key.news
4423,Mr.Children,in the pocket,mid1C#,mid2G#,hiA#,vocal-range.com
863,Mr.Children,innocent world,mid1C#,hiB,hiC#,voice-key.news
879,Mr.Children,turn over?,mid1C,mid2G#,mid2G#,voice-key.news
903,Mr.Children,youthful days,mid1B,mid2G#,hiB,voice-key.news
919,Mr.Children,いつでも微笑みを,mid1D,hiA,,voice-key.news
861,Mr.Children,いつの日にか二人で,mid1C,mid2G#,,voice-key.news
871,Mr.Children,くるみ,mid1E,mid2G#,hiF,voice-key.news
877,Mr.Children,しるし,mid1C,hiB,hiA#,voice-key.news
898,Mr.Children,もっと,mid1E,hiA,hiC#,voice-key.news
873,Mr.Children,エソラ,mid1A#,hiA#,hiA#,voice-key.news
6079,Mr.Children,シーソーゲーム 〜勇敢な恋の歌〜,mid1B,hiB,,vocal-range.com
916,Mr.Children,タイムマシーンに乗って,mid1C#,mid2F#,,voice-key.news
907,Mr.Children,タガタメ,mid1C,hiB,,voice-key.news
912,Mr.Children,ニシエヒガシエ,mid1F,mid2G,,voice-key.news
870,Mr.Children,ヒカリノアトリエ,lowG#,hiA,,voice-key.news
896,Mr.Children,フェイク,mid1F,hiB,,voice-key.news
901,Mr.Children,マシンガンをぶっ放せ,mid1A,mid2G,,voice-key.news
894,Mr.Children,光の射す方へ,mid1E,hiB,,voice-key.news
929,Mr.Children,口笛,lowG,hiA,,voice-key.news
889,Mr.Children,名もなき詩,mid1C,hiA#,,voice-key.news
3891,Mr.Children,君がいた夏,mid1D#,hiA#,,vocal-range.com
900,Mr.Children,君と重ねたモノローグ,mid1C,mid2G,,voice-key.news
927,Mr.Children,妄想満月,mid1B,mid2E,,voice-key.news
4529,Mr.Children,少年,lowG#,mid2G#,hiC#,vocal-range.com
920,Mr.Children,常套句,mid1D#,hiA,,voice-key.news
864,Mr.Children,彩り,mid1B,hiA,,voice-key.news
905,Mr.Children,手紙,mid1D,mid2G,,voice-key.news
878,Mr.Children,抱きしめたい,mid1D,hiA,hiB,voice-key.news
881,Mr.Children,掌,mid1C,hiB,hiC,voice-key.news
868,Mr.Children,擬態,mid1C,hiA#,,voice-key.news
880,Mr.Children,旅立ちの唄,mid1A#,mid2G#,,voice-key.news
909,Mr.Children,星になれたら,mid1E,hiA,,voice-key.news
886,Mr.Children,未完,mid1F#,hiB,hiB,voice-key.news
933,Mr.Children,水上バス,mid1C,mid2G,,voice-key.news
910,Mr.Children,海にて、心は裸になりたがる,mid1C,hiA,,voice-key.news
931,Mr.Children,潜水,mid1A,mid2F,,voice-key.news
862,Mr.Children,祈り 〜涙の軌道,mid1A,hiA#,hiC,voice-key.news
866,Mr.Children,秋がくれた切符,mid1A#,mid2F,mid2G#,voice-key.news
867,Mr.Children,空風の帰り道,mid1A,mid2F,,voice-key.news
899,Mr.Children,箒星,mid1A,hiA,hiB,voice-key.news
915,Mr.Children,箱庭,mid1D,hiA,,voice-key.news
865,Mr.Children,終わりなき旅,mid1B,hiC#,,voice-key.news
932,Mr.Children,終末のコンフィデンスソング,mid1A,hiA,hiC#,voice-key.news
934,Mr.Children,羊、吠える,mid1F#,hiA,,voice-key.news
893,Mr.Children,花-Memento-Mori-,mid1D,hiA,,voice-key.news
897,Mr.Children,花の匂い,mid1D,mid2G,,voice-key.news
5951,Mr.Children,花言葉,mid1D,hiA,,vocal-range.com
859,Mr.Children,足音 〜Be Strong,mid1D,hiA#,,voice-key.news
887,Mr.Children,車の中でかくれてキスをしよう,mid1D,mid2G,,voice-key.news
860,Mr.Children,雨のち晴れ,mid1D#,hiA#,,voice-key.news
917,Mr.Children,靴ひも,mid1E,hiA#,,voice-key.news
935,Mr.Children,風と星とメビウスの輪,mid1B,hiA#,,voice-key.news
936,Mr.Children,風と星とメビウスの輪（Single Version）,mid1B,mid2F#,,voice-key.news
4612,Mr.FanTastiC,Always the best day,mid1D#,hiB,hiD,vocal-range.com
4623,Mr.ふぉるて,口癖,mid1D#,hiA#,,vocal-range.com
1,Mrs. GREEN APPLE,ANTENNA,mid1D#,hiA#,hiE,voice-key.news
6139,Mrs. GREEN APPLE,Attitude,mid1G,hiB,hiD,vocal-range.com
5053,Mrs. GREEN APPLE,Blizzard,mid1B,mid2E,hiE,vocal-range.com
4,Mrs. GREEN APPLE,CHEERS,mid1D,hiC,hiG,voice-key.news
7,Mrs. GREEN APPLE,CONFLICT,mid1C#,hiB,hiE,voice-key.news
3,Mrs. GREEN APPLE,Carrying Happiness,mid1B,hiB,hiF#,voice-key.news
5,Mrs. GREEN APPLE,Circle,mid1B,hiB,hiE,voice-key.news
6,Mrs. GREEN APPLE,Coffee,mid1C#,hiA,hiD,voice-key.news
8,Mrs. GREEN APPLE,Dear,mid1F#,hiB,hiE,voice-key.news
5171,Mrs. GREEN APPLE,Doodle,mid1A,hiB,,vocal-range.com
11,Mrs. GREEN APPLE,Folktale,mid1D,hiA,hiC,voice-key.news
12,Mrs. GREEN APPLE,GOOD DAY,mid1B,hiB,hiD,voice-key.news
5662,Mrs. GREEN APPLE,How-to,mid1B,hiB,hiD,vocal-range.com
13,Mrs. GREEN APPLE,Hug,mid1C,hiB,hiB,voice-key.news
14,Mrs. GREEN APPLE,In the Morning,mid1D,hiC#,hiD#,voice-key.news
6235,Mrs. GREEN APPLE,In the morning,mid1D,hiC,hiD#,vocal-range.com
15,Mrs. GREEN APPLE,JOURNEY,mid1D,mid2G,,voice-key.news
16,Mrs. GREEN APPLE,Just a Friend,mid1C,hiC,hiC,voice-key.news
17,Mrs. GREEN APPLE,Ke-Mo-Sah-Bee,mid1C,hiC,hiC,voice-key.news
18,Mrs. GREEN APPLE,L.P,mid1E,hiC,hiE,voice-key.news
5868,Mrs. GREEN APPLE,Log (feat.坂口有望),mid1E,hiC,hihiA,vocal-range.com
19,Mrs. GREEN APPLE,Loneliness,mid1D,hiB,hiD,voice-key.news
4188,Mrs. GREEN APPLE,"Love me, Love you",mid1C,hiC,hiF,vocal-range.com
20,Mrs. GREEN APPLE,"Love me,Love you",mid1C,hiC,hiF,voice-key.news
22,Mrs. GREEN APPLE,Magic,mid1A,hiC,hiF,voice-key.news
23,Mrs. GREEN APPLE,On My MiND,mid1D#,hiB,hiD#,voice-key.news
24,Mrs. GREEN APPLE,Oz,mid1D#,hiA#,hiD#,voice-key.news
6164,Mrs. GREEN APPLE,PRESENT (English ver.),mid1C#,hiB,hiG,vocal-range.com
25,Mrs. GREEN APPLE,Part of me,mid1A,hiC,hiF#,voice-key.news
26,Mrs. GREEN APPLE,ProPose,lowG,mid2G#,,voice-key.news
27,Mrs. GREEN APPLE,REVERSE,mid1C,hiA,hiA,voice-key.news
33,Mrs. GREEN APPLE,SPLASH!!!,mid1C#,hiB,hiF,voice-key.news
28,Mrs. GREEN APPLE,SimPle,mid1D#,hiC,hiD#,voice-key.news
30,Mrs. GREEN APPLE,Soranji,mid1C,hiB,hiF#,voice-key.news
31,Mrs. GREEN APPLE,Soup,mid1D,hiA,hiC,voice-key.news
32,Mrs. GREEN APPLE,Speaking,mid1D,hiB,hiD,voice-key.news
34,Mrs. GREEN APPLE,StaRt,mid1F#,hiB,,voice-key.news
35,Mrs. GREEN APPLE,Theater,mid1D,hiB,hiD,voice-key.news
36,Mrs. GREEN APPLE,They are,mid1E,hiA,hiE,voice-key.news
37,Mrs. GREEN APPLE,Umbrella,mid1F#,hiC,hiC#,voice-key.news
39,Mrs. GREEN APPLE,VIP,mid1F,hiA#,hiC,voice-key.news
38,Mrs. GREEN APPLE,Viking,lowF#,hiA#,hiC#,voice-key.news
4712,Mrs. GREEN APPLE,WHOO WHOO WHOO,mid1G,hiB,hihiB,vocal-range.com
40,Mrs. GREEN APPLE,WaLL FloWeR,mid1B,hiB,hiE,voice-key.news
41,Mrs. GREEN APPLE,WanteD! WanteD!,mid1E,hiA,hiF,voice-key.news
2,Mrs. GREEN APPLE,breakfast,mid1C,hiB,hiF#,voice-key.news
10,Mrs. GREEN APPLE,familie,mid1B,mid2F#,hiB,voice-key.news
6186,Mrs. GREEN APPLE,lovin',mid1D#,hiC#,hiE,vocal-range.com
3928,Mrs. GREEN APPLE,lulu.,mid1B,hiC,hiF,vocal-range.com
29,Mrs. GREEN APPLE,soFT-dRink,mid1E,hiB,hiF,voice-key.news
4595,Mrs. GREEN APPLE,umbrella,mid1F#,hiC,hiC#,vocal-range.com
44,Mrs. GREEN APPLE,あなたに,mid1D,mid2G,mid2G,voice-key.news
50,Mrs. GREEN APPLE,うブ,mid1D#,hiC,hiF,voice-key.news
51,Mrs. GREEN APPLE,えほん,mid1E,mid2G,hiA,voice-key.news
52,Mrs. GREEN APPLE,おもちゃの兵隊,mid1F#,hiB,hiE,voice-key.news
64,Mrs. GREEN APPLE,どこかで日は昇る,mid1C#,hiC#,hiF#,voice-key.news
43,Mrs. GREEN APPLE,アウフヘーベン,mid1F,hiA,hiE,voice-key.news
45,Mrs. GREEN APPLE,アボイドノート,mid1A,hiB,hiB,voice-key.news
46,Mrs. GREEN APPLE,アポロドロス,mid1D,hiA#,hiE,voice-key.news
47,Mrs. GREEN APPLE,アンゼンパイ,mid1D,hiB,hiA,voice-key.news
48,Mrs. GREEN APPLE,アンラブレス,mid1F#,hiB,,voice-key.news
42,Mrs. GREEN APPLE,ア・プリオリ,mid1D,hiD,hiE,voice-key.news
49,Mrs. GREEN APPLE,インフェルノ,lowF,hiB,hiE,voice-key.news
53,Mrs. GREEN APPLE,キコリ時計,mid1F#,hiA,hiC,voice-key.news
54,Mrs. GREEN APPLE,クスシキ,mid1B,hiA,hiF,voice-key.news
55,Mrs. GREEN APPLE,クダリ,mid1F,mid2G#,hiC#,voice-key.news
56,Mrs. GREEN APPLE,ケセラセラ,mid1D#,hiC#,hiF,voice-key.news
57,Mrs. GREEN APPLE,コロンブス,mid1B,hiA,hiC,voice-key.news
6052,Mrs. GREEN APPLE,サママ・フェスティバル！,mid1C#,hiC#,hiE,vocal-range.com
59,Mrs. GREEN APPLE,スターダム,mid1E,hiB,,voice-key.news
60,Mrs. GREEN APPLE,スマイロブドリーマ,mid1A,hiB,,voice-key.news
61,Mrs. GREEN APPLE,ゼンマイ,mid1A,hiA#,hiC,voice-key.news
62,Mrs. GREEN APPLE,ダンスホール,mid1D,hiB,hiF#,voice-key.news
4382,Mrs. GREEN APPLE,ダーリン,mid1A#,hiC#,hiA,vocal-range.com
63,Mrs. GREEN APPLE,ツキマシテハ,mid1D,hiE,hiF#,voice-key.news
65,Mrs. GREEN APPLE,ナニヲナニヲ,mid1G#,hiC#,hiC#,voice-key.news
66,Mrs. GREEN APPLE,ナハトムジーク,lowG#,hiC,hiG,voice-key.news
67,Mrs. GREEN APPLE,ニュー・マイ・ノーマル,mid1A#,hiC#,hiD#,voice-key.news
68,Mrs. GREEN APPLE,ノニサクウタ,mid1D,mid2G,,voice-key.news
69,Mrs. GREEN APPLE,パブリック,mid1D#,hiC#,hiD#,voice-key.news
70,Mrs. GREEN APPLE,ビターバカンス,mid1C#,hiA,mid2F#,voice-key.news
72,Mrs. GREEN APPLE,フロリジナル,mid1A,hiA,hiD,voice-key.news
4147,Mrs. GREEN APPLE,ブルーアンビエンス (feat. asmi),mid1F,hiD,hiF,vocal-range.com
73,Mrs. GREEN APPLE,ライラック,mid1D,hiB,hiC#,voice-key.news
74,Mrs. GREEN APPLE,リスキーゲーム,mid1F,hiA#,hiA#,voice-key.news
75,Mrs. GREEN APPLE,ロマンチシズム,mid1C,hiD,hiD#,voice-key.news
97,Mrs. GREEN APPLE,僕のこと,mid1C,hiC,hiG,voice-key.news
85,Mrs. GREEN APPLE,光のうた,mid1D,mid2G,hiD,voice-key.news
81,Mrs. GREEN APPLE,君を知らない,mid1A#,hiC,hiD,voice-key.news
77,Mrs. GREEN APPLE,嘘じゃないよ,mid1A,hiA,hiD,voice-key.news
79,Mrs. GREEN APPLE,夏の影,mid1B,hiA,hiA,voice-key.news
92,Mrs. GREEN APPLE,天国,mid1A#,hiE,hiF#,voice-key.news
89,Mrs. GREEN APPLE,庶幾の唄,mid1D,hiA,mid2G,voice-key.news
78,Mrs. GREEN APPLE,延々,mid1C#,hiC#,hiC#,voice-key.news
99,Mrs. GREEN APPLE,恋と吟,mid1D,hiC,,voice-key.news
76,Mrs. GREEN APPLE,愛情と矛先,mid1C#,hiB,hiC#,voice-key.news
82,Mrs. GREEN APPLE,慶びの種,mid1E,hiA,hiD,voice-key.news
80,Mrs. GREEN APPLE,我逢人,mid1C,hiC,hiC,voice-key.news
96,Mrs. GREEN APPLE,日々と君,mid1F#,hiC,hiC#,voice-key.news
88,Mrs. GREEN APPLE,春愁,mid1C,mid2G,mid2G,voice-key.news
84,Mrs. GREEN APPLE,月とアネモネ,mid1B,mid2F#,mid2F#,voice-key.news
100,Mrs. GREEN APPLE,橙,mid1D,hiB,hiE,voice-key.news
94,Mrs. GREEN APPLE,灯火,mid1F,hiA#,hiA#,voice-key.news
4841,Mrs. GREEN APPLE,点描の唄 (feat.井上苑子),mid2A,hiD,hiG,vocal-range.com
86,Mrs. GREEN APPLE,私,mid1D,hiD,hiD,voice-key.news
87,Mrs. GREEN APPLE,私は最強,mid1G#,hiC,hiE,voice-key.news
91,Mrs. GREEN APPLE,絶世生物,mid1C,hiC,mid2F,voice-key.news
98,Mrs. GREEN APPLE,藍,mid1B,hiA,hiA,voice-key.news
95,Mrs. GREEN APPLE,道徳と皿,mid1D#,hiC#,hiE,voice-key.news
90,Mrs. GREEN APPLE,青と夏,mid1D#,hiC#,hiE,voice-key.news
83,Mrs. GREEN APPLE,鯨の唄,mid1D,hiC,hiG,voice-key.news
1142,My Hair is Bad,18歳よ,mid1D#,mid2G,,voice-key.news
1134,My Hair is Bad,いつか結婚しても,mid1C#,mid2F#,,voice-key.news
1144,My Hair is Bad,また来年になっても,mid1D#,mid2G,,voice-key.news
1126,My Hair is Bad,アフターアワー,mid1G,hiA#,,voice-key.news
1138,My Hair is Bad,ドラマみたいだ,mid1F#,hiA#,,voice-key.news
1132,My Hair is Bad,元彼女として,mid1D#,mid2F,,voice-key.news
1131,My Hair is Bad,元彼氏として,mid1D#,mid2F#,,voice-key.news
1122,My Hair is Bad,化粧,mid1F#,mid2G#,hiA#,voice-key.news
1129,My Hair is Bad,卒業,mid1C#,hiA#,,voice-key.news
1141,My Hair is Bad,君が海,mid1G#,hiA#,,voice-key.news
1125,My Hair is Bad,告白,mid1F,mid2G#,,voice-key.news
1123,My Hair is Bad,幻,mid1C#,mid2G#,,voice-key.news
1130,My Hair is Bad,彼氏として,mid1C#,mid2G#,,voice-key.news
1127,My Hair is Bad,復讐,mid1G#,hiA#,,voice-key.news
1119,My Hair is Bad,恋人ができたんだ,mid1F#,mid2G#,,voice-key.news
1121,My Hair is Bad,悪い癖,mid1F,mid2F#,,voice-key.news
1136,My Hair is Bad,悪口たち,mid1F,mid2G,,voice-key.news
1137,My Hair is Bad,愛ゆえに,mid1F,hiA#,,voice-key.news
1140,My Hair is Bad,最愛の果て,mid1F,mid2G,,voice-key.news
1124,My Hair is Bad,次回予告,mid1C#,mid2G#,,voice-key.news
5496,My Hair is Bad,歓声をさがして,mid1G,hiA#,,vocal-range.com
1143,My Hair is Bad,熱狂を終え,mid2A#,hiA#,,voice-key.news
1128,My Hair is Bad,真赤,mid1D#,mid2G#,,voice-key.news
5223,My Hair is Bad,綾,mid1C,mid2G#,hiC,vocal-range.com
1146,My Hair is Bad,舞台を降りて,mid2A#,hiA#,,voice-key.news
1135,My Hair is Bad,赤信号で止まること,mid1G,hiC,hiA#,voice-key.news
1120,My Hair is Bad,運命,mid1D#,mid2G#,,voice-key.news
1145,My Hair is Bad,関白宣言,mid1D#,mid2G,,voice-key.news
1133,My Hair is Bad,音楽家になりたくて,mid1F#,mid2G#,,voice-key.news
1139,My Hair is Bad,黙れ,mid1E,mid2F#,,voice-key.news
5474,My Little Lover,白いカイト,mid1G#,hiC,,vocal-range.com
5194,Måneskin,Beggin',mid1A#,hiA#,,vocal-range.com
4437,NARI,ロングヘア―,mid1D,mid2G,hiA#,vocal-range.com
6264,NEE,不革命前夜,mid1E,hiD,,vocal-range.com
5397,NEE,第一次世界,lowG,hiD,,vocal-range.com
2986,NEWS,KAGUYA,mid1A,hiC,,voice-key.news
2980,NEWS,LIVE,mid1D,hiA#,,voice-key.news
2981,NEWS,Love Story,mid1A#,hiA#,,voice-key.news
2982,NEWS,SUMMER TIME,mid1D,mid2E,hiA,voice-key.news
2974,NEWS,U R not alone,mid1G,hiC,,voice-key.news
2977,NEWS,weeeek,mid1C#,mid2G#,,voice-key.news
2976,NEWS,さくらガール,mid1D,mid2G,hiA,voice-key.news
2983,NEWS,ずっと,mid1A#,mid2G#,,voice-key.news
2989,NEWS,サヤエンドウ,mid1D,mid2G,,voice-key.news
2975,NEWS,チャンカパーナ,mid1E,hiA#,,voice-key.news
2987,NEWS,トップガン,mid1B,hiB,,voice-key.news
2990,NEWS,ヒカリノシズク,lowG#,hiC,,voice-key.news
2988,NEWS,フルスイング,mid1D,hiA#,,voice-key.news
2992,NEWS,何度でも,mid1G,hiA,,voice-key.news
2993,NEWS,四銃士,mid1C#,hiA,,voice-key.news
2991,NEWS,太陽のナミダ,mid1A,hiA,,voice-key.news
2985,NEWS,愛言葉,mid1D,mid2G,,voice-key.news
2978,NEWS,星を目指して,mid1D#,hiA,,voice-key.news
2984,NEWS,生きろ,mid1B,hiA,,voice-key.news
2979,NEWS,秋の空,mid1D,hiA,hiA,voice-key.news
5433,NICO Touches the Walls,ニワカ雨ニモ負ケズ,mid1F,hiA#,hiC#,vocal-range.com
3992,NICO Touches the Walls,Diver,mid1F#,hiB,,vocal-range.com
5844,NICO Touches the Walls,VIBRIO VULNIFICUS,hiD#,hiD#,hiF#,vocal-range.com
6199,NICO Touches the Walls,ホログラム,mid1E,hiB,,vocal-range.com
6036,NICO Touches the Walls,夏の大三角形,mid1D#,hiB,hiB,vocal-range.com
6391,NICO Touches the Walls,手をたたけ,mid1F#,hiC#,,vocal-range.com
5135,Nissy(西島隆弘),まだ君は知らない  MY PRETTIEST GIRL,mid1F#,hiA,hiD,vocal-range.com
5134,Nissy(西島隆弘),トリコ,mid1F#,hiA,hiD,vocal-range.com
5133,Nissy(西島隆弘),ハプニング,mid1G,hiA#,hiC,vocal-range.com
4375,NiziU,AlwayS,mid1E,hiF#,hiF#,vocal-range.com
3039,NiziU,Baby I'm a star,mid1G,hiE,hiG,voice-key.news
3034,NiziU,I AM,mid2A#,hiD,,voice-key.news
3038,NiziU,Joyful,mid1G,hiE,hiD,voice-key.news
3032,NiziU,Make you happy,mid2C,hiE,hiE,voice-key.news
3035,NiziU,Poppin' Shakin',mid1G#,hiE,,voice-key.news
3037,NiziU,Step and a step,mid1G,hiD,,voice-key.news
3040,NiziU,Sweet Bomb!,mid1G#,hiC#,hiD#,voice-key.news
3033,NiziU,Take a picture,mid1F,hiD#,hiG#,voice-key.news
3036,NiziU,虹の向こうへ,mid1D#,hiD#,hiD#,voice-key.news
4088,NoisyCell,狂言回し,mid1C,hiD,,vocal-range.com
5229,Non Stop Rabbit,Unorder,mid1F,hiF,hiF,vocal-range.com
6248,Novelbright,Sunny drop,mid1C#,hiB,hiF#,vocal-range.com
815,Novelbright,Count on me,mid1F,hiD,hiF,voice-key.news
816,Novelbright,Morning Light,mid2C,hiC#,,voice-key.news
824,Novelbright,Rain Dancer,mid1G#,hiE,,voice-key.news
819,Novelbright,Walking with you,mid1G,hiC,hiE,voice-key.news
817,Novelbright,seeker,mid1E,hiB,hiD,voice-key.news
820,Novelbright,あなたを求めただけなのに,mid1E,hiC,hiD,voice-key.news
825,Novelbright,ふたつの影,mid1C#,hiC#,hiD,voice-key.news
826,Novelbright,また明日,mid1B,hiB,hiB,voice-key.news
3982,Novelbright,アイビー,mid1F,hiA#,hiD#,vocal-range.com
821,Novelbright,ツキミソウ,mid1B,hiB,hiD#,voice-key.news
822,Novelbright,ハミングバード,mid1A,hiB,hiE,voice-key.news
823,Novelbright,フェアリーテール,mid1B,hiC#,hiB,voice-key.news
827,Novelbright,ランナーズハイ,mid1F,hiA#,hiD,voice-key.news
4192,Novelbright,ワインディングロード,mid1E,hiA,hiB,vocal-range.com
828,Novelbright,ワンルーム,mid1C#,hiC,hiD,voice-key.news
833,Novelbright,優しさの剣,mid1F,hiD,hiD,voice-key.news
830,Novelbright,君色ノート,mid1D#,mid2G#,hiC#,voice-key.news
832,Novelbright,夢花火,mid1C#,hiB,hiB,voice-key.news
829,Novelbright,愛とか恋とか,mid1F#,hiB,hiD#,voice-key.news
831,Novelbright,雪の音,mid1A,hiB,hiD,voice-key.news
4770,Nozomi Kitay & GAL D,Moshi Moshi (feat. 百足)』,mid1F#,hiA#,hiF,vocal-range.com
3028,Number_i,BON,lowG#,mid2F,,voice-key.news
3029,Number_i,GOAT,lowF,,hiE,voice-key.news
3027,Number_i,INZM,lowG#,,hiG,voice-key.news
3030,Number_i,未確認領域,lowG#,hiC,hiB,voice-key.news
3031,Number_i,透明になりたい,mid1A,mid2G,,voice-key.news
6023,OKAMOTO’S,新世界,mid1C,mid2G,,vocal-range.com
4376,ONE OK ROCK,+Matter,mid1C#,hiC#,hiD#,vocal-range.com
3947,ONE OK ROCK,Be the light,mid1F,hiA#,hiA,vocal-range.com
4545,ONE OK ROCK,Broken Heart of Gold,mid1D#,hiA#,,vocal-range.com
5742,ONE OK ROCK,C.h.a.o.s.m.y.t.h.,mid1D#,hiD#,,vocal-range.com
,ONE OK ROCK,Stand Out Fit In,mid1F#,hiB,hiD#,vocal-range.com
6406,ONE OK ROCK,Change,mid1G,hiA#,,vocal-range.com
5966,ONE OK ROCK,Clock Strikes,mid2A#,hiA#,,vocal-range.com
4000,ONE OK ROCK,Cry out,mid1F,hiC,,vocal-range.com
5399,ONE OK ROCK,Deeper Deeper,mid2B,hiB,,vocal-range.com
4888,ONE OK ROCK,Delusion:All,mid1F#,hiD,,vocal-range.com
4421,ONE OK ROCK,Dystopia,mid2A,hiD,hiC#,vocal-range.com
5996,ONE OK ROCK,Eye of the Storm,mid1D#,hiC,,vocal-range.com
6166,ONE OK ROCK,Good Goodbye,mid1C#,mid2F#,hiB,vocal-range.com
5384,ONE OK ROCK,Gravity feat. 藤原聡 (Official髭男dism),mid1F#,hiB,,vocal-range.com
5913,ONE OK ROCK,Head High,mid1D,mid2G,hiB,vocal-range.com
6209,ONE OK ROCK,Heartache,mid1F#,,,vocal-range.com
5994,ONE OK ROCK,In the Stars(feat. Kiiara),mid1E,hiA,,vocal-range.com
4601,ONE OK ROCK,Liar,mid1F#,hiC#,,vocal-range.com
5026,ONE OK ROCK,Make It Out Alive,mid2A#,hiC#,,vocal-range.com
6134,ONE OK ROCK,Mighty Long Fall,mid1F#,hiC#,hiC#,vocal-range.com
4456,ONE OK ROCK,Neon,mid1G,hiD,,vocal-range.com
4080,ONE OK ROCK,Nobody's Home,mid1G,hiD,,vocal-range.com
4341,ONE OK ROCK,Puppets Can't Control You,mid2A#,hiC#,,vocal-range.com
1153,ONE OK ROCK,Re:make,mid1B,hiB,,voice-key.news
6382,ONE OK ROCK,Renegades,mid1D,hiD,hiD,vocal-range.com
4647,ONE OK ROCK,Save Yourself,mid2A,hiD,,vocal-range.com
5383,ONE OK ROCK,So Far Gone,mid1C,hiC#,,vocal-range.com
1155,ONE OK ROCK,Taking Off,mid1E,hiC#,hiB,voice-key.news
1150,ONE OK ROCK,The Beginning,mid1E,hiC,,voice-key.news
4889,ONE OK ROCK,Wasted Nights,mid1F,hiA#,hiA,vocal-range.com
6329,ONE OK ROCK,We are,mid1D,hiD,,vocal-range.com
4546,ONE OK ROCK,When They Turn the Lights On,mid1F,hiC,hiD#,vocal-range.com
1149,ONE OK ROCK,Wherever you are,mid1G#,hiC#,,voice-key.news
5025,ONE OK ROCK,Wonder,mid1F#,hiB,,vocal-range.com
5843,ONE OK ROCK,Yes I am,mid1D,hiD,,vocal-range.com
4729,ONE OK ROCK,Your Tears Are Mine,mid1G#,hiC#,hiB,vocal-range.com
5905,ONE OK ROCK,じぶんROCK,mid1G,hiC,,vocal-range.com
1152,ONE OK ROCK,アンサイズニア,mid1D,hiD,hiD,voice-key.news
1151,ONE OK ROCK,カゲロウ,mid1C#,hiA,hiA,voice-key.news
5770,ONE OK ROCK,キミシダイ列車,mid1G,hiA#,,vocal-range.com
5318,ONE OK ROCK,完全感覚Dreamer,mid2A,hiE,,vocal-range.com
1156,ONE OK ROCK,未完成交響曲,mid2A,hiC,,voice-key.news
1148,ONE OK ROCK,欲望に満ちた青年団,mid1F#,hiB,,voice-key.news
1525,ORANGE RANGE,O2,lowF,hiG,,voice-key.news
1529,ORANGE RANGE,そばにいつでも,mid1A,hiB,,voice-key.news
1524,ORANGE RANGE,アスタリスク,lowE,mid2F,,voice-key.news
1522,ORANGE RANGE,イケナイ太陽,mid1D,hiC,,voice-key.news
1527,ORANGE RANGE,キズナ,mid1B,mid2G,,voice-key.news
1535,ORANGE RANGE,ラヴ・パレード,mid1D,mid2F,,voice-key.news
1531,ORANGE RANGE,ロコローション,lowF#,mid2G#,hiB,voice-key.news
1523,ORANGE RANGE,以心電心,mid1A,hiA,,voice-key.news
1532,ORANGE RANGE,夢人,mid1B,mid2F,,voice-key.news
1534,ORANGE RANGE,恋のメリーゴーランド,mid1B,mid2G#,,voice-key.news
1533,ORANGE RANGE,祭男爵,lowF,mid2F#,,voice-key.news
1530,ORANGE RANGE,花,lowG,mid2G,,voice-key.news
1528,ORANGE RANGE,謝謝,lowE,hiA,,voice-key.news
1526,ORANGE RANGE,鬼ゴロシ,mid1A,hihiB,,voice-key.news
6393,Oasis,Don't Look Back In Anger,mid1G,hiA,hiA,vocal-range.com
4567,Oasis,Stand By Me,mid1D,mid2E,,vocal-range.com
111,Official髭男dism,115万キロのフィルム,mid1A#,hiC,,voice-key.news
4259,Official髭男dism,50%,mid1D,hiC#,hiF#,vocal-range.com
165,Official髭男dism,55,mid1G,hiD,hiD,voice-key.news
144,Official髭男dism,Amazing,mid1G,hiC#,hiD,voice-key.news
112,Official髭男dism,Anarchy,mid1E,hiD,hiF,voice-key.news
152,Official髭男dism,Bedroom Talk,mid1F#,hiB,mid2G#,voice-key.news
5307,Official髭男dism,Chessboard,mid1D,hiC,hiG,vocal-range.com
139,Official髭男dism,Choral A,mid1B,hiC,hiC#,voice-key.news
159,Official髭男dism,Clap Clap,mid1F,hiC#,hiD#,voice-key.news
105,Official髭男dism,Cry Baby,mid1F,hiC#,hiD#,voice-key.news
158,Official髭男dism,Driver,mid1E,hiB,,voice-key.news
148,Official髭男dism,ESCAPADE,mid2C,hiD,hiC,voice-key.news
133,Official髭男dism,Editorial,mid1D#,mid2G#,hiC#,voice-key.news
116,Official髭男dism,FIRE GROUND,mid2A#,hiB,hiD#,voice-key.news
4191,Official髭男dism,Get Back To 人生,mid1F#,hiB,hiD#,vocal-range.com
115,Official髭男dism,HELLO,mid1E,hiC#,hiB,voice-key.news
160,Official髭男dism,Happy Birthday To You,mid1G,hiA,hiC,voice-key.news
101,Official髭男dism,I LOVE…,mid1E,hiD,hiC#,voice-key.news
135,Official髭男dism,LADY,mid1E,hiE,hiB,voice-key.news
142,Official髭男dism,Laughter,mid1E,hiB,hiE,voice-key.news
132,Official髭男dism,Lost In My Room,mid1F#,hiA#,hiG#,voice-key.news
3949,Official髭男dism,Make Me Wonder,mid1G,hiD,hiF#,vocal-range.com
102,Official髭男dism,Pretender,mid1D#,hiC,hiC#,voice-key.news
168,Official髭男dism,Rolling,mid1G,hiC#,,voice-key.news
140,Official髭男dism,Rowan,mid1F#,hiB,hiD,voice-key.news
4656,Official髭男dism,SOULSOUP,mid1G,hiD,hiD,vocal-range.com
134,Official髭男dism,SWEET TWEET,mid2C,hiD,hiD,voice-key.news
4628,Official髭男dism,Same Blue,mid1F,hiC#,hiD#,vocal-range.com
3976,Official髭男dism,Sanitizer,mid1C#,hiC#,hiE,vocal-range.com
157,Official髭男dism,Second LINE,mid1G,hiD,hiD,voice-key.news
4839,Official髭男dism,Sharon,mid1D,hiC,hiD,vocal-range.com
151,Official髭男dism,Shower,mid1E,hiB,hiC#,voice-key.news
123,Official髭男dism,Stand By You,mid1C#,hiE,hiD,voice-key.news
108,Official髭男dism,Subtitle,mid1A#,hiC#,,voice-key.news
5426,Official髭男dism,TATTOO,mid1C,hiC,hiC,vocal-range.com
136,Official髭男dism,Tell Me Baby,mid2C,hiA#,hiC,voice-key.news
163,Official髭男dism,Trailer,mid1E,hiA,hiB,voice-key.news
118,Official髭男dism,Travelers,mid2A,hiA,hiF,voice-key.news
110,Official髭男dism,Universe,mid1G#,hiD,hiD#,voice-key.news
141,Official髭男dism,What's Going On?,mid1F#,hiB,hiC#,voice-key.news
6022,Official髭男dism,What's Going on？,mid1F#,hiB,hiC#,vocal-range.com
4840,Official髭男dism,うらみつらみきわみ,mid1G,hiC,hiD,vocal-range.com
124,Official髭男dism,されど日々は,mid1D,hiA,,voice-key.news
162,Official髭男dism,たかがアイラブユー,mid1C,hiC,hiC,voice-key.news
5448,Official髭男dism,みどりの雨避け,mid1D,mid2G,,vocal-range.com
107,Official髭男dism,らしさ,mid1D#,hiD,hiA#,voice-key.news
109,Official髭男dism,アポトーシス,mid1E,hiD#,hiD#,voice-key.news
104,Official髭男dism,イエスタデイ,mid1D#,hiC#,hiD#,voice-key.news
130,Official髭男dism,イコール,mid1D,hiC,,voice-key.news
114,Official髭男dism,コーヒーとシロップ,mid1E,hiC#,hiB,voice-key.news
149,Official髭男dism,ゼロのままでいられたら,mid1D,hiC,hiA#,voice-key.news
166,Official髭男dism,ダーリン,mid1E,hiC,,voice-key.news
167,Official髭男dism,ニットの帽子,mid1E,hiC,hiC,voice-key.news
5950,Official髭男dism,ノーダウト,mid2A,hiC#,hiB,vocal-range.com
121,Official髭男dism,バッドフォーミー,mid1G,hiC,hiA#,voice-key.news
117,Official髭男dism,パラボラ,mid1F,hiC,hiD,voice-key.news
120,Official髭男dism,ビンテージ,mid1D,hiC#,hiD#,voice-key.news
146,Official髭男dism,フィラメント,mid1G,hiD,,voice-key.news
156,Official髭男dism,ブラザーズ,mid2C,hiC,hiD,voice-key.news
137,Official髭男dism,ペンディング・マシーン,mid2A,hiC,hiD#,voice-key.news
4459,Official髭男dism,ホワイトノイズ,mid1D#,hiC,hiD#,vocal-range.com
103,Official髭男dism,ミックスナッツ,mid1D#,hiD,hiC#,voice-key.news
138,Official髭男dism,ラストソング,mid1E,hiA#,hiC,voice-key.news
143,Official髭男dism,夏模様の猫,mid1E,mid2G,hiA,voice-key.news
153,Official髭男dism,夕暮れ沿い,mid1F,hiA#,hiC,voice-key.news
161,Official髭男dism,始まりの朝,mid2A#,hiC#,hiD,voice-key.news
122,Official髭男dism,始発が導く幸福論,mid1G,hiC,,voice-key.news
106,Official髭男dism,宿命,mid1F,hiC,hiC,voice-key.news
113,Official髭男dism,恋の前ならえ,mid1F,hiA#,hiD,voice-key.news
128,Official髭男dism,恋の去り際,mid1F,hiC,,voice-key.news
6087,Official髭男dism,愛なんだが・・・,mid1F#,hiD,hiC,vocal-range.com
125,Official髭男dism,旅は道連れ,mid1A#,mid2G#,hiC,voice-key.news
5278,Official髭男dism,日常,mid1F#,hiB,hiD#,vocal-range.com
154,Official髭男dism,日曜日のラブレター,mid1E,hiC,hiA,voice-key.news
119,Official髭男dism,最後の恋煩い,mid1D#,hiA#,hiD#,voice-key.news
169,Official髭男dism,未完成なままで,mid1D#,hiC,,voice-key.news
126,Official髭男dism,犬かキャットかで死ぬまで喧嘩しよう！,mid1G,hiE,hiD,voice-key.news
131,Official髭男dism,異端なスター,mid1F,hiD#,hiD#,voice-key.news
127,Official髭男dism,発明家,mid1F,hiB,,voice-key.news
150,Official髭男dism,相思相愛,mid1D,hiB,hiC#,voice-key.news
155,Official髭男dism,破顔,mid1C#,hiA#,,voice-key.news
6372,Official髭男dism,笑顔の待つ場所,mid1F#,hiA,hiD,vocal-range.com
147,Official髭男dism,緑の雨避け,mid1D,mid2G,,voice-key.news
145,Official髭男dism,雪急く朝が来る,mid1F#,hiB,,voice-key.news
164,Official髭男dism,黄色い車,mid1F#,hiA#,mid2F#,voice-key.news
5459,Omoi,テオ,mid2D#,,,vocal-range.com
5093,Omoinotake,Blanco,mid1F,mid2G#,hiC#,vocal-range.com
1866,Omoinotake,EVERBLUE,mid1D#,hiD,hiF#,voice-key.news
3998,Omoinotake,ひとりごと,mid1D#,hiA,hiC#,vocal-range.com
1869,Omoinotake,アイオライト,mid1E,hiC#,hiE,voice-key.news
4070,Omoinotake,フェイクショー,mid1G,hiC#,hiG,vocal-range.com
1868,Omoinotake,モラトリアム,mid1C#,hiC#,hiF,voice-key.news
1862,Omoinotake,ラストノート,mid1C#,hiB,hiD,voice-key.news
1865,Omoinotake,幸せ,mid1C#,hiB,hiD#,voice-key.news
1861,Omoinotake,幾億光年,mid1D,hiC#,hiF#,voice-key.news
1867,Omoinotake,心音,mid1C,hiC#,hiD#,voice-key.news
1863,Omoinotake,渦幕,mid1B,hiD,hiE,voice-key.news
1870,Omoinotake,産声,mid1G#,hiD,hiF#,voice-key.news
1864,Omoinotake,蕾,mid1D#,hiC#,hiD,voice-key.news
6322,Orangestar,Sunflower (feat. 夏背.),mid1C#,hiD#,,vocal-range.com
5410,Orangestar,Surges,mid1F,,,vocal-range.com
4750,OxT,HOLLOW HUNGER,mid1A#,hiC#,hiB,vocal-range.com
6195,PANDORA feat.Beverly,Be The One,mid2F,hiG,,vocal-range.com
4938,PENGUIN RESEARCH,シニバショダンス,mid1G,hiB,,vocal-range.com
4937,PENGUIN RESEARCH,ボタン,mid1C,hiA,hiB,vocal-range.com
4939,PENGUIN RESEARCH,敗北の少年,mid1D#,hiA#,,vocal-range.com
5308,PENICILLIN,ロマンス,mid1C#,hiA#,hiA#,vocal-range.com
5247,PEOPLE 1,DOGLAND,lowF,hiC#,hiF,vocal-range.com
5246,PEOPLE 1,closer,mid1A,hiB,hiF#,vocal-range.com
5032,PEOPLE 1,怪獣,mid1A,hiB,hiA,vocal-range.com
4764,PEOPLE 1,魔法の歌,mid1B,hiC,,vocal-range.com
5168,PK shampoo,夜間通用口,mid1F,hiC,hiA#,vocal-range.com
3929,POSSIBILITY,sanagi,mid1F#,mid2F#,,vocal-range.com
4773,PUFFY,愛のしるし,mid2B,hiB,,vocal-range.com
5380,PUFFY,渚にまつわるエトセトラ,mid2B,hiC#,,vocal-range.com
5924,Perfume,FLASH,mid2A#,hiC#,,vocal-range.com
4017,Prague,バランスドール,mid1E,hiA,,vocal-range.com
4314,P丸様。,シル・ヴ・プレジデント,mid1G,hiD#,,vocal-range.com
4315,P丸様。,メンタルチェンソー,mid2A#,hiF,,vocal-range.com
6227,Queen,I Was Born To Love You,mid1D#,hiC#,,vocal-range.com
746,RADWIMPS,05410-(ん),mid1G,mid2G#,,voice-key.news
744,RADWIMPS,One Man Live,mid1E,mid2G,hiA,voice-key.news
745,RADWIMPS,me me she,mid1B,hiA,,voice-key.news
743,RADWIMPS,あいたい,mid1C,mid2E,,voice-key.news
742,RADWIMPS,いいんですか？,mid1F#,mid2G#,mid2G#,voice-key.news
4556,RADWIMPS,うるうびと,mid1F#,mid2G,mid2F#,vocal-range.com
741,RADWIMPS,おしゃかしゃま,mid1F,mid2G#,hiA#,voice-key.news
4789,RADWIMPS,すずめ feat.十明,mid2A,hiA,hiD,vocal-range.com
735,RADWIMPS,そっけない,mid1E,mid2G,hiA#,voice-key.news
734,RADWIMPS,だいだらぼっち,mid1E,mid2F#,,voice-key.news
732,RADWIMPS,なんでもないや,mid1C#,hiA#,hiB,voice-key.news
5933,RADWIMPS,なんでもないや(movie ver.),mid1C#,hiA#,hiB,vocal-range.com
731,RADWIMPS,ふたりごと,mid1F,mid2G,hiD,voice-key.news
730,RADWIMPS,ます。,mid2A,hiA,,voice-key.news
4818,RADWIMPS,カナタハルカ,mid1C#,mid2G,hiA,vocal-range.com
5987,RADWIMPS,グランドエスケープ (Movie edit) feat.三浦透子,mid1E,hiB,,vocal-range.com
740,RADWIMPS,ココロノナカ（Complete ver.）,mid1C#,mid2F#,hiA#,voice-key.news
739,RADWIMPS,コンドーム,mid1G,mid2G,,voice-key.news
5993,RADWIMPS,サイハテアイニ,mid1D,hiA,,vocal-range.com
738,RADWIMPS,ジェニファー山田さん,mid1F#,hiA,hiA,voice-key.news
737,RADWIMPS,スパークル,mid1B,mid2G#,,voice-key.news
5917,RADWIMPS,スパークル [original ver.],mid1C#,mid2G#,mid2G#,vocal-range.com
736,RADWIMPS,セプテンバーさん,mid1A,mid2G,hiA,voice-key.news
733,RADWIMPS,トレモロ,mid1E,mid2G,,voice-key.news
729,RADWIMPS,ララバイ,mid1E,mid2F#,hiB,voice-key.news
5231,RADWIMPS,五月の蝿,mid1C#,mid2G#,,vocal-range.com
718,RADWIMPS,前前前世,mid1F#,mid2F#,,voice-key.news
5896,RADWIMPS,前前前世 (movie ver.),mid1F#,mid2F#,,vocal-range.com
723,RADWIMPS,叫べ,mid1B,mid2G#,hiC#,voice-key.news
722,RADWIMPS,君と羊と青,mid1E,mid2G#,,voice-key.news
4010,RADWIMPS,命題,mid1A#,mid2G#,,vocal-range.com
724,RADWIMPS,夏のせい,mid1E,mid2F#,,voice-key.news
716,RADWIMPS,夢灯籠,mid1A#,mid2G#,,voice-key.news
715,RADWIMPS,夢番地,mid1E,hiA,hiA,voice-key.news
717,RADWIMPS,夢見月に何想ふ,mid1F#,mid2G#,hiD#,voice-key.news
6084,RADWIMPS,大丈夫,mid1E,mid2G,hiA,vocal-range.com
728,RADWIMPS,愛にできることはまだあるかい,mid1C#,mid2F#,,voice-key.news
720,RADWIMPS,指きりげんまん,mid1G,hiA,hiA,voice-key.news
719,RADWIMPS,新世界,mid1D,mid2G,mid2G,voice-key.news
721,RADWIMPS,最大公約数,mid1A#,mid2G#,hiA#,voice-key.news
714,RADWIMPS,有心論,mid1A,mid2G,,voice-key.news
6341,RADWIMPS,正解,mid1E,mid2F#,hiA,vocal-range.com
5899,RADWIMPS,泣き出しそうだよ feat あいみょん,mid1G,mid2G#,hiA,vocal-range.com
3979,RADWIMPS,狭心症,mid1D#,hiA#,,vocal-range.com
6015,RADWIMPS,祝祭 (Movie edit) feat. 三浦透子,mid2B,hiB,,vocal-range.com
4210,RADWIMPS,賜物,mid1B,mid2G,hiB,vocal-range.com
5882,RADWIMPS,透明人間18号,mid1E,mid2G,hiA,vocal-range.com
726,RADWIMPS,遠恋,mid1E,hiA,,voice-key.news
727,RADWIMPS,雨音子,mid2A,mid2G,,voice-key.news
725,RADWIMPS,音の葉,mid1D,mid2E,,voice-key.news
6190,RADWIMPS,風たちの声,mid1D,mid2G,hiB,vocal-range.com
4467,Reol,宵々古今,mid1F,hiF,hiG#,vocal-range.com
3813,RIP SLYME,One,mid1D,mid2E,,voice-key.news
3811,RIP SLYME,楽園ベイベー,mid1A,mid2E,,voice-key.news
3812,RIP SLYME,熱帯夜,lowG#,mid2F#,,voice-key.news
3814,RIP SLYME,黄昏サラウンド,lowF#,mid2D#,,voice-key.news
4269,ROSÉ & Bruno Mars,APT.,mid2A#,hiC,hiA#,vocal-range.com
4389,Ray,楽園PROJECT,mid2A,hiD,hiE,vocal-range.com
5757,ReoNa,ANIMA,mid2A#,hiC#,hiC,vocal-range.com
5420,ReoNa,生命線,mid1G#,hiC#,hiC#,vocal-range.com
5291,Reol,切っ先,mid1E,hiE,hiG,vocal-range.com
5429,Reol,極彩色,mid1G#,hiF#,hiF#,vocal-range.com
5428,Reol,第六感,mid1G,hiC,hiE,vocal-range.com
4968,Rhythmic Toy World,青と踊れ,mid1C,hiA#,hiD,vocal-range.com
3796,Rin音,April True,mid1A,mid2F#,,voice-key.news
3794,Rin音,Cherry Blossom,mid1A,mid2B,,voice-key.news
3797,Rin音,Naked Loving Summer,lowF,hiA#,hiA#,voice-key.news
3793,Rin音,gift socks,lowG,mid2E,mid2G,voice-key.news
3795,Rin音,sleepy wonder,mid1D,mid2C,,voice-key.news
3791,Rin音,snow jam,lowG#,mid2C#,,voice-key.news
3792,Rin音,夜明乃歌,mid1C#,mid2D#,,voice-key.news
1013,SEKAI NO OWARI,Death Disco,mid1C,mid2C,,voice-key.news
4066,SEKAI NO OWARI,Diary,mid1D#,hiA,,vocal-range.com
993,SEKAI NO OWARI,Dragon Night,mid1D#,mid2G,,voice-key.news
4986,SEKAI NO OWARI,Fight Music,mid1E,hiA,,vocal-range.com
1018,SEKAI NO OWARI,Habit,mid1C,mid2F,,voice-key.news
1011,SEKAI NO OWARI,Home,mid1A,mid2F,,voice-key.news
1012,SEKAI NO OWARI,LOVE SONG,mid1G#,mid2D#,hiB,voice-key.news
5705,SEKAI NO OWARI,MAGIC,mid1D,mid2G,,vocal-range.com
1014,SEKAI NO OWARI,PLAY,mid1C#,hiA,hiA,voice-key.news
994,SEKAI NO OWARI,RAIN,mid1D#,mid2F#,,voice-key.news
999,SEKAI NO OWARI,RPG,mid1C#,hiA,,voice-key.news
4861,SEKAI NO OWARI,silent,mid1E,hiA,,vocal-range.com
5314,SEKAI NO OWARI,tears,mid1E,hiD,hiB,vocal-range.com
996,SEKAI NO OWARI,umbrella,mid1D,hiA,hiC,voice-key.news
1005,SEKAI NO OWARI,アースチャイルド,mid1E,mid2G#,,voice-key.news
1017,SEKAI NO OWARI,イルミネーション,mid1D,mid2G,,voice-key.news
3932,SEKAI NO OWARI,インスタントラジオ,mid1D,hiA,,vocal-range.com
1019,SEKAI NO OWARI,エデン,mid1C#,mid2F#,,voice-key.news
4405,SEKAI NO OWARI,サザンカ,mid1C,hiA,hiA,vocal-range.com
1010,SEKAI NO OWARI,スターゲイザー,lowE,mid1D,,voice-key.news
998,SEKAI NO OWARI,スターライトパレード,mid2A,hiA,hiA#,voice-key.news
1000,SEKAI NO OWARI,スノーマジックファンタジー,mid1A,hiA,hiB,voice-key.news
5378,SEKAI NO OWARI,ターコイズ,mid1G#,mid2G,,vocal-range.com
1007,SEKAI NO OWARI,バードマン,lowE,mid2G#,mid2G#,voice-key.news
1009,SEKAI NO OWARI,プレゼント,mid1D,mid2G,,voice-key.news
1006,SEKAI NO OWARI,ムーンライトステーション,mid1A,mid2F,hiC,voice-key.news
4988,SEKAI NO OWARI,不死鳥,mid1D,hiA,hiC,vocal-range.com
1003,SEKAI NO OWARI,天使と悪魔,mid1D,mid2G,,voice-key.news
1015,SEKAI NO OWARI,幻の命,mid1E,mid2F#,hiB,voice-key.news
1002,SEKAI NO OWARI,最高到達点,mid1F,mid2F#,,voice-key.news
1004,SEKAI NO OWARI,炎と夢のカーニバル,mid1C#,hiA,,voice-key.news
5131,SEKAI NO OWARI,炎と森のカーニバル,mid1C#,hiA,,vocal-range.com
1001,SEKAI NO OWARI,生物学的幻想曲,mid1G,mid2G#,,voice-key.news
1008,SEKAI NO OWARI,白昼の夢,mid1A#,mid2C,,voice-key.news
997,SEKAI NO OWARI,眠り姫,mid1D,mid2F,,voice-key.news
1016,SEKAI NO OWARI,花鳥風月,mid1D,mid2G,,voice-key.news
992,SEKAI NO OWARI,虹色の戦争,mid1F#,mid2G,hiB,voice-key.news
995,SEKAI NO OWARI,青い太陽,lowG#,mid2G#,,voice-key.news
5766,SEVENTHLINKS feat. flower,p.h.,mid1D,,,vocal-range.com
5158,SG,僕らまた,mid1A#,mid2G#,mid2G,vocal-range.com
5776,SHE’S,Letter,lowG#,mid2F#,mid2G#,vocal-range.com
5842,SHE’S,Masquerade,mid1C,mid2G#,,vocal-range.com
5664,SHE’S,Spell On Me,mid1A#,hiA#,hiD#,vocal-range.com
5777,SHE’S,追い風,mid1C#,hiA#,hiC#,vocal-range.com
4036,SHISHAMO,僕に彼女ができたんだ,mid2A#,hiC#,,vocal-range.com
4034,SHISHAMO,君と夏フェス,mid2B,hiC,hiD,vocal-range.com
4035,SHISHAMO,明日も,mid1F#,hiC,hiD,vocal-range.com
4327,SHOW-YA,限界LOVERS,mid2C,hiE,,vocal-range.com
5700,SIAM SHADE,1/3の純情な感情,mid1C#,hiB,,vocal-range.com
5060,SICK HACK,ワタシダケユウレイ,mid1D#,hiB,,vocal-range.com
6319,SILENT SIREN,恋のエスパー,mid2B,hiC#,,vocal-range.com
4557,SINGER SONGER,初花凜々,mid1F#,hiB,hiD#,vocal-range.com
5280,SIX LOUNGE,リカ,mid1D#,hiB,,vocal-range.com
6376,SIX LOUNGE,天使のスーツケース,mid1E,hiB,hiB,vocal-range.com
2370,SMAP,Dear WOMAN,mid1C,mid2G,,voice-key.news
2375,SMAP,Smac,mid1D,mid2F#,,voice-key.news
2361,SMAP,This is love,mid1D,mid2F#,,voice-key.news
2355,SMAP,ありがとう,mid1C#,mid2G#,hiA#,voice-key.news
2357,SMAP,がんばりましょう,mid1F#,mid2G#,mid2G#,voice-key.news
5431,SMAP,この瞬間、きっと夢じゃない,mid1F,mid2G,hiA#,vocal-range.com
2358,SMAP,しようよ,mid1C,mid2G#,,voice-key.news
2368,SMAP,ずっと忘れない,mid1F,mid2G,,voice-key.news
2360,SMAP,そっと きゅっと,mid1C#,mid2F#,,voice-key.news
2374,SMAP,たいせつ,mid1B,mid2G#,,voice-key.news
2369,SMAP,はじめての夏,mid1D#,mid2G,,voice-key.news
2364,SMAP,らいおんハード,mid1D,mid2G,,voice-key.news
2356,SMAP,オレンジ,mid1B,mid2G,mid2G,voice-key.news
2377,SMAP,セロリ,mid1C#,mid2F#,,voice-key.news
2359,SMAP,世界に一つだけの花,mid1E,mid2F#,,voice-key.news
2367,SMAP,俺たちに明日はある,mid1E,hiA,,voice-key.news
2362,SMAP,僕の半分,mid1B,mid2F#,,voice-key.news
2373,SMAP,君色思い,mid1C#,mid2F#,,voice-key.news
2363,SMAP,夜空ノムコウ,mid1F,mid2G,,voice-key.news
2371,SMAP,弾丸ファイター,mid1G,hiA,hiA,voice-key.news
2376,SMAP,笑顔のゲンキ,mid1E,mid2F#,,voice-key.news
2365,SMAP,雪が降ってきた,mid1F,mid2G,,voice-key.news
2366,SMAP,青いイナズマ,mid1D,mid2G,,voice-key.news
6000,SOLIDEMO,Landscape,mid1C#,hiA#,,vocal-range.com
5178,SOMETIME’S,KAGERO,mid1A,mid2G,hiB,vocal-range.com
4754,SOUL’d OUT,TOKYO通信～Urbs Communication～,lowG,mid2E,hiA,vocal-range.com
2689,SPEED,Body & Soul,mid2B,hiD,hiD,voice-key.news
2688,SPEED,STEADY,mid2A#,hiD#,hiF,voice-key.news
2690,SPEED,Wake Me Up!,mid2A,hiF,,voice-key.news
2686,SPEED,White Love,mid2A#,hiD,hiD,voice-key.news
2687,SPEED,my graduation,mid2B,hiD#,,voice-key.news
2509,SPYAIR,BEAUTIFUL DAYS,mid1E,hiB,,voice-key.news
2516,SPYAIR,Far away,mid1F,mid2G#,,voice-key.news
2515,SPYAIR,I Wanna Be…,mid1F,mid2G#,,voice-key.news
2510,SPYAIR,JUST ON LIFE,mid1A,hiB,,voice-key.news
2521,SPYAIR,LIAR,mid2A#,hiA#,,voice-key.news
2522,SPYAIR,MIDNIGHT,mid1D,hiA,,voice-key.news
2520,SPYAIR,My Friend,mid1E,hiA,,voice-key.news
2519,SPYAIR,My World,mid1F,hiB,,voice-key.news
2518,SPYAIR,RAGE OF DUST,mid2A#,mid2G#,,voice-key.news
2517,SPYAIR,あの頃、僕らは同じ未来を,lowG#,hiA,,voice-key.news
2513,SPYAIR,アイム・ア・ビリーバー,mid1E,mid2G#,,voice-key.news
2508,SPYAIR,イマジネーション,mid1C#,hiA#,,voice-key.news
4227,SPYAIR,オレンジ,mid1C#,hiB,hiA,vocal-range.com
2507,SPYAIR,サクラミツツキ,mid1D#,mid2G#,,voice-key.news
5081,SPYAIR,サムライハート(Some Like It Hot!!),mid1A#,hiA#,,vocal-range.com
2514,SPYAIR,哀より愛し,mid1C,hiC,,voice-key.news
2505,SPYAIR,現状ディストラクション,mid1D,hiA,,voice-key.news
2506,SPYAIR,虹,mid1B,hiA,,voice-key.news
4225,SPYAIR,青,mid1C#,mid2G#,,vocal-range.com
2609,SPiCYSOL,Cyanotype,mid1A,mid2G,hiB,voice-key.news
2608,SPiCYSOL,Indian Summer,mid1F#,mid2F#,mid2G#,voice-key.news
2607,SPiCYSOL,Mellow Yellow,mid1C,mid2E,hiA,voice-key.news
2606,SPiCYSOL,Traffic Jam,mid1C,mid2G#,hiC,voice-key.news
4744,SUPER BEAVER,ひたむき,mid1C,hiA#,,vocal-range.com
5779,SUPER BEAVER,ひとりで生きていたならば,mid1F,mid1A#,,vocal-range.com
4470,SUPER BEAVER,グラデーション,mid1D,hiA,,vocal-range.com
4108,SUPER BEAVER,主人公,mid1B,mid2G#,,vocal-range.com
5778,SUPER BEAVER,予感,mid1B,hiA,,vocal-range.com
4559,SUPER BEAVER,人として,mid1D,hiA,,vocal-range.com
5279,SUPER BEAVER,儚くない,mid1C,hiA,,vocal-range.com
5149,SUPER BEAVER,名前を呼ぶよ,mid1D#,mid2G#,,vocal-range.com
5403,SURFACE,さぁ,mid1G,hiD,,vocal-range.com
465,Saucy Dog,404. NOT FOR ME,mid1F#,hiB,hiD,voice-key.news
463,Saucy Dog,BLUE,mid1E,hiC#,hiD,voice-key.news
464,Saucy Dog,Be yourself,mid1C#,hiC#,hiD#,voice-key.news
460,Saucy Dog,Wake,mid1B,hiB,hiC#,voice-key.news
462,Saucy Dog,poi,mid1G,hiB,hiD,voice-key.news
461,Saucy Dog,sugar,mid1G,hiD,hiC,voice-key.news
459,Saucy Dog,あぁ、もう。,mid1B,hiC#,hiE,voice-key.news
458,Saucy Dog,あとの話,mid1G#,hiA#,hiF,voice-key.news
457,Saucy Dog,いつか,mid1D,hiC,hiE,voice-key.news
456,Saucy Dog,くせげ,mid1F#,hiB,hiD,voice-key.news
453,Saucy Dog,この長い旅路の中で,mid1F,hiD,hiC,voice-key.news
444,Saucy Dog,なつやすみ,mid1B,hiB,hiB,voice-key.news
439,Saucy Dog,わけあって,mid1D,hiC,,voice-key.news
455,Saucy Dog,グッバイ,mid1G#,hiC,hiC,voice-key.news
452,Saucy Dog,コンタクトケース,mid1C#,hiC#,hiD#,voice-key.news
454,Saucy Dog,ゴーストバスター,mid1A#,hiB,hiD#,voice-key.news
451,Saucy Dog,サマーデイドリーム,mid1B,hiB,hiF#,voice-key.news
448,Saucy Dog,シンデレラボーイ,mid1E,hiC#,hiE,voice-key.news
450,Saucy Dog,シーグラス,mid1C,hiC,hiD,voice-key.news
449,Saucy Dog,ジオラマ,mid2A,hiB,hiE,voice-key.news
447,Saucy Dog,スタンド・バイ・ミー,mid2A,hiB,hiE,voice-key.news
446,Saucy Dog,スパイス,mid1A#,hiB,hiA#,voice-key.news
445,Saucy Dog,ナイトクロージング,mid1D#,hiC#,,voice-key.news
443,Saucy Dog,ノンフィクション,mid1D,hiC,hiD,voice-key.news
442,Saucy Dog,バンドワゴンに乗って,mid1E,hiC#,,voice-key.news
441,Saucy Dog,メトロノウム,mid1E,hiC#,hiD,voice-key.news
440,Saucy Dog,リスポーン,mid1G#,hiD#,hiC#,voice-key.news
428,Saucy Dog,世界の果て,mid1E,hiC#,hiE,voice-key.news
433,Saucy Dog,今更だって僕は言うかな,mid1F#,hiA#,mid2G#,voice-key.news
419,Saucy Dog,優しさに溢れた世界で,mid1D,hiB,hiD,voice-key.news
437,Saucy Dog,君がいない,mid1F,hiC#,hiD#,voice-key.news
436,Saucy Dog,君ト餃子,mid1C#,hiA#,hiC#,voice-key.news
420,Saucy Dog,夢みるスーパーマン,mid1D#,hiC#,hiD#,voice-key.news
426,Saucy Dog,届かない,mid1D,hiD,hiD,voice-key.news
438,Saucy Dog,怪物たちよ,mid1B,hiC#,hiF#,voice-key.news
425,Saucy Dog,曇りのち,mid1E,hiD,hiD,voice-key.news
434,Saucy Dog,月に住む君,mid1D,hiD,hiE,voice-key.news
427,Saucy Dog,東京,mid1C#,hiC#,hiD#,voice-key.news
424,Saucy Dog,猫の背,mid1C#,hiC#,hiC#,voice-key.news
5470,Saucy Dog,現在を生きるのだ。,mid1F,hiA#,hiC#,vocal-range.com
430,Saucy Dog,真昼の月,mid1C#,hiC#,hiD#,voice-key.news
432,Saucy Dog,紫苑,mid1G,hiC,hiF,voice-key.news
435,Saucy Dog,結,mid1D#,hiC#,hiD#,voice-key.news
431,Saucy Dog,週末グルーミー,mid1C#,hiC#,hiC#,voice-key.news
429,Saucy Dog,雀ノ欠伸,mid1E,hiD,hiE,voice-key.news
418,Saucy Dog,雷に打たれて,mid1G#,hiC#,hiC#,voice-key.news
423,Saucy Dog,馬鹿みたい。,mid1A#,hiC,hiD#,voice-key.news
422,Saucy Dog,魔法が解けたら,mid1C,hiA,hiE,voice-key.news
421,Saucy Dog,魔法にかけられて,mid1D,hiD,hiE,voice-key.news
5661,Sentimental boys,metro.,mid1C#,hiB,,vocal-range.com
4476,SiM,KiLLiNG ME,mid2A#,hiA#,,vocal-range.com
3883,SiM,The Rumbling,mid1C,hiA#,,vocal-range.com
5151,Siip,オドレテル,mid1C#,hiB,hiF#,vocal-range.com
5150,Siip,来世でも,mid1D#,mid2G#,mid2F#,vocal-range.com
5670,SixTONES,Imitation Rain,mid1D#,hiA,hiC#,vocal-range.com
2723,SixTONES,あいことば,mid1D,hiA,hiA,voice-key.news
2722,SixTONES,オレンジkiss,mid1C,mid2G#,hiA#,voice-key.news
2718,SixTONES,カリスマックス,mid1A,hiC,,voice-key.news
2719,SixTONES,タペストリー,mid1F,mid2G,hiA#,voice-key.news
2720,SixTONES,ブラザービート,mid1A,mid2E,hiC#,voice-key.news
5810,SixTONES,マスカラ,mid1D,mid2G#,hiA,vocal-range.com
2721,SixTONES,君の彼氏になりたい。,mid1A#,mid2G,,voice-key.news
2540,Sonar Pocket,100年先まで愛します。,mid1C#,mid2G#,hiB,voice-key.news
2539,Sonar Pocket,365日のラブストーリー。,mid1E,mid2G,mid2F#,voice-key.news
2547,Sonar Pocket,Promise,mid1E,hiA#,,voice-key.news
2538,Sonar Pocket,あなたのうた,mid1D#,mid2G#,,voice-key.news
2546,Sonar Pocket,ネバギバ,mid1F,mid2G#,,voice-key.news
2545,Sonar Pocket,ラブレター。〜いつだって逢いたくて〜,lowG#,hiA#,,voice-key.news
2543,Sonar Pocket,一期一会,mid1B,mid2G,,voice-key.news
2541,Sonar Pocket,君と見る未来。,lowG#,hiA,,voice-key.news
2544,Sonar Pocket,失恋 〜君は今、幸せですか？〜,mid1C#,hiB,,voice-key.news
2537,Sonar Pocket,好きだよ。〜100回の後悔〜,mid1F,mid2G#,hiA#,voice-key.news
2542,Sonar Pocket,感謝,mid1G,mid2G,hiB,voice-key.news
2548,Sonar Pocket,戻らないラブストーリー,mid1D,mid2G#,,voice-key.news
5769,Sou,ミスターフィクサー,mid1E,hiC,,vocal-range.com
3940,Sound Schedule,ピーターパン・シンドローム,mid1D#,hiA#,hiC,vocal-range.com
5444,Stray Kids,CASE 143 -Japanese ver.-,lowG#,hiA#,hiF#,vocal-range.com
2616,Suchmos,808,mid1F#,hiA,hiA,voice-key.news
2615,Suchmos,MINT,mid1F#,mid2G,,voice-key.news
2613,Suchmos,Miree,mid1G#,mid2F#,hiA#,voice-key.news
2614,Suchmos,STAY TUNE,mid1F,mid2G,hiE,voice-key.news
2617,Suchmos,YMM,mid1A#,mid2G,,voice-key.news
2405,SunSet Swish,As We Are,,hiA,hiA#,voice-key.news
2403,SunSet Swish,あなたの街で逢いましょう,mid1D,hiA,,voice-key.news
2396,SunSet Swish,ありがとう,mid1E,hiA,hiB,voice-key.news
2399,SunSet Swish,さくらびと,mid1E,hiB,,voice-key.news
2397,SunSet Swish,マイペース,mid1E,hiA,hiA,voice-key.news
2398,SunSet Swish,モザイクカケラ,mid1C,mid2G#,hiC#,voice-key.news
2401,SunSet Swish,三日月の舟,mid1E,mid2G#,,voice-key.news
2400,SunSet Swish,君がいるから,mid1D,hiA,,voice-key.news
2404,SunSet Swish,翼を持つ者達へ,mid1E,hiA,,voice-key.news
2441,Superfly,99,mid2A#,hiD#,,voice-key.news
2438,Superfly,Alright!!,mid2C,hiF,,voice-key.news
2440,Superfly,Ambitious,mid1G#,hiC#,,voice-key.news
2431,Superfly,Beautiful,mid2A#,hiF,,voice-key.news
2436,Superfly,Gifts,mid1G,hiD#,hiC#,voice-key.news
2443,Superfly,My Best Of My Life,mid1F#,hiD#,hiD,voice-key.news
2444,Superfly,Wildflower,mid1E,hiE,,voice-key.news
2437,Superfly,やさしい気持ちで,mid1F#,hiE,,voice-key.news
2432,Superfly,タマシイレボリューション,mid2A,hiE,,voice-key.news
2430,Superfly,フレア,mid2A,hiD,hiD,voice-key.news
2435,Superfly,愛をからだに吹き込んで,mid1F#,hiE,,voice-key.news
2429,Superfly,愛をこめて花束を,mid1G,hiF,,voice-key.news
2442,Superfly,氷に閉じこめて,mid1E,hiD,hiE,voice-key.news
2439,Superfly,覚醒,mid1G,hiD#,hiF,voice-key.news
2433,Superfly,輝く月のように,mid1G,hiD,hiD,voice-key.news
2434,Superfly,黒い雫,mid1F#,hiD,,voice-key.news
4751,Survive Said The Prophet,Network System,mid1F,hiC,hiD#,vocal-range.com
4596,Survive Said The Prophet,Right and Left,mid1D,hiC,hiE,vocal-range.com
5083,Syrup 16g,Reborn,mid1B,mid2F#,,vocal-range.com
5269,T-Pistonz+KMC,つながリーヨ,mid1G,hiC,,vocal-range.com
5017,T.M.Revolution,HIGH PRESSURE,mid1G#,hiA,,vocal-range.com
5018,T.M.Revolution,WHITE BREATH,mid2B,hiB,,vocal-range.com
5019,T.M.Revolution,HOT LIMIT,mid1F#,hiA#,,vocal-range.com
6338,TAK MATSUMOTO,勝手にしやがれ（featuring 稲葉浩志）,mid1D#,hiA#,,vocal-range.com
6185,TAK MATSUMOTO featuring ZARD,異邦人,mid2A#,hiC,hiC,vocal-range.com
5716,TERRASPEX,AMAZING BREAK,mid1F,hiD#,,vocal-range.com
4525,THE ALFEE,星空のディスタンス,mid1F#,hiA#,,vocal-range.com
5558,THE BEAT GARDEN,Snow White Girl,mid1F,hiA#,mid2G#,vocal-range.com
4714,THE BEAT GARDEN,Start Over,mid1E,hiA,,vocal-range.com
2708,THE BLUE HEARTS,TRAIN-TRAIN,mid1G#,mid2F#,,voice-key.news
2707,THE BLUE HEARTS,リンダ リンダ,mid1B,mid2G,,voice-key.news
2709,THE BLUE HEARTS,人にやさしく,mid1C#,mid2F#,,voice-key.news
2705,THE BLUE HEARTS,情熱の薔薇,mid1F,mid2G,,voice-key.news
2706,THE BLUE HEARTS,青空,mid1E,mid2F#,,voice-key.news
4648,THE HIGH-LOWS[ザ・ハイロウズ],千年メダル,mid1E,hiA,,vocal-range.com
5601,THE HIGH-LOWS[ザ・ハイロウズ],青春,mid1E,mid2F,,vocal-range.com
6401,THE ORAL CIGARETTES,5150,mid1G,hiA,hiA#,vocal-range.com
4605,THE ORAL CIGARETTES,A-E-U-I,mid1G#,mid2G#,hiC,vocal-range.com
6249,THE ORAL CIGARETTES,BLACK MEMORY,mid1G#,hiA,hiB,vocal-range.com
4682,THE ORAL CIGARETTES,トナリアウ,mid1E,hiA,hiD,vocal-range.com
4748,THE ORAL CIGARETTES,リコリス,mid1G,hiA#,,vocal-range.com
5614,THE ORAL CIGARETTES,ワガママで誤魔化さないで,mid1F,hiA#,mid2G,vocal-range.com
4540,THE ORAL CIGARETTES,容姿端麗な嘘,mid1G,hiB,hiB,vocal-range.com
5326,THE ORAL CIGARETTES,気づけよBaby,mid1F#,mid2G#,hiB,vocal-range.com
4606,THE ORAL CIGARETTES,狂乱 Hey Kids!!,mid1D#,hiA#,hiC,vocal-range.com
5421,THE ORAL CIGARETTES,逆恨み小僧,mid1D,hiD,,vocal-range.com
4534,THE RAMPAGE from EXILE TRIBE,Endless Happy-Ending,lowG#,hiB,hiD,vocal-range.com
4535,THE RAMPAGE from EXILE TRIBE,ハジマリノウタ,mid1E,mid2G,hiA,vocal-range.com
4536,THE RAMPAGE from EXILE TRIBE,片隅,mid1C#,mid2G#,hiA#,vocal-range.com
4758,THE ROOTLESS,One day,mid1C#,hiC#,,vocal-range.com
6102,THE SIXTH LIE,Shadow is the Light,mid1F,hiC,,vocal-range.com
4815,THE SUPER FRUIT,チグハグ,mid1E,mid2G,,vocal-range.com
2648,THE YELLOW MONKEY,BURN,mid1C,mid2G,,voice-key.news
2643,THE YELLOW MONKEY,JAM,mid1C,mid2F,,voice-key.news
2644,THE YELLOW MONKEY,SPARK,mid1E,mid2F#,,voice-key.news
2651,THE YELLOW MONKEY,TACTICS,mid1D,mid2G,,voice-key.news
2650,THE YELLOW MONKEY,アバンギャルドで行こうよ,mid1F#,mid2E,,voice-key.news
2645,THE YELLOW MONKEY,バラ色の日々,mid1G,hiA,,voice-key.news
2652,THE YELLOW MONKEY,天道虫,mid1E,mid2G,,voice-key.news
2646,THE YELLOW MONKEY,太陽が燃えている,mid1E,mid2E,,voice-key.news
2654,THE YELLOW MONKEY,悲しきASIAN BOY,mid1F#,mid2E,,voice-key.news
5265,THE YELLOW MONKEY,楽園,mid1E,mid2F#,,vocal-range.com
2653,THE YELLOW MONKEY,球根,mid1C,mid2G,,voice-key.news
2647,THE YELLOW MONKEY,砂の塔,mid1C#,mid2G,,voice-key.news
2649,THE YELLOW MONKEY,追憶のマーメイド,mid1D,mid2F#,,voice-key.news
5393,THEE MICHELLE GUN ELEPHANT,世界の終わり,mid1F#,mid2G,,vocal-range.com
6263,THREE LIGHTS DOWN KINGS,グロリアスデイズ,mid1E,hiB,hiD,vocal-range.com
4760,TK from 凛として時雨,As long as I love (with 稲葉浩志),mid2B,hiD,hiG,vocal-range.com
2789,TK from 凛として時雨,Fantastic Magic,mid1E,hiG#,hiG#,voice-key.news
4206,TK from 凛として時雨,Katharsis,mid1G#,hihiA,hiG#,vocal-range.com
2786,TK from 凛として時雨,P.S. RED I,mid1F,hiF,hiF#,voice-key.news
4555,TK from 凛として時雨,Scratch (with 稲葉浩志),mid1A,hiC,hiG,vocal-range.com
2785,TK from 凛として時雨,Signal,mid2A,hiC,hiF,voice-key.news
2783,TK from 凛として時雨,UN-APEX,mid2A#,hiF,hiG,voice-key.news
2784,TK from 凛として時雨,copy light,mid1G#,hiD#,hiF,voice-key.news
2782,TK from 凛として時雨,first death,mid1G,hiD#,hiG,voice-key.news
2780,TK from 凛として時雨,katharsis,mid1G#,hihiA,hiG#,voice-key.news
2779,TK from 凛として時雨,unravel,mid2A#,hiD#,hiG,voice-key.news
2787,TK from 凛として時雨,クジャクジャノマアムアイア,mid1D#,hiD#,hiF,voice-key.news
4723,TK from 凛として時雨,掌の世界 (with 斎藤宏介),mid1G,hiD,hiD,vocal-range.com
2788,TK from 凛として時雨,蝶の飛ぶ水槽,mid1E,hihiB,hiG#,voice-key.news
2781,TK from 凛として時雨,誰我為,mid1F#,hihiA#,hiF#,voice-key.news
4130,TM NETWORK,BEYOND THE TIME (メビウスの宇宙を越えて),mid1E,mid2E,hiA,vocal-range.com
4928,TM NETWORK,Get Wild,mid2A,mid2G,,vocal-range.com
4927,TM NETWORK,STILL LOVE HER (失われた風景),mid1E,mid2F#,,vocal-range.com
2938,TOKIO,AMBITIOUS JAPAN！,mid1C,mid2G,,voice-key.news
2937,TOKIO,LOVE YOU ONLY,mid1D,mid2G,,voice-key.news
5565,TOKIO,ひかりのまち,mid1D,mid2G,,vocal-range.com
2939,TOKIO,リリック,mid1G,hiA,,voice-key.news
2936,TOKIO,宙船,mid1E,mid2G,,voice-key.news
2940,TOKIO,花唄,mid1D,mid2G,mid2G,voice-key.news
2941,TOKIO,雨傘,mid2A,hiA#,hiA#,voice-key.news
3931,TOMOO,Ginger,mid1D#,hiA,hiD,vocal-range.com
4222,TOMOO,コントラスト,mid1G,hiA,hiD,vocal-range.com
5298,TOM★CAT,TOUGH BOY,mid1G#,hiC#,,vocal-range.com
2901,TOOBOE,oxygen,mid1C,mid2G,hiC,voice-key.news
2902,TOOBOE,ゆりかご,mid1C#,mid2E,hiB,voice-key.news
2898,TOOBOE,心臓,mid1C#,mid2G#,hiC#,voice-key.news
2899,TOOBOE,敗北,mid1C,mid2G,hiA#,voice-key.news
2900,TOOBOE,赫い夜,mid1B,mid2G#,hiB,voice-key.news
4340,TOOBOE,錠剤,mid1A,mid2G,hiA,vocal-range.com
3924,TREASURE,B.L.T (BLING LIKE THIS),mid1E,hiD,,vocal-range.com
6219,TRUSTRICK,If-君が行くセカイ-,mid2B,hiB,hiE,vocal-range.com
4873,TUBE,あー夏休み,mid1F#,hiB,,vocal-range.com
4872,TUBE,シーズン・イン・ザ・サン,mid1E,hiA,,vocal-range.com
4874,TUBE,夏を抱きしめて,mid1F,hiB,,vocal-range.com
2878,Tani Yuuki,FREYA,mid1C,hiA,hiC,voice-key.news
2872,Tani Yuuki,Myra,mid1B,mid2G#,hiC,voice-key.news
2882,Tani Yuuki,Over The Time,mid1A,hiB,hiB,voice-key.news
2875,Tani Yuuki,Unreachable love song,mid1E,hiA,hiA,voice-key.news
2870,Tani Yuuki,W/X/Y,mid1D,mid2G,hiA#,voice-key.news
2880,Tani Yuuki,life is beautiful,mid1A,hiA#,,voice-key.news
2873,Tani Yuuki,おかえり,mid1B,mid2F#,,voice-key.news
2871,Tani Yuuki,もう一度,mid1E,hiA#,hiC#,voice-key.news
4442,Tani Yuuki,アンタレス,mid1C,hiD#,hiD#,vocal-range.com
5284,Tani Yuuki,多面態,mid1A#,hiD#,hiC,vocal-range.com
2876,Tani Yuuki,夢喰,mid1C#,hiB,,voice-key.news
4112,Tani Yuuki,後悔史,mid1D,hiC,hiC,vocal-range.com
2874,Tani Yuuki,愛言葉,mid1G,mid2G,hiC,voice-key.news
2883,Tani Yuuki,曖昧ミーマイン,mid1C#,hiB,,voice-key.news
2885,Tani Yuuki,決別の唄,mid1A,hiA,,voice-key.news
2881,Tani Yuuki,油性マジック,mid1F,hiC,hiD#,voice-key.news
2884,Tani Yuuki,百鬼夜行,mid1D,mid2G#,,voice-key.news
2879,Tani Yuuki,自分自身,mid1C,hiA#,hiA#,voice-key.news
2877,Tani Yuuki,非lie心,mid1C,mid2G#,,voice-key.news
3933,Tele,花瓶,mid1B,hiA,hiC#,vocal-range.com
4689,The Beatles[ビートルズ],Let It Be,mid1E,hiA,hiC,vocal-range.com
6040,The GazettE,「これで良かったんです…」,lowF#,mid2F#,hiB,vocal-range.com
5746,The Songbards,マジック,mid1F,mid2G#,hiA#,vocal-range.com
5136,The Weeknd,Out of Time,mid1G,hiC,hiC,vocal-range.com
5219,This is LAST,#情とは,mid1A,hiA,hiA,vocal-range.com
5338,This is LAST,カスミソウ,mid1A,hiA,,vocal-range.com
6359,UNCHAIN,Libyan Glass,mid1G,hiA#,hiD#,vocal-range.com
5506,UNICORN[ユニコーン],大迷惑,mid1F#,hiA#,,vocal-range.com
6080,UNISON SQUARE GARDEN,"Catch up, latency",mid1B,hiB,,vocal-range.com
4290,UNISON SQUARE GARDEN,Invisible Sensation,mid1F,hiC,,vocal-range.com
5313,UNISON SQUARE GARDEN,Phantom Joke,mid2A,hiC,hiD,vocal-range.com
3589,UNISON SQUARE GARDEN,cody beats,mid2A,hiC,,voice-key.news
3597,UNISON SQUARE GARDEN,fake town baby,mid1G#,hiC#,,voice-key.news
4594,UNISON SQUARE GARDEN,kaleido proud fiesta,mid2A#,hiC,hiD#,vocal-range.com
4288,UNISON SQUARE GARDEN,mix juiceのいうとおり,mid2A,hiC,,vocal-range.com
3590,UNISON SQUARE GARDEN,さよならサマータイムマシン,mid1G#,hiB,,voice-key.news
3593,UNISON SQUARE GARDEN,アイラブニージュー,mid2B,hiB,,voice-key.news
3588,UNISON SQUARE GARDEN,アンドロメダ,mid1E,hiC,,voice-key.news
3582,UNISON SQUARE GARDEN,オリオンをなぞる,mid1G#,hiB,,voice-key.news
4803,UNISON SQUARE GARDEN,カオスが極まる,mid1E,hiC,,vocal-range.com
3583,UNISON SQUARE GARDEN,シュガーソングとビターステップ,mid1F#,hiB,,voice-key.news
4019,UNISON SQUARE GARDEN,センチメンタルピリオド,mid1G#,hiB,,vocal-range.com
4527,UNISON SQUARE GARDEN,フルカラープログラム,mid1F#,hiB,,vocal-range.com
3595,UNISON SQUARE GARDEN,リニアブルーを聴きながら,mid1G#,hiC,,voice-key.news
3592,UNISON SQUARE GARDEN,一人思うは雨の中,mid1F#,hiA#,,voice-key.news
3591,UNISON SQUARE GARDEN,何かが変わりそう,mid1E,hiB,,voice-key.news
3586,UNISON SQUARE GARDEN,僕は君になりたい,mid1G,hiA,,voice-key.news
3599,UNISON SQUARE GARDEN,君の瞳に恋してない,mid1F,hiB,hiC,voice-key.news
3587,UNISON SQUARE GARDEN,夜が揺れている,mid1G,hiA#,,voice-key.news
3584,UNISON SQUARE GARDEN,天国と地獄,mid1C#,hiC#,,voice-key.news
6356,UNISON SQUARE GARDEN,徹頭徹尾夜な夜なドライブ,mid2A#,hiA#,,vocal-range.com
3596,UNISON SQUARE GARDEN,春が来てぼくら,mid1E,hiB,,voice-key.news
3594,UNISON SQUARE GARDEN,桜のあと(all quartets lead to the?),mid2A,hiB,,voice-key.news
3600,UNISON SQUARE GARDEN,流星のスコール,mid1B,hiB,,voice-key.news
3585,UNISON SQUARE GARDEN,等身大の地球,mid1A,hiB,,voice-key.news
6034,UNISON SQUARE GARDEN,黄昏インザスパイ,mid1C,hiC,hiD,vocal-range.com
5120,UVERworld,0 choir,mid1D#,hiC,,vocal-range.com
1281,UVERworld,7th Trigger,mid2A,hiE,,voice-key.news
1291,UVERworld,7日目の決意,mid1G#,hiC#,,voice-key.news
1293,UVERworld,AFTER LIFE,mid1D,mid2F#,,voice-key.news
1290,UVERworld,AS ONE,mid1C,hiC#,,voice-key.news
4653,UVERworld,AVALANCHE,mid1D#,hiB,,vocal-range.com
1300,UVERworld,AWAYOKUBA-斬る,mid1G#,hiC#,,voice-key.news
1296,UVERworld,CHANCE!,mid1G,hiA,,voice-key.news
1278,UVERworld,CORE PRIDE,mid1D,hiD,,voice-key.news
1302,UVERworld,Collide,mid1E,hiC,,voice-key.news
1282,UVERworld,Colors of the Heart,mid1F#,hiA,mid2F#,voice-key.news
1275,UVERworld,D-tecnoLife,mid1B,hiA,,voice-key.news
1298,UVERworld,DECIDED,mid2B,hiD,,voice-key.news
1301,UVERworld,EDENへ,mid1C,hiA#,,voice-key.news
5634,UVERworld,EN,mid1E,mid1F#,,vocal-range.com
5048,UVERworld,Eye's Sentry,mid2A#,hiB,,vocal-range.com
6169,UVERworld,Fight For Liberty,mid1D#,hiC#,,vocal-range.com
4463,UVERworld,GO-ON,mid1G#,hiC#,hiC#,vocal-range.com
4737,UVERworld,HOURGLASS,mid1B,hiB,,vocal-range.com
1286,UVERworld,KINJITO,mid1B,hiD#,hiB,voice-key.news
1299,UVERworld,MONDO PIECE,mid1D,hiA,hiD,voice-key.news
4684,UVERworld,ODD FUTURE,mid1C,hiC,hiC,vocal-range.com
5564,UVERworld,PRAYING RUN,mid1F#,hiD,,vocal-range.com
1295,UVERworld,REVERSI,mid1D,hiA,,voice-key.news
1274,UVERworld,ROB THE FRONTIER,mid2A,hiC,,voice-key.news
6074,UVERworld,Roots,mid1F,hiC#,,vocal-range.com
1273,UVERworld,SHAMROCK,mid1F#,mid2G#,hiB,voice-key.news
6389,UVERworld,SHOUT LOVE,mid1E,,,vocal-range.com
1272,UVERworld,THE OVER,mid1A#,hiC,hiC,voice-key.news
5276,UVERworld,Theory,mid2A,hiC,,vocal-range.com
1270,UVERworld,Touch off,mid1E,hiB,,voice-key.news
6067,UVERworld,Wizard CLUB,mid1C#,hiC#,,vocal-range.com
5730,UVERworld,a lovely tone,mid1E,hiB,,vocal-range.com
1266,UVERworld,endscape,lowG,hiA#,hiD,voice-key.news
6088,UVERworld,world LOST world,mid1C#,hiC#,,vocal-range.com
6045,UVERworld,ほんの少し,mid1A#,hiB,,vocal-range.com
1284,UVERworld,エミュー,mid1E,hiE,,voice-key.news
1267,UVERworld,オトノハ,mid1A,hiB,,voice-key.news
1287,UVERworld,クオリア,mid1C#,hiC#,hiC,voice-key.news
4100,UVERworld,シャカビーチ～Laka Laka La～,mid1C#,hiC#,,vocal-range.com
4603,UVERworld,シリウス,mid1F#,hiC#,,vocal-range.com
1279,UVERworld,トキノナミダ,mid1B,hiB,,voice-key.news
1292,UVERworld,ナノ・セカンド,mid1D#,hiC,,voice-key.news
4532,UVERworld,一億分の一の小説,mid1G#,hiC#,,vocal-range.com
1265,UVERworld,一滴の影響,mid2C,hiC,,voice-key.news
1289,UVERworld,僕の言葉ではない これは僕達の言葉,mid1E,hiC,,voice-key.news
1276,UVERworld,儚くも永久のカナシ,mid1E,hiB,hiC#,voice-key.news
1268,UVERworld,君の好きなうた,mid1F#,hiA#,mid2G#,voice-key.news
1271,UVERworld,哀しみはきっと,mid1C#,mid2G#,hiC,voice-key.news
1288,UVERworld,在るべき形,mid1G#,hiC#,,voice-key.news
1303,UVERworld,恋いしくて,mid1C,hiC,hiC#,voice-key.news
1277,UVERworld,来鳥江,mid1G#,mid2G#,hiB,voice-key.news
1283,UVERworld,浮世CROSSING,mid2C,hiC,,voice-key.news
1280,UVERworld,激動,mid1G#,hiC#,mid2G#,voice-key.news
1297,UVERworld,白昼夢,mid1D#,hiC#,,voice-key.news
1269,UVERworld,美影意志,mid1C,mid2G#,mid2F,voice-key.news
1294,UVERworld,魑魅魍魎マーチ,mid1E,hiD#,,voice-key.news
1749,Uru,The last rain,mid1F,hiD#,hiD#,voice-key.news
1746,Uru,remember,mid1F,hiD,hiD,voice-key.news
1743,Uru,あなたがいることで,mid1E,hiC,hiD,voice-key.news
1747,Uru,あなたがここにいて抱きしめることができるなら,mid1F#,hiC#,hiC#,voice-key.news
1753,Uru,ごめんね。,mid2A,hiD,hiD,voice-key.news
1750,Uru,しあわせの詩,mid1G,hiD#,hiD#,voice-key.news
4739,Uru,それを愛と呼ぶなら,mid1F,hiD,hiD#,vocal-range.com
5070,Uru,アンビバレント,mid1G,hiD,hiD,vocal-range.com
1744,Uru,フリージア,mid2A,hiD,hiD,voice-key.news
1742,Uru,プロローグ,mid2C,hiD,hiE,voice-key.news
1745,Uru,奇蹟,mid1F#,hiE,hiE,voice-key.news
1752,Uru,娘より,mid1G,hiC#,hiC#,voice-key.news
1751,Uru,追憶のふたり,mid1G#,hiC#,hiC#,voice-key.news
1748,Uru,願い,mid1G,hiD#,hiD#,voice-key.news
520,Vaundy,1リッター分の愛をこめて,mid1A#,mid2F,hiA#,voice-key.news
509,Vaundy,Bye by me,mid1E,hiA,hiC,voice-key.news
506,Vaundy,CHAINSAW BLOOD,mid2A,hiA,hiB,voice-key.news
514,Vaundy,HERO,mid1D,hiC,,voice-key.news
523,Vaundy,Tokimeki,mid1C,hiA#,hiC,voice-key.news
510,Vaundy,benefits,mid1C,mid2G,,voice-key.news
513,Vaundy,life hack,mid1E,mid2F#,,voice-key.news
522,Vaundy,mabataki,mid1D,hiA,hiB,voice-key.news
494,Vaundy,napori,mid1B,mid2G#,hiB,voice-key.news
501,Vaundy,soramimi,mid1A,hiC,,voice-key.news
497,Vaundy,しわあわせ,mid1C,hiC,hiF,voice-key.news
503,Vaundy,そんなbitterな話,mid1E,hiB,hiE,voice-key.news
516,Vaundy,まぶた,mid1D,hiB,hiB,voice-key.news
5201,Vaundy,カーニバル,mid1A,hiB,hiD,vocal-range.com
496,Vaundy,タイムパラドックス,mid1D,hiB,hiA,voice-key.news
5244,Vaundy,トドメの一撃 feat. Cory Wong,mid1F#,hiA#,hiC#,vocal-range.com
4854,Vaundy,ホムンクルス,mid1E,hiA,hiB,vocal-range.com
493,Vaundy,不可幸力,mid1A#,hiA#,hiC,voice-key.news
499,Vaundy,世界の秘密,mid1C#,mid2F#,,voice-key.news
515,Vaundy,二人話,mid1C#,hiA,hiC#,voice-key.news
526,Vaundy,僕にはどうしてわかるんだろう,mid1B,hiC#,,voice-key.news
511,Vaundy,僕は今日も,lowG,hiC,hiD,voice-key.news
525,Vaundy,再会,mid1C,hiC,hiC#,voice-key.news
521,Vaundy,忘れ物,mid1F,hiA,hiC,voice-key.news
492,Vaundy,怪獣の花唄,mid1G,hiB,hiD,voice-key.news
498,Vaundy,恋風邪にのせて,mid1C#,hiB,hiC#,voice-key.news
507,Vaundy,東京フラッシュ,mid1F,hiA,hiC#,voice-key.news
508,Vaundy,泣き地蔵,mid1B,hiC,hiG,voice-key.news
502,Vaundy,灯火,mid1B,hiB,,voice-key.news
518,Vaundy,瞳惚れ,mid1E,hiA,hiB,voice-key.news
519,Vaundy,置き手紙,mid1B,hiA,hiE,voice-key.news
505,Vaundy,花占い,mid1F,hiA#,hiD,voice-key.news
512,Vaundy,融解sink,mid1C#,hiA#,hiC#,voice-key.news
495,Vaundy,裸の勇者,mid1G,hiA,hiC,voice-key.news
504,Vaundy,走れSAKAMOTO,mid1E,hiA,,voice-key.news
517,Vaundy,走馬灯,mid1F#,hiA,hiC#,voice-key.news
500,Vaundy,踊り子,mid1E,mid2E,mid2G,voice-key.news
524,Vaundy,風神,mid1B,hiB,hiD,voice-key.news
4400,ViViD,BLUE,mid1G,hiA#,hiC#,vocal-range.com
4401,ViViD,「夢」～ムゲンノカナタ～,mid1G#,hiB,,vocal-range.com
4431,WANDS,もっと強く抱きしめたなら,mid1D,mid2G,,vocal-range.com
5532,WANDS,世界が終るまでは…,mid1E,hiA,,vocal-range.com
4947,WANDS,大胆,mid1A#,hiB,hiB,vocal-range.com
4342,WANDS,明日もし君が壊れても,mid1E,hiB,,vocal-range.com
4948,WANDS,真っ赤なLip,mid1C,hiC,,vocal-range.com
4348,WANDS,錆びついたマシンガンで今を撃ち抜こう,mid1E,hiB,,vocal-range.com
3823,WANIMA,1106,mid1G#,mid2G#,,voice-key.news
3832,WANIMA,1CHANCE,mid1F#,hiA#,,voice-key.news
3833,WANIMA,CHARM,mid2A#,hiA#,,voice-key.news
3822,WANIMA,CHEEKY,mid2A,hihiA,,voice-key.news
3824,WANIMA,Drive,mid1G,hiC,,voice-key.news
3826,WANIMA,GONG,mid1G#,hiC#,,voice-key.news
3829,WANIMA,HOME,mid1G#,hiB,,voice-key.news
3835,WANIMA,Japanese Pride,mid2C#,hiA#,,voice-key.news
3820,WANIMA,THANX,mid1G#,hiA,,voice-key.news
3825,WANIMA,TRACE,mid2A,hiB,,voice-key.news
3816,WANIMA,いいから,mid1F,hiA#,,voice-key.news
3836,WANIMA,これだけは,mid2B,hiC#,,voice-key.news
3815,WANIMA,ともに,mid1F,hiC#,,voice-key.news
3817,WANIMA,やってみよう,mid1G,hiC,,voice-key.news
3830,WANIMA,りんどう,mid1D,hiC,,voice-key.news
3818,WANIMA,アゲイン,mid1G,hiD,,voice-key.news
3831,WANIMA,オドルヨル,mid2C,hiD,,voice-key.news
3819,WANIMA,シグナル,mid1G#,hiC#,,voice-key.news
3821,WANIMA,ヒューマン,mid1G,hiD,,voice-key.news
3834,WANIMA,リベンジ,mid2A,hiA,,voice-key.news
3828,WANIMA,夏のどこかへ,mid2D,hiD,,voice-key.news
4454,WANIMA,宝物,mid1F#,hiD,hiE,vocal-range.com
3827,WANIMA,春を待って,mid2A,hiB,,voice-key.news
4347,WANIMA,爛々ラプソディ,mid1G,hiC,,vocal-range.com
4663,WANIMA,眩光,mid1D#,hiA#,,vocal-range.com
6281,WEAVER,Loop the night,mid1D#,mid2G#,hiC#,vocal-range.com
4027,"Wake Up, Girls!",7 Girls War,mid2A,hiC#,,vocal-range.com
5507,Wham![ワム!],Last Christmas,mid2A,mid2G,hiB,vocal-range.com
3245,Whiteberry,10 years after,mid2C,hiC,,voice-key.news
3246,Whiteberry,yuki,mid1F#,hiC,,voice-key.news
3252,Whiteberry,かくれんぼ,mid2A,hiB,,voice-key.news
3247,Whiteberry,それだけなんだけど,mid2A,hiD,,voice-key.news
3251,Whiteberry,どろぼうヒゲマニア,mid2A,hiC,,voice-key.news
3242,Whiteberry,なつまつり,mid2C,hiC,,voice-key.news
3243,Whiteberry,めざせポケモンマスター,mid1E,hiC,,voice-key.news
3250,Whiteberry,信じる力,mid2A,hiD,,voice-key.news
3248,Whiteberry,桜並木道,mid2D,hiC,,voice-key.news
3249,Whiteberry,炭酸水,mid1G#,hiC,,voice-key.news
3244,Whiteberry,通学路,mid2A,hiC#,,voice-key.news
5788,Who-ya Extended,Q-vism,mid1E,hiB,,vocal-range.com
6385,Who-ya Extended,VIVID VICE,mid1E,hiA,,vocal-range.com
4380,Wurts,NERVEs,mid1C,mid2G,hiA#,vocal-range.com
4378,Wurts,NOISE,mid1A,mid2E,,vocal-range.com
4379,Wurts,分かってないよ,mid1B,mid2F#,hiA,vocal-range.com
4152,X JAPAN,ALIVE,mid2B,hiE,,vocal-range.com
4776,X JAPAN,ART OF LIFE,mid2C,hiD,,vocal-range.com
5846,X JAPAN,BLUE BLOOD,mid2C#,hiD#,,vocal-range.com
5637,X JAPAN,ENDLESS RAIN,mid1F#,hiD,,vocal-range.com
1836,X JAPAN,Forever Love,mid1C,hiD,,voice-key.news
1839,X JAPAN,Rusty Nail,mid2A,hiC,,voice-key.news
1838,X JAPAN,SCARS,mid2A,hiC#,,voice-key.news
5852,X JAPAN,Sadistic Desire,mid2D#,hiD#,,vocal-range.com
4993,X JAPAN,Silent Jealousy,mid2B,hiC#,,vocal-range.com
5750,X JAPAN,Tears,mid2A,hiC,,vocal-range.com
4581,X JAPAN,WEEK END,mid1F#,hiC#,,vocal-range.com
5751,X JAPAN,X,mid2C,hiE,,vocal-range.com
5592,X JAPAN,オルガズム,mid2F#,hiC#,,vocal-range.com
1837,X JAPAN,紅,mid1D#,hiD#,,voice-key.news
5858,XIIX,Light & Shadow,lowG,hiC,hiF,vocal-range.com
5866,YEN TOWN BAND,Swallowtail Butterfly ～あいのうた～,mid1E,,,vocal-range.com
5491,YOAKE,ねぇ,mid1D,hiA,hiB,vocal-range.com
4190,YOASOBI,UNDEAD,mid2A,hiE,hiG,vocal-range.com
307,YOASOBI,あの夢をなぞって,mid1D#,hiE,hiD#,voice-key.news
305,YOASOBI,たぶん,mid1D,hiE,,voice-key.news
302,YOASOBI,もう少しだけ,mid1G,hiC#,hiE,voice-key.news
311,YOASOBI,もしも命が描けたなら,mid1F,hiD,hiF#,voice-key.news
4129,YOASOBI,アイドル,mid1F#,hiD,hiF#,vocal-range.com
308,YOASOBI,アンコール,mid1F#,hiD#,hiG,voice-key.news
310,YOASOBI,ツバメ(feat. ミドリーズ),mid1G,hiC,hiD#,voice-key.news
299,YOASOBI,ハルカ,mid1G,hiE,hiF#,voice-key.news
300,YOASOBI,ハルジオン,mid1G,hiE,,voice-key.news
312,YOASOBI,ラブレター,mid1F#,hiD,hiF,voice-key.news
304,YOASOBI,三原色,mid1F,hiD,hiF#,voice-key.news
306,YOASOBI,優しい彗星,mid2C,hiD#,hiF,voice-key.news
4003,YOASOBI,劇上,mid1G,hiE,hiF#,vocal-range.com
5260,YOASOBI,勇者,mid1G,hiD#,hiF,vocal-range.com
298,YOASOBI,夜に駆ける,mid1G,hiF,hiF,voice-key.news
309,YOASOBI,大正浪漫,mid1G,hiD,hiF,voice-key.news
301,YOASOBI,怪物,mid1F#,hiF,,voice-key.news
4349,YOASOBI,海のまにまに,mid1G,hiC,hiF,vocal-range.com
4743,YOASOBI,祝福,mid1G,hiD#,hiF,vocal-range.com
303,YOASOBI,群青,mid1F,hiF,hiG#,voice-key.news
3653,YUI,CHE.R.RY,mid1G,hiD,,voice-key.news
3661,YUI,GLORIA,mid2C#,hiD,hiE,voice-key.news
3655,YUI,Good-bye days,mid2A,hiC#,hiE,voice-key.news
3974,YUI,HELLO～Paradise Kiss～,mid2D,hiD#,hiG,vocal-range.com
3660,YUI,LIFE,mid2A#,hiC#,hiD#,voice-key.news
3662,YUI,My Generation,mid2A,hiC#,,voice-key.news
3975,YUI,Rain,mid2A,hiC#,hiC,vocal-range.com
3659,YUI,Rollng star,mid2A,hiD,,voice-key.news
3658,YUI,SUMMER SONG,mid1G#,hiF,hiD#,voice-key.news
3654,YUI,again,mid2A,hiD,hiD,voice-key.news
3657,YUI,feel my soul,mid2C,hiF,hiF,voice-key.news
6315,YuNi,透明声彩,mid2C,hiC,hiD,vocal-range.com
4592,ZARD,マイフレンド,mid1G#,hiD,,vocal-range.com
4011,ZIGGY,GLORIA,mid1G,mid2G,,vocal-range.com
6148,[Alexandros],Kick&Spin,mid1E,hiD,,vocal-range.com
6214,[Alexandros],Mosquito Bite,mid2B,hiC#,,vocal-range.com
6128,[Alexandros],Run Away,mid2A,hiB,hiF#,vocal-range.com
6124,[Alexandros],SNOW SOUND,mid1D,hiB,hiE,vocal-range.com
6339,[Alexandros],Swan,mid1C,hiC,hiC,vocal-range.com
6050,[Alexandros],city,mid1D,hiD,,vocal-range.com
5970,[Alexandros],starrrrrrr,mid1D#,hiC#,hiE,vocal-range.com
6255,[Alexandros],ムーンソング,mid1D#,hiC,hiD#,vocal-range.com
5932,[Alexandros],ワタリドリ,mid1C#,hiD,hiE,vocal-range.com
6178,[Alexandros],月色ホライズン,mid1C,hiC#,hiF,vocal-range.com
4262,[Alexandros],閃光,mid1D#,hiD#,,vocal-range.com
6361,[Alexandros],風になって,lowF#,hiC#,,vocal-range.com
5172,[Alexandros],12/26以降の年末ソング,mid1D,hiC,hiD,vocal-range.com
1322,[Alexandros],Adventure,mid1D,hiB,,voice-key.news
4720,[Alexandros],Baby's Alright,mid1D#,hiB,,vocal-range.com
4583,[Alexandros],Droshky!,mid1E,hiE,,vocal-range.com
5839,[Alexandros],Famous Day,mid1C,hiC#,hiF,vocal-range.com
1327,[Alexandros],For Freedom,mid1D#,hiB,,voice-key.news
1323,[Alexandros],Leaving Grapefruits,mid1D#,hiC#,hiF#,voice-key.news
1337,[Alexandros],Philosophy,mid1B,hiC,,voice-key.news
1336,[Alexandros],Rock The World,mid1F,hiA#,hiA#,voice-key.news
5173,[Alexandros],"Waitress, Waitress!",mid1C,hiD,hiF,vocal-range.com
5447,[Alexandros],Wanna Get Out,mid1C,hiC,,vocal-range.com
1332,[Alexandros],pray,mid1D#,hiC,hiD#,voice-key.news
1321,[Alexandros],starrrrrrr feat.GEROCK,mid1D#,hiC#,,voice-key.news
1325,[Alexandros],あまりにも素敵な夜だから,lowG#,hiB,hiD#,voice-key.news
1326,[Alexandros],アルペジオ,lowG#,hiC#,,voice-key.news
1334,[Alexandros],ハナウタ(feat.最果タヒ),mid1C#,hiC#,,voice-key.news
1329,[Alexandros],今まで君が泣いた分取り戻そう,mid1E,hiA,hiA,voice-key.news
1330,[Alexandros],日々、織々,mid1D,mid2G,,voice-key.news
1317,[Alexandros],明日、また,lowG#,hiA#,hiD#,voice-key.news
1328,[Alexandros],温度差,mid1A,hiA#,hiF,voice-key.news
1316,[Alexandros],無心拍数,mid1A#,hiC,hiD#,voice-key.news
1335,[Alexandros],空と青,mid1A#,mid2G,,voice-key.news
4261,[Alexandros],超える,mid1C,hiC#,hiD#,vocal-range.com
4134,a flood of circle,WILD BUNNY BLUES/野うさぎのブルース,mid1E,hiA,,vocal-range.com
3878,adieu[上白石萌歌],よるのあと,mid1F,hiC#,hiF#,vocal-range.com
1788,aiko,KissHug,mid2A,hiC,hiD#,voice-key.news
1786,aiko,milk,mid1F#,hiB,hiE,voice-key.news
5481,aiko,あかときリロード,mid1F#,hiC#,hiD,vocal-range.com
1785,aiko,えりあし,mid1F#,hiC#,hiC#,voice-key.news
1779,aiko,もっと,mid1F#,hiC#,,voice-key.news
1782,aiko,カブトムシ,mid1G#,hiC,hiF,voice-key.news
1784,aiko,キラキラ,mid1G#,hiC,hiD#,voice-key.news
1783,aiko,ボーイフレンド,mid1F,hiD,hiD#,voice-key.news
6202,aiko,恋のスーパーボール,mid1E,hiD,hiE,vocal-range.com
1789,aiko,恋をしたのは,mid1F#,hiC#,hiC#,voice-key.news
1780,aiko,桜の時,mid1G,hiC#,hiE,voice-key.news
1787,aiko,横顔,mid2A#,hiC,hiD,voice-key.news
4980,aiko,相思相愛,mid1G#,hiB,hiC#,vocal-range.com
5874,aiko,瞳,mid2A,hiC,hiF,vocal-range.com
1781,aiko,花火,mid2A,hiF,,voice-key.news
1778,aiko,青空,mid1F#,hiC,hiD#,voice-key.news
5789,aiko,飛行機,mid1G,hiD,,vocal-range.com
1727,amazarashi,さくら,mid1B,mid2G#,hiB,voice-key.news
1740,amazarashi,さよならごっこ,lowG#,hiA,,voice-key.news
1728,amazarashi,つじつま合わせに生まれた僕等,lowG#,mid2G#,,voice-key.news
1734,amazarashi,もう一度,mid1A,hiA,,voice-key.news
1736,amazarashi,エンディングテーマ,mid1D,hiA,,voice-key.news
1726,amazarashi,クリスマス,mid1A,mid2G,hiA,voice-key.news
1731,amazarashi,スターライト,mid1E,mid2G,,voice-key.news
1732,amazarashi,ナモナキヒト,mid1A,hiA,,voice-key.news
1739,amazarashi,ヒーロー,mid1C,hiA,,voice-key.news
1737,amazarashi,僕が死のうと思ったのは,lowG,hiA,,voice-key.news
1724,amazarashi,初雪,mid1C,mid2G,hiA,voice-key.news
1738,amazarashi,命にふさわしい,mid1E,hiA,,voice-key.news
1725,amazarashi,夏を待っていました,mid1B,mid2F#,,voice-key.news
1735,amazarashi,季節は次々死んでいく,mid1C,hiA,mid2G,voice-key.news
1733,amazarashi,真っ白な世界,mid1D,mid2G,hiD,voice-key.news
1729,amazarashi,空っぽの空に潰される,mid1C,mid2G#,hiC,voice-key.news
5166,amazarashi,空に歌えば,mid1D#,mid2G#,,vocal-range.com
1730,amazarashi,逃避行,mid1A#,mid2G#,hiA#,voice-key.news
1741,amazarashi,雨男,lowG#,hiA#,,voice-key.news
1802,androp,BGM,mid1D,mid2G,,voice-key.news
1799,androp,Blanco,mid1D,hiA,,voice-key.news
1800,androp,Ghost,mid1B,mid2F#,mid2F#,voice-key.news
1794,androp,Hikari,mid1C#,mid2G#,hiA#,voice-key.news
1803,androp,Joker,mid1E,hiA,hiB,voice-key.news
1795,androp,Koi,mid1B,hiA,hiA,voice-key.news
1801,androp,Missing,mid1E,mid2F#,hiE,voice-key.news
1797,androp,Shout,mid1C,mid2G,,voice-key.news
1796,androp,Voice,mid1D,mid2G,,voice-key.news
1798,androp,Yeah!Yeah!Yeah!,mid1F#,mid2G#,,voice-key.news
6071,andymori,16,mid1E,hiA,,vocal-range.com
5961,andymori,1984,mid1E,mid2G#,hiB,vocal-range.com
4955,andymori,すごい速さ,mid1E,hiA,,vocal-range.com
4956,andymori,誰にも見つけられない星になれたら,mid1D#,mid2G#,,vocal-range.com
1906,ano,ちゅ、多様性。,mid2A#,hiC#,,voice-key.news
1908,ano,スマイルあげない,mid2A#,hiA#,,voice-key.news
1910,ano,ハッピーラッキーチャッピー,mid1G,hiD,,voice-key.news
1909,ano,普変,mid1G#,hiC#,,voice-key.news
4092,ano,涙くん、今日もおはようっ,mid2A#,hiF#,,vocal-range.com
1907,ano,許婚っきゅん,mid1F#,hiD,,voice-key.news
4145,asmi,そんなもんね,mid2C,hiD,hiG,vocal-range.com
170,back number,3,mid1C#,hiA,,voice-key.news
171,back number,ARTIST,mid1D,hiA,hiA,voice-key.news
174,back number,HAPPY BIRTHDAY,lowF#,mid2G#,hiB,voice-key.news
176,back number,KNOCK,mid1D,mid2G,,voice-key.news
177,back number,Liar,mid1E,hiA#,hiC,voice-key.news
178,back number,MOTTO,mid1C#,hiA,,voice-key.news
180,back number,SISTER,mid1A#,mid2G#,hiC#,voice-key.news
179,back number,Silent Journey in Tokyo,mid1D,mid2G,hiD,voice-key.news
172,back number,bird's sorrow,mid1F#,hiA,hiB,voice-key.news
173,back number,fish,mid1F,hiA#,,voice-key.news
181,back number,stay with me,mid1F#,mid2G#,hiB,voice-key.news
182,back number,sympathy,mid1D,mid2D#,hiB,voice-key.news
183,back number,tender,mid1C,hiC,,voice-key.news
184,back number,then,mid1G,hiC,,voice-key.news
188,back number,あかるいよるに,mid1A,hiA,hiD,voice-key.news
190,back number,あとのうた,mid1C#,hiB,,voice-key.news
191,back number,あやしいひかり,mid1D,mid2G,,voice-key.news
192,back number,ある未来より愛を込めて,mid1A,mid2G#,hiC#,voice-key.news
193,back number,いつか忘れてしまっても,mid1A,hiA,,voice-key.news
198,back number,おまえさん,mid1E,hiC,,voice-key.news
201,back number,こぼれ落ちて,mid1C#,hiA,,voice-key.news
202,back number,こわいはなし,mid1E,hiA,,voice-key.news
204,back number,ささえる人の歌,mid1E,hiA,hiA,voice-key.news
207,back number,そのドレスちょっと待った,mid1E,hiA,,voice-key.news
208,back number,だいじなこと,mid1C#,hiA#,,voice-key.news
3913,back number,どうしてもどうしても,mid1A,hiA,hiD,vocal-range.com
212,back number,はなびら,mid1D,hiA,,voice-key.news
215,back number,ひとくいにんげん,mid1D,mid2G,hiB,voice-key.news
220,back number,ゆめなのであれば,mid1D,mid2G,hiB,voice-key.news
222,back number,わたがし,mid1E,hiA,hiC,voice-key.news
186,back number,アイアムノットイナフ,mid1D,hiA#,,voice-key.news
187,back number,アイラブユー,lowG#,mid2G#,hiA#,voice-key.news
189,back number,アップルパイ,mid1F#,mid2G#,hiD,voice-key.news
185,back number,アーバンライフ,mid1D,hiA,hiC,voice-key.news
194,back number,エキシビジョンデスマッチ,mid1D#,mid2G#,hiC,voice-key.news
195,back number,エメラルド,mid1E,hiA,hiB,voice-key.news
196,back number,エンディング,mid1D,hiA,,voice-key.news
197,back number,オールドファッション,mid1C#,hiA,hiB,voice-key.news
199,back number,クリスマスソング,mid1B,hiA,hiC#,voice-key.news
200,back number,ゴールデンアワー,mid1E,hiA,hiC,voice-key.news
203,back number,サイレン,mid1F#,hiA,hiE,voice-key.news
205,back number,サマーワンダーランド,mid1E,mid2F#,hiA,voice-key.news
206,back number,スーパースターになったら,mid1D,hiA,,voice-key.news
209,back number,チェックのワンピース,mid1D#,mid2G#,,voice-key.news
210,back number,ネタンデルタール人,mid1E,hiA,hiB,voice-key.news
211,back number,ハッピーエンド,mid1C#,hiA,hiB,voice-key.news
213,back number,パレード,mid1D,mid2F#,,voice-key.news
216,back number,ヒロイン,mid1D,hiB,hiB,voice-key.news
214,back number,ヒーロースーツ,mid1C#,hiA,hiA,voice-key.news
217,back number,ブルーアンバー,mid1C,hiA,hiB,voice-key.news
218,back number,ベルベットの詩,mid1D#,hiA#,hiA#,voice-key.news
5036,back number,ミラーボールとシンデレラ,mid1C,hiA,hiC,vocal-range.com
221,back number,リッツパーティー,mid1F#,mid2G#,,voice-key.news
249,back number,世田谷ストーリー,mid1A,hiA,hiB,voice-key.news
246,back number,信者よ盲目であれ,mid1B,hiB,hiB,voice-key.news
266,back number,僕が今できることを,mid1D#,mid2G#,mid2G#,voice-key.news
267,back number,僕の名前を,mid1C#,mid2G#,hiA,voice-key.news
268,back number,僕は君の事が好きだけど君は僕を別に好きじゃないみたい,mid1E,hiA#,hiA#,voice-key.news
270,back number,優柔不断宣言,mid1F#,mid2G#,mid2G#,voice-key.news
235,back number,光の街,mid1B,hiA,,voice-key.news
5123,back number,冬と春,mid1A#,mid2G#,hiA#,vocal-range.com
244,back number,勝手にオリンピック,mid1B,mid2G,hiA#,voice-key.news
259,back number,半透明人間,mid1C#,hiA#,,voice-key.news
230,back number,君がドアを閉めた後,mid1F#,mid2G#,,voice-key.news
231,back number,君の代わり,mid1E,mid2F#,,voice-key.news
232,back number,君の恋人になったら,mid1C,hiA,hiC,voice-key.news
233,back number,君はいらないだろうな,mid1D,mid2F#,mid2E,voice-key.news
254,back number,大不正解,mid1C,mid2G#,,voice-key.news
175,back number,幕が上がる,mid1D#,mid2G#,hiC,voice-key.news
263,back number,平日のブルース,mid1D#,hiA,hiB,voice-key.news
236,back number,幸せ,mid1B,hiA,,voice-key.news
229,back number,強化書,mid1D,hiA,hiB,voice-key.news
239,back number,思い出せなくなるその日まで,mid1B,hiA,,voice-key.news
226,back number,怪獣のサイズ,mid1A#,mid2G#,hiC,voice-key.news
227,back number,怪盗,mid1A,hiA,hiB,voice-key.news
271,back number,恋,mid1E,mid2F#,,voice-key.news
240,back number,手紙,mid1D#,mid2G,hiC,voice-key.news
247,back number,新しい恋人達に,mid1A#,hiA,hiC,voice-key.news
258,back number,日曜日,mid1F,hiA,hiC,voice-key.news
242,back number,春を歌にして,mid1A#,hiA#,hiA#,voice-key.news
257,back number,東京の夕焼け,mid1D,hiA,,voice-key.news
272,back number,楽園の地図,mid1D,mid2F#,hiA,voice-key.news
248,back number,水平線,mid1D,mid2G,hiC,voice-key.news
264,back number,泡と羊,mid1B,hiA,hiB,voice-key.news
261,back number,浮ついた気持ち,mid1D,hiA#,hiD,voice-key.news
228,back number,海岸通り,mid1B,hiA,hiB,voice-key.news
255,back number,添い寝チャンスは突然に,mid1G,hiA,hiB,voice-key.news
243,back number,瞬き,mid1F,mid2G#,hiC,voice-key.news
260,back number,秘密のキス,mid1E,hiA,hiC#,voice-key.news
245,back number,笑顔,mid1C#,hiA#,,voice-key.news
234,back number,繋いだ手から,mid1C#,hiA,hiB,voice-key.news
250,back number,聖者の行進,mid1B,hiA,hiE,voice-key.news
225,back number,花束,mid1A,hiA#,hiC,voice-key.news
251,back number,西藤公園,mid1D,hiA,,voice-key.news
253,back number,赤い花火,mid1C#,mid2F,mid2G#,voice-key.news
241,back number,重なり,mid1A,hiA,hiB,voice-key.news
223,back number,雨と僕の話,mid1D,hiA,hiB,voice-key.news
256,back number,電車の窓から,mid1D,mid2G,,voice-key.news
252,back number,青い春,mid1B,hiC,,voice-key.news
265,back number,頬を濡らす雨のように,mid1G#,mid2G#,hiA#,voice-key.news
262,back number,風の強い日,mid1C,hiA#,,voice-key.news
237,back number,高嶺の花子さん,mid1E,hiB,hiD,voice-key.news
269,back number,魔女と僕,mid1C#,mid2F#,,voice-key.news
224,back number,黄色,mid1D,mid2G,hiB,voice-key.news
238,back number,黒い猫の歌,mid1C#,hiA,hiA,voice-key.news
4896,back numberと秦 基博と小林武史,reunion,mid1E,hiA#,hiC#,vocal-range.com
4166,bokula.,夏の迷惑,mid1E,mid2E,,vocal-range.com
4569,chelmico,Easy Breezy,mid1D,mid2G,,vocal-range.com
5654,cinema staff,great escape,mid1E,hiA,hiA,vocal-range.com
4460,coldrain,Before I Go,mid1D,hiD,,vocal-range.com
4453,coldrain,THE SIDE EFFECTS,mid1F,hiD#,,vocal-range.com
4617,day after tomorrow,イタズラなKISS,mid2A#,hiC,,vocal-range.com
5715,fhána,Hello!My World!!,mid2B,hiE,hiG,vocal-range.com
5030,fhána,いつかの、いくつかのきみとのせかい,mid2A#,hiD#,hiG,vocal-range.com
6360,flower[Chinozo],グッバイ宣言,mid2C,hihiC,,vocal-range.com
3098,flumpool,388859,mid1B,mid2G#,,voice-key.news
4542,flumpool,A Spring Breath,mid1C,mid2G#,hiC#,vocal-range.com
3105,flumpool,Hello,mid1E,hiA,,voice-key.news
3093,flumpool,LOST,mid1D,hiA,hiA,voice-key.news
3088,flumpool,Over the rain～ひかりの橋～,mid1C#,hiA#,,voice-key.news
3106,flumpool,for no one,mid1F,mid2G#,,voice-key.news
3096,flumpool,labo,mid1C#,mid2G,,voice-key.news
3095,flumpool,reboot ～あきらめない詩～,mid1F#,hiA,,voice-key.news
3102,flumpool,two of us,mid1C,mid2G,,voice-key.news
3109,flumpool,ネバーマインド,mid1G#,hiA,,voice-key.news
3099,flumpool,今年の桜,mid1D#,mid2G#,mid2G#,voice-key.news
3103,flumpool,僕はここにいる,mid1A,mid2G#,hiA,voice-key.news
5217,flumpool,君に届け,mid1A#,mid2G#,hiA#,vocal-range.com
3094,flumpool,夜は眠れるかい,mid1B,mid2G,hiB,voice-key.news
3100,flumpool,大切なものは君以外に見当たらなくて,mid1D,hiA#,hiA#,voice-key.news
3101,flumpool,強く儚く,mid1D#,mid2G#,,voice-key.news
3104,flumpool,明日キミが泣かないように,mid1D#,mid2G#,hiB,voice-key.news
3097,flumpool,星に願いを,mid1F#,hiA,,voice-key.news
3108,flumpool,春風,mid1A,hiA,,voice-key.news
3092,flumpool,未来,mid1E,mid2G,,voice-key.news
3091,flumpool,残像,lowG,mid2G,,voice-key.news
3107,flumpool,流れ星,mid1B,mid2F#,,voice-key.news
3090,flumpool,素晴らしき嘘,mid1A#,hiB,,voice-key.news
3089,flumpool,花になれ,mid1E,hiA,,voice-key.news
3087,flumpool,証,mid1A#,hiA,hiC,voice-key.news
6117,fripSide,BLACKFOX,mid1F,hiF,,vocal-range.com
6085,fripSide,Hesitation Snow,mid1G#,hiE,hiF#,vocal-range.com
6060,fripSide,Two souls -toward the truth-,mid1G#,hiF,hiG,vocal-range.com
6280,fripSide,dual existence,mid1G,hiD#,hiG,vocal-range.com
6146,fripSide,final phase,mid2A,hiE,hiF#,vocal-range.com
6189,fripSide,only my railgun,mid2D,hiD#,hiE,vocal-range.com
6399,fripSide,snow blind -after-,mid2B,hiE,hihiA,vocal-range.com
4778,go!go!vanillas,エマ,mid1F#,mid2G#,,vocal-range.com
5533,go!go!vanillas,平成ペイン,mid1D,mid2G,hiF,vocal-range.com
4580,go!go!vanillas,青いの。,mid1D#,hiC,hiC,vocal-range.com
5647,halca,センチメンタルクライシス,mid2C,hiE,hiD,vocal-range.com
4982,halyosy,Blessing feat. VOCALOIDS,mid1G,,,vocal-range.com
5343,imase,Have a nice day,mid1D,mid2C,hiC#,vocal-range.com
4798,imase,NIGHT DANCER,mid1A#,mid2D#,hiD,vocal-range.com
5342,imase,Nagisa,mid1E,mid2F,hiF,vocal-range.com
1450,indigo la End,Midnight indigo love story,mid1D#,mid2G,mid2G,voice-key.news
1446,indigo la End,Play Back End Roll,mid1D#,hiB,hiC#,voice-key.news
1427,indigo la End,SLY QUEEN,mid1A,hiB,,voice-key.news
1405,indigo la End,X day,mid1F,hiA#,hiC,voice-key.news
1398,indigo la End,eye,mid1D,mid2D,hiB,voice-key.news
1423,indigo la End,sweet spider,mid1D#,hiA#,hiC#,voice-key.news
6301,indigo la End,さよならベル,mid1D#,hiC,hiD,vocal-range.com
1428,indigo la End,そのままの冷たさで,mid1D,hiA#,hiC#,voice-key.news
1432,indigo la End,たまゆら,mid1B,hiA#,hiD#,voice-key.news
1441,indigo la End,はにかんでしまった夏,mid1D,hiA#,,voice-key.news
1447,indigo la End,ほころびごっこ,mid1C,mid2G#,hiA#,voice-key.news
1402,indigo la End,アリスは突然に,mid1F,mid2G,hiC,voice-key.news
1403,indigo la End,インディゴラブストーリー,mid1F#,hiA,hiC#,voice-key.news
5097,indigo la End,カンナ,mid1A#,hiA#,hiA#,vocal-range.com
1415,indigo la End,ココロネ,mid1E,mid2F#,hiC#,voice-key.news
1421,indigo la End,シベリアの女の子,mid1G#,hiB,,voice-key.news
1422,indigo la End,スウェル,mid1E,hiC,hiC#,voice-key.news
1426,indigo la End,スプーンで乾杯,mid1F#,hiA,hiD,voice-key.news
1431,indigo la End,ダビングシーン,mid1F,hiC,,voice-key.news
1389,indigo la End,チューリップ,mid1C#,hiA#,hiC#,voice-key.news
1442,indigo la End,ハルの言う通り,mid1C#,hiA#,hiC#,voice-key.news
1437,indigo la End,ハートの大きさ,mid1G,hiD,,voice-key.news
1444,indigo la End,フラれてみたんだよ,mid1G#,mid2G#,hiC,voice-key.news
1445,indigo la End,プレイバック,mid1F,hiA#,hiC,voice-key.news
1462,indigo la End,ラッパーの涙,,mid2G#,hiC,voice-key.news
1463,indigo la End,レナは朝を奪ったみたいだ,mid2A,hiD,hiE,voice-key.news
1404,indigo la End,ヴァイオレット,mid1F,hiA#,hiA#,voice-key.news
1391,indigo la End,冬夜のマジック,mid1D#,mid2F#,hiD#,voice-key.news
1435,indigo la End,名もなきハッピーエンド,mid1G#,hiC#,hiC#,voice-key.news
1464,indigo la End,名前は片想い,mid1C#,hiA,hiE,voice-key.news
1390,indigo la End,夏夜のマジック,mid1D,hiA,hiC,voice-key.news
1454,indigo la End,夕恋,mid1C,mid2G,hiA,voice-key.news
1460,indigo la End,夜の公園,mid1C#,hiA,hiC#,voice-key.news
1459,indigo la End,夜の恋は,mid1E,mid2F,hiC,voice-key.news
1453,indigo la End,夜光虫,mid1A#,mid2G#,hiA#,voice-key.news
1457,indigo la End,夜明けの街でサヨナラを,mid1E,hiA,hiC#,voice-key.news
1394,indigo la End,夜汽車は走る,mid1G,hiB,,voice-key.news
1458,indigo la End,夜漁り,mid1C#,mid2G#,hiD#,voice-key.news
1452,indigo la End,夜行,mid1F,hiA#,hiD,voice-key.news
1455,indigo la End,夢で逢えたら,mid1F#,hiB,hiD#,voice-key.news
1456,indigo la End,夢のあとから,mid1G,mid2F,hiC,voice-key.news
1413,indigo la End,小粋なバイバイ,mid1F,hiC,,voice-key.news
1443,indigo la End,左恋,mid1D#,mid2G#,hiB,voice-key.news
1418,indigo la End,幸せが溢れたら,mid1E,hiB,hiC#,voice-key.news
1419,indigo la End,幸せな街路樹,mid1D#,hiC,hiC,voice-key.news
1410,indigo la End,彼女の相談,mid1F#,hiA,hiA,voice-key.news
1416,indigo la End,心の実,mid1C#,mid2G#,hiC#,voice-key.news
1417,indigo la End,心ふたつ,mid1E,hiA,hiC#,voice-key.news
1414,indigo la End,心雨,mid1F,hiA#,hiC,voice-key.news
1408,indigo la End,悲しくなる前に,mid1D#,mid2G#,hiB,voice-key.news
1406,indigo la End,想いきり,mid1E,mid2G#,,voice-key.news
1400,indigo la End,愛のことば,mid1C#,hiA,,voice-key.news
1399,indigo la End,愛の逆流,mid1E,mid2G,hiB,voice-key.news
1430,indigo la End,抱きしめて,mid1G#,hiA#,hiC#,voice-key.news
1448,indigo la End,星になった心臓,mid1D,hiA,hiD,voice-key.news
1429,indigo la End,染まるまで,mid2A,hiA,hiB,voice-key.news
1461,indigo la End,楽園,mid1D#,hiA#,hiC#,voice-key.news
1411,indigo la End,渇き,mid1G,hiA,hiD,voice-key.news
1434,indigo la End,渚にて幻,mid1C#,hiC,hiC#,voice-key.news
1412,indigo la End,煙恋,mid1E,hiA,hiC#,voice-key.news
1436,indigo la End,猫にも愛を,mid1D#,mid2G#,,voice-key.news
1392,indigo la End,瞳に映らない,mid1E,hiB,,voice-key.news
1424,indigo la End,砂に紛れて,mid1G,hiA,hiD,voice-key.news
1401,indigo la End,秋雨の降り方がいじったい,mid1E,mid2G#,hiB,voice-key.news
1425,indigo la End,素晴らしい世界,mid1G,hiA,hiD,voice-key.news
1397,indigo la End,結び様,mid1D,hiA#,hiA#,voice-key.news
1451,indigo la End,緑の少女,mid2A,hiB,,voice-key.news
1440,indigo la End,花をひとつかみ,mid1A#,hiA#,hiA#,voice-key.news
1438,indigo la End,花傘,mid1F,hiA#,hiC,voice-key.news
1439,indigo la End,華にブルー,mid1C#,mid2G,hiB,voice-key.news
1396,indigo la End,蒼糸,mid1D#,mid2G#,hiB,voice-key.news
1395,indigo la End,藍色好きさ,mid1C,hiA,hiA,voice-key.news
1449,indigo la End,見せかけのラブソング,mid2C,mid2G,hiC,voice-key.news
1433,indigo la End,通り恋,mid1E,hiB,hiC,voice-key.news
1409,indigo la End,鐘泣く命,mid1F,mid2G#,hiC,voice-key.news
1420,indigo la End,雫,mid1F#,hiB,hiC#,voice-key.news
1393,indigo la End,雫に恋して,mid1F,mid2G#,,voice-key.news
1407,indigo la End,風詠む季節,mid1C#,hiA,hiB,voice-key.news
6171,iri,Sparkle,mid2A,hiB,hiD,vocal-range.com
4183,jo0ji,眼差し,mid1B,hiC,hiB,vocal-range.com
5706,kobore,夜空になりたくて,mid1C#,hiB,,vocal-range.com
4109,luv,Send To You,mid1D#,mid2F,hiA#,vocal-range.com
3523,mao,もしも☆パラダイス,mid2A,hiC,,voice-key.news
3521,mao,今日の永遠,mid1G,hiB,hiD,voice-key.news
3516,mao,君ノ記憶,mid1G,hiC,hiD,voice-key.news
3515,mao,夢をかなえてドラえもん,mid2A,hiC,,voice-key.news
3519,mao,桜花の如く,mid1G#,hiC#,,voice-key.news
3520,mao,祈り降るなら,mid1G,hiD,hiC#,voice-key.news
3522,mao,自転車に乗って,mid2A#,hiC#,,voice-key.news
3517,mao,花のあとさき,mid1G#,hiC,hiC,voice-key.news
3518,mao,茜空に願ふ,mid1F#,hiC,hiD,voice-key.news
5691,meiyo,なにやってもうまくいかない,mid1A,hiA,hiB,vocal-range.com
4391,meiyo,クエスチョン,lowG,mid2F#,hiA#,vocal-range.com
4893,mihimaru GT,気分上々↑↑,mid1F,hiD,,vocal-range.com
4026,milet,Anytime Anywhere,mid1G#,hiB,hiF#,vocal-range.com
5677,milet,Fire Arrow,mid1D#,mid2F,,vocal-range.com
4268,milet,I still,mid1F,hiA#,hiF,vocal-range.com
4364,milet,Ordinary days,mid1F#,hiC#,hiG#,vocal-range.com
5676,milet,us,mid1F#,hiC#,hiD#,vocal-range.com
5499,milet×Aimer×幾田りら,おもかげ(produced by Vaundy),mid1D#,hiC,hiC#,vocal-range.com
4524,milet×MAN WITH A MISSION,コイコガレ,mid2A,hiB,hiC,vocal-range.com
5413,millennium parade,FAMILIA,lowG#,hiC,hiG,vocal-range.com
4469,millennium parade × 椎名林檎,Ｗ●ＲＫ,mid1F,hiD,hiD,vocal-range.com
5414,millennium parade×Belle,U,mid1G,hiC,hiF,vocal-range.com
4302,miwa,2月14日 feat.川崎鷹也,mid1A,hiD,hiE,vocal-range.com
3544,miwa,360°,mid2A#,hiD#,,voice-key.news
3546,miwa,441,mid1E,hiC#,hiE,voice-key.news
3555,miwa,Chasing hearts,mid2A#,hiD#,,voice-key.news
3556,miwa,Kiss you,mid2A,hiE,,voice-key.news
3550,miwa,Napa,mid2A,hiF,,voice-key.news
3541,miwa,chAngE,mid2B,hiD#,hiF,voice-key.news
3539,miwa,あなたがここにいて抱きしめることができるなら,mid2C,hiD#,,voice-key.news
3542,miwa,アイオクリ,mid1E,hiD,hiE,voice-key.news
3551,miwa,アップデート,mid2C,hiD#,,voice-key.news
3548,miwa,オトシモノ,mid1G,hiF,,voice-key.news
3553,miwa,ティーンエイジドリーム,mid1G#,hiD#,,voice-key.news
3536,miwa,ヒカリへ,mid2B,hiE,hiD,voice-key.news
3543,miwa,ミラクル,mid2B,hiE,,voice-key.news
3540,miwa,リブート,mid1G#,hiC#,hiE,voice-key.news
3547,miwa,君に出会えたから,mid2B,hiE,hiD,voice-key.news
3537,miwa,夜空。feat.ハジ→,mid1A,hiF,,voice-key.news
3549,miwa,春になったら,mid2A#,hiD#,,voice-key.news
3552,miwa,月食〜winter moon〜,mid1G#,hiD#,,voice-key.news
3538,miwa,片想い,mid1G,hiE,hiF#,voice-key.news
3545,miwa,結 -ゆい-,mid2B,hiE,,voice-key.news
3554,miwa,青空,mid2B,hiC#,,voice-key.news
6289,mol-74,エイプリル,mid1G#,mid2F#,hiC#,vocal-range.com
4159,muque,Bite you,mid2A,hiB,hiA,vocal-range.com
5266,n-bunaセルフカバー,夜明けと蛍,mid1A,mid2G#,hiB,vocal-range.com
4444,natsumi,イージーゲームfeat.和ぬか,mid1B,,,vocal-range.com
4125,never young beach,サイダーのように言葉が湧き上がる,mid1B,mid2C#,,vocal-range.com
5396,nobodyknows+,ココロオドル,mid1F#,mid2G,,vocal-range.com
3801,reGretGirl,Shunari,mid1C#,hiC#,,voice-key.news
3806,reGretGirl,best answer,mid1E,hiB,,voice-key.news
3808,reGretGirl,おわりではじまり,mid1C#,hiC#,,voice-key.news
3807,reGretGirl,グッドバイ,mid1C#,hiC#,hiC#,voice-key.news
3804,reGretGirl,スプリング,mid1C,hiC,,voice-key.news
3805,reGretGirl,ダレヨリ,mid1D,hiD,,voice-key.news
3799,reGretGirl,デイドリーム,mid1C,hiE,hiE,voice-key.news
3800,reGretGirl,ハングオーバー,mid1E,hiC#,,voice-key.news
3802,reGretGirl,ピアス,mid1D#,hiC#,,voice-key.news
3803,reGretGirl,黒鳥山公園,mid1C,hiC,hiD#,voice-key.news
5759,reGretGirl,ホワイトアウト,mid1F#,hiC#,hiD,vocal-range.com
3765,redballoon,スターライト,,hiA#,hiA#,voice-key.news
3760,redballoon,ペルソナ,mid1F,hiA#,,voice-key.news
3763,redballoon,ミツカラナイコト,mid1A#,hiA#,hiC,voice-key.news
3764,redballoon,旅立ちの日に,mid1E,hiA,,voice-key.news
3761,redballoon,未来へ,mid1E,hiA,hiA,voice-key.news
3762,redballoon,虚ろな明日,,mid2G#,hiB,voice-key.news
3758,redballoon,銀色の空,mid1G,hiA#,hiD#,voice-key.news
3759,redballoon,雪のツバサ,mid1F,mid2G#,,voice-key.news
5197,sana,Heaven's falling down,mid1G#,hiD#,,vocal-range.com
4409,serial TV drama,桃源郷エイリアン,mid2A,hiA,,vocal-range.com
4246,sumika,10時の方角,mid1D,hiA#,hiD,vocal-range.com
753,sumika,Answer,mid1A#,hiB,,voice-key.news
6410,sumika,Lamp,mid1D,mid2G#,mid2G,vocal-range.com
748,sumika,Lovers,mid1D,mid2G#,hiC,voice-key.news
760,sumika,MAGIC,mid1C#,hiB,hiD,voice-key.news
4650,sumika,Shake & Shake,mid1C#,hiB,hiD,vocal-range.com
759,sumika,「伝言歌」,mid1E,mid2G#,,voice-key.news
5907,sumika,ふっかつのじゅもん,mid1F,mid2G#,hiC,vocal-range.com
4578,sumika,アネモネ,mid1C,hiA#,,vocal-range.com
755,sumika,イコール,mid1D,hiA,hiA,voice-key.news
761,sumika,エンドロール,mid1C,mid2G#,hiA#,voice-key.news
758,sumika,センス・オブ・ワンダー,mid1D#,mid2G#,hiB,voice-key.news
762,sumika,ハイヤーグラウンド,mid1D,hiA,,voice-key.news
747,sumika,ファンファーレ,mid1A#,hiA#,,voice-key.news
749,sumika,フィクション,mid1D,hiA,,voice-key.news
764,sumika,ホワイトマーチ,mid1D,hiA,hiB,voice-key.news
763,sumika,リグレット,mid1F#,mid2G#,hiB,voice-key.news
756,sumika,下弦の月,mid1D,hiA,,voice-key.news
751,sumika,彗星,mid1E,hiA,,voice-key.news
750,sumika,春夏秋冬,mid1F,hiA,hiD,voice-key.news
765,sumika,春風,mid1D#,hiA#,hiA#,voice-key.news
5743,sumika,溶けた体温、蕩けた魔法,mid1D,hiA#,,vocal-range.com
767,sumika,秘密,mid1C#,hiA,,voice-key.news
5106,sumika,絶叫セレナーデ,mid1D,hiB,,vocal-range.com
752,sumika,茜色の群青,mid1A#,hiA,mid2G,voice-key.news
4949,sumika,運命,mid1A#,hiA,,vocal-range.com
766,sumika,雨天決行,mid1C,mid2G#,,voice-key.news
757,sumika,願い,mid1A,hiA,hiA,voice-key.news
2469,supercell,My Dearest,mid1G,hiC,hiF,voice-key.news
2476,supercell,She is my senior,mid1F#,,hiF#,voice-key.news
2470,supercell,The Bravery,mid1D,hiE,hiD#,voice-key.news
2472,supercell,うたかた花火,mid1F,hiE,,voice-key.news
2471,supercell,さよならメモリーズ,mid2B,hiE,,voice-key.news
2475,supercell,ヒーロー,mid1G#,hiE,,voice-key.news
2481,supercell,僕らのあしあと,mid1G#,hiF#,,voice-key.news
2468,supercell,君の知らない物語,mid2A,hiD,hiD,voice-key.news
2474,supercell,告白,mid1G#,hiC#,hiF#,voice-key.news
2482,supercell,復讐,mid2B,hiD,,voice-key.news
2473,supercell,拍手喝采歌合hiF#,mid1G,hiE,hiE,voice-key.news
2477,supercell,星が瞬くこんな夜に,mid1F#,hiD#,,voice-key.news
2478,supercell,私へ,mid2A,hiD,,voice-key.news
2483,supercell,約束をしよう,mid2A,hiE,,voice-key.news
2480,supercell,終わりへ向かう始まりの歌,mid1G,hiE,,voice-key.news
2479,supercell,銀色飛行船,mid1G#,hiF,,voice-key.news
4457,syudou,インザバックルーム,mid1A,hiA#,,vocal-range.com
5752,the brilliant green,冷たい花,mid1F#,hiB,,vocal-range.com
4598,the peggies,センチメートル,mid2A,hiC#,,vocal-range.com
5580,the pillows,Funny Bunny,mid1D,hiA,,vocal-range.com
4369,the pillows,Ride on shooting star,mid1G,mid2F#,,vocal-range.com
5644,the pillows,"Thank you, my twilight",mid1F,hiA,,vocal-range.com
5645,the pillows,パトリシア,mid1E,mid2F#,,vocal-range.com
2664,the shes gone,Orange,mid1E,mid2G,hiA,voice-key.news
2662,the shes gone,ガールフレンド,mid1A#,hiA#,hiB,voice-key.news
2660,the shes gone,シーズンワン,mid1C#,mid2G#,,voice-key.news
2658,the shes gone,ディセンバーフール,mid1A,hiA,hiC,voice-key.news
2655,the shes gone,ラベンダー,mid1C#,hiA#,hiD#,voice-key.news
2663,the shes gone,嫌いになり方,mid1C#,hiC,hiD#,voice-key.news
6395,the shes gone,想いあい,mid1E,hiA,,vocal-range.com
2665,the shes gone,春の中に,mid1C,hiA#,hiB,voice-key.news
2661,the shes gone,栞をはずして,mid1A#,mid2G#,,voice-key.news
2656,the shes gone,甘い記憶,mid1C#,hiA#,hiA#,voice-key.news
2659,the shes gone,線香花火,mid1F,hiA,hiC,voice-key.news
2910,tuki.,サクラキミワタシ,mid1G,hiC,hiD,voice-key.news
2912,tuki.,一輪花,mid1F,hiA#,hiD,voice-key.news
2911,tuki.,地獄恋文,mid1G,hiC,hiC,voice-key.news
4415,tuki.,愛の賞味期限,mid1F#,hiC,hiD,vocal-range.com
2909,tuki.,晩餐歌,mid1G#,hiC#,hiF#,voice-key.news
6215,vivid undress,コンキスタドールの現実闘争,mid1G,hiG,,vocal-range.com
6305,vivid undress,私メンヘラなんかじゃないもん,mid1F#,hiF#,,vocal-range.com
1612,w-inds.,Everyday,mid1F,mid2G#,hiA#,voice-key.news
1609,w-inds.,Love is message,mid2A#,hiA,,voice-key.news
1606,w-inds.,Paradox,mid2A#,hiA#,,voice-key.news
1610,w-inds.,Pieces,mid1F,mid2G#,,voice-key.news
1611,w-inds.,ageha,mid1E,hiC#,hiC#,voice-key.news
1601,w-inds.,アメあと,mid1F#,hiB,hiC#,voice-key.news
5290,w-inds.,キレイだ,mid1F,mid2G#,,vocal-range.com
1603,w-inds.,十六夜の月,mid1G,hiC#,hiD#,voice-key.news
1605,w-inds.,四季,mid1F,hiB,,voice-key.news
1604,w-inds.,変わりゆく空,mid1G,hiA#,hiC,voice-key.news
1602,w-inds.,夏空の恋の詩,mid1F#,hiA,hiB,voice-key.news
1608,w-inds.,夢の場所へ,mid1F#,hiB,hiC#,voice-key.news
1607,w-inds.,約束のカケラ,mid1D#,hiC,hiC#,voice-key.news
5295,w.o.d.,STARS,mid1D#,hiA#,,vocal-range.com
3846,wacci,Baton,mid1A#,mid2F,,voice-key.news
3845,wacci,さかな,mid1B,hiA,,voice-key.news
3840,wacci,キラメキ,mid1C#,mid2G#,mid2G#,voice-key.news
3855,wacci,サンタクロースを僕に,mid1A#,mid2G#,hiC,voice-key.news
3851,wacci,ヒーロー,mid1A#,mid2G#,,voice-key.news
3839,wacci,フレンズ,mid1D,mid2F#,,voice-key.news
3844,wacci,会いに行くよ,mid1D#,mid2G#,,voice-key.news
3837,wacci,別の人の彼女になったよ,mid1A,mid2F#,,voice-key.news
3848,wacci,君なんだよ,mid1D#,mid2F#,hiA,voice-key.news
3852,wacci,坂道,mid1B,mid2G#,,voice-key.news
3853,wacci,夏休み,mid1D#,mid2G#,,voice-key.news
3841,wacci,大丈夫,mid1C#,hiA,,voice-key.news
4730,wacci,恋だろ,mid1B,mid2F#,,vocal-range.com
3838,wacci,感情,mid1C#,mid2F#,,voice-key.news
3849,wacci,東京,mid1B,hiA,,voice-key.news
3847,wacci,歩み,mid1D,hiA,hiA,voice-key.news
3842,wacci,結,mid1C,mid2G#,,voice-key.news
3843,wacci,花束にして,mid1A#,mid2G,hiB,voice-key.news
3854,wacci,誰ニモマケズ,mid1E,hiA,,voice-key.news
3850,wacci,足りない,mid1A,mid2G,hiA,voice-key.news
3277,whiteeeen,キセキ〜未来へ〜,mid2A,hiC,,voice-key.news
3280,whiteeeen,ゼロ恋,mid1F,hiD#,,voice-key.news
3278,whiteeeen,タンポポ,mid1G#,hiC#,,voice-key.news
3283,whiteeeen,テトテ with GReeeeN,mid1G,hiD#,,voice-key.news
3286,whiteeeen,テトテとテントテン with whiteeeen,mid1G,hiC#,,voice-key.news
3287,whiteeeen,ハニートースト,mid1E,hiC#,,voice-key.news
3282,whiteeeen,ハンブンコ,mid2A,hiD,,voice-key.news
3279,whiteeeen,ポケット,mid1F,hiG,,voice-key.news
3285,whiteeeen,メロディー,mid1F,hiD,,voice-key.news
3281,whiteeeen,卒業ソング,mid2A#,hiC#,,voice-key.news
3276,whiteeeen,君想い,mid2C#,hiC#,,voice-key.news
3284,whiteeeen,恋のテンキヨホウ,mid1F,hiC,,voice-key.news
3275,whiteeeen,愛歌〜since 2007〜,mid2C,hiC,,voice-key.news
3652,yama,Downtown,mid2A,hiB,,voice-key.news
3651,yama,クリーム,mid1C,hiB,hiF,voice-key.news
5535,yama,ランニングアウト,mid2B,hiD,hiD,vocal-range.com
3650,yama,春を告げる,mid1G#,hiC#,hiE,voice-key.news
4777,yama,色彩,mid2C,hiC,hiD#,vocal-range.com
3665,yonige,さよならアイデンティティー,mid1G,hiC,hiD,voice-key.news
3666,yonige,さよならプリズナー,mid1G,hiC,,voice-key.news
3672,yonige,どうでもよくなる,mid2A,hiC,,voice-key.news
3663,yonige,アボカド,mid2A,hiB,hiC#,voice-key.news
3671,yonige,センチメンタルシスター,mid2A#,hiB,,voice-key.news
3664,yonige,リボルバー,mid2A#,hiC,,voice-key.news
3668,yonige,ワンルーム,mid1F#,hiB,,voice-key.news
3667,yonige,最終回,mid1G,hiA#,,voice-key.news
3669,yonige,笑おう,mid1G#,hiC#,,voice-key.news
3670,yonige,顔で虫が死ぬ,mid1G#,hiA,,voice-key.news
5495,μ’s,Snow halation,mid1G#,hiD,,vocal-range.com
5043,−真天地開闢集団−ジグザグ,Promise,lowG#,hiC,hiA#,vocal-range.com
5044,−真天地開闢集団−ジグザグ,忘却の彼方,lowC#,hiC#,hiC#,vocal-range.com
4126,≠ME,モブノデレラ,mid1F#,hiE,hiE,vocal-range.com
5786,『ユイカ』,好きだから。,mid1E,hiA#,hiF,vocal-range.com
4693,あいみょん,3636,mid1F,hiD,hiD,vocal-range.com
809,あいみょん,GOOD NIGHT BABY,mid1F,hiC#,,voice-key.news
807,あいみょん,○○ちゃん,mid1G,hiD,hiD,voice-key.news
5891,あいみょん,あした世界が終わるとしても,mid1D,hiC,hiE,vocal-range.com
5174,あいみょん,あのね,mid1G,hiC,hiD,vocal-range.com
802,あいみょん,さよならの今日に,mid1G#,hiC,,voice-key.news
796,あいみょん,どうせ死ぬなら,mid1G,hiD,hiE,voice-key.news
791,あいみょん,ふたりの世界,mid1E,hiC#,hiC#,voice-key.news
797,あいみょん,ほろ酔い,mid1G#,hiC#,,voice-key.news
798,あいみょん,ら、のはなし,mid1D#,hiC,,voice-key.news
4158,あいみょん,スケッチ,mid1F#,hiC#,hiE,vocal-range.com
5226,あいみょん,ノット・オーケー,mid1F,hiA#,,vocal-range.com
788,あいみょん,ハルノヒ,mid1E,hiC#,hiC#,voice-key.news
790,あいみょん,ハート,mid1F#,hiD#,hiD#,voice-key.news
800,あいみょん,プレゼント,mid2A#,hiC,hiA#,voice-key.news
814,あいみょん,マシマロ,mid1G,mid2G#,,voice-key.news
792,あいみょん,マリーゴールド,mid1F#,hiB,,voice-key.news
805,あいみょん,ユラユラ,mid2A,hiC#,hiD,voice-key.news
4571,あいみょん,ラッキーカラー,mid1E,hiC,hiE,vocal-range.com
787,あいみょん,今夜このまま,mid1G#,hiD,hiF#,voice-key.news
4904,あいみょん,会いに行くのに,mid1F#,hiD,hiC#,vocal-range.com
803,あいみょん,分かってくれよ,mid1F#,hiD,,voice-key.news
4618,あいみょん,初恋が泣いている,mid1F#,hiC#,hiC#,vocal-range.com
4547,あいみょん,双葉,mid1F,hiC,,vocal-range.com
4283,あいみょん,君の夢を聞きながら、僕は笑えるアイデアを！,mid1G#,hiB,,vocal-range.com
786,あいみょん,君はロックを聴かない,mid1F#,hiD,,voice-key.news
799,あいみょん,夢追いベンガル,mid1G,hiC,,voice-key.news
5456,あいみょん,姿,mid1F#,hiA#,hiF,vocal-range.com
806,あいみょん,恋をしたから,mid1G,hiB,hiC,voice-key.news
4292,あいみょん,愛の花,mid1F,hiD,hiD#,vocal-range.com
785,あいみょん,愛を伝えたいだとか,mid1F#,hiE,,voice-key.news
6392,あいみょん,愛を知るまでは,mid1F#,hiB,,vocal-range.com
6242,あいみょん,朝陽,mid1D#,hiC,hiC,vocal-range.com
801,あいみょん,桜が降る夜は,mid2A,hiC,hiD,voice-key.news
812,あいみょん,満月の夜なら,mid1G,hiC,hiD#,voice-key.news
804,あいみょん,漂白,mid1F,hiC#,hiF,voice-key.news
811,あいみょん,生きていたんだよな,mid1G#,hiC#,,voice-key.news
789,あいみょん,真夏の夜の匂いがする,mid1F#,hiD,,voice-key.news
795,あいみょん,私に彼氏ができない理由,mid1F#,hiB,,voice-key.news
6031,あいみょん,空の青さを知る人よ,mid1E,hiD,,vocal-range.com
793,あいみょん,裸の心,mid1F,hiC#,hiD#,voice-key.news
6046,あいみょん,貴方解剖純愛歌 〜死ね〜,mid1G,hiD,hiD,vocal-range.com
794,あいみょん,貴方解剖純愛歌〜死ね〜,mid1G,hiC,hiD,voice-key.news
813,あいみょん,青春と青春と青春,mid1F#,hiB,hiD,voice-key.news
5512,あいみょん,風のささやき,mid1G,hiA,,vocal-range.com
810,あいみょん,鯉,mid1F#,hiD,,voice-key.news
6377,あたらよ,10月無口な君を忘れる,mid1F,hiB,hiF#,vocal-range.com
1653,いきものがかり,HANABI,mid2A,hiD,hiF#,voice-key.news
1652,いきものがかり,LIFE,mid1E,hiC,hiC,voice-key.news
1642,いきものがかり,SAKURA,mid1F,hiC,hiD#,voice-key.news
1634,いきものがかり,SING!,mid1F#,hiC#,hiC#,voice-key.news
5035,いきものがかり,WE DO,mid1G#,hiC,,vocal-range.com
1637,いきものがかり,YELL,mid1F,hiC,,voice-key.news
4767,いきものがかり,あなた,mid1G,hiB,hiC,vocal-range.com
1633,いきものがかり,ありがとう,mid1G,hiC,,voice-key.news
1646,いきものがかり,いつだって僕らは,mid1G#,hiC#,,voice-key.news
1638,いきものがかり,じょいふる,mid2D,hiD,,voice-key.news
1631,いきものがかり,アイデンティティ,mid1G,hiD,hiE,voice-key.news
4362,いきものがかり,コイスルオトメ,mid2B,hiC#,hiC#,vocal-range.com
1632,いきものがかり,ブルーバード,mid2A,hiE,,voice-key.news
1651,いきものがかり,ホタルノヒカリ,mid2C,hiD,,voice-key.news
1650,いきものがかり,僕はここにいる,mid2C,hiC,,voice-key.news
1645,いきものがかり,夏空グラフィティ,mid2C,hiD#,,voice-key.news
1647,いきものがかり,帰りたくなったよ,mid1G,hiC,hiC,voice-key.news
1641,いきものがかり,恋詩,mid2A#,hiC#,hiC#,voice-key.news
1648,いきものがかり,春,mid1E,hiC,,voice-key.news
1654,いきものがかり,最後の放課後,mid1G#,hiC#,,voice-key.news
1636,いきものがかり,歩いていこう,mid1G,hiC#,,voice-key.news
1644,いきものがかり,気まぐれロマンティック,mid2A,hiB,hiD,voice-key.news
3941,いきものがかり,熱情のスペクトラム,mid1G,hiB,hiC#,vocal-range.com
4847,いきものがかり,笑ってたいんだ,mid2C,hiD,,vocal-range.com
1639,いきものがかり,茜色の約束,mid1F#,hiD,,voice-key.news
1640,いきものがかり,虹,mid2A,hiD#,,voice-key.news
1649,いきものがかり,陽炎,mid1G,hiC,,voice-key.news
1643,いきものがかり,青春ライン,mid1F,hiC#,,voice-key.news
1635,いきものがかり,風が吹いている,mid1G#,hiC#,hiB,voice-key.news
5432,いよわ feat.可不,きゅうくらりん,mid1G#,,,vocal-range.com
5261,おいしくるメロンパン,look at the sea,mid1G,hiC,,vocal-range.com
1759,おいしくるメロンパン,マテリアル,,hiB,hiB,voice-key.news
1762,おいしくるメロンパン,夕立と魚,mid1C#,mid2F#,hiB,voice-key.news
1761,おいしくるメロンパン,斜陽,mid1B,hiA,hiA,voice-key.news
1763,おいしくるメロンパン,架空船,mid1C#,mid2G,,voice-key.news
1760,おいしくるメロンパン,泡と魔女,mid1F,hiA#,mid2G,voice-key.news
1758,おいしくるメロンパン,色水,mid1C#,hiA,,voice-key.news
1764,おいしくるメロンパン,透明造花,mid1F,hiB,,voice-key.news
4667,かいりきベア,バグ,mid2A#,,,vocal-range.com
5583,かいりきベア feat.初音ミク,ダーリンダンス,mid1F#,hiC,,vocal-range.com
4971,きただにひろし,あーーっす！,mid1D,hiG,hiD,vocal-range.com
4780,きただにひろし,ウィーアー!,mid1D#,mid2G#,,vocal-range.com
4781,きただにひろし,ウィーゴー!,mid1F#,hiC,,vocal-range.com
4624,きゃない,バニラ,mid1D,hiA,,vocal-range.com
5521,きゃりーぱみゅぱみゅ,PONPONPON,mid2B,hiB,,vocal-range.com
6197,くじら,金木犀 feat.Ado,mid1F,hiB,hiE,vocal-range.com
2216,くるり,my sunrise,lowG,mid2A#,mid2D,voice-key.news
2207,くるり,ばらの花,mid1A#,mid2D#,,voice-key.news
6351,くるり,ジュビリー,lowG,mid2D#,mid2G,vocal-range.com
2212,くるり,ハイウェイ,mid1B,mid2C#,,voice-key.news
2217,くるり,ロックンロール,mid1E,mid2F#,,voice-key.news
2209,くるり,ワンダーフォーゲル,mid1D,mid2E,,voice-key.news
2214,くるり,三日月,mid1A,mid2C#,,voice-key.news
2208,くるり,奇跡,mid1C,mid2D#,mid2G,voice-key.news
2215,くるり,旅の途中,mid1B,mid2D#,mid2E,voice-key.news
2210,くるり,春風,mid1B,mid2E,mid2G#,voice-key.news
5685,くるり,最後のメリークリスマス,mid1C#,mid2F,mid2G,vocal-range.com
2206,くるり,琥珀色の街、上海蟹の朝,mid1A,mid2F,,voice-key.news
2213,くるり,言葉はさんかく こころは四角,mid1A,mid2D,,voice-key.news
2211,くるり,赤い電車,mid1C,mid2D,mid2G,voice-key.news
2267,こっちのけんと,Tiny,lowG,mid2G,hiA,voice-key.news
2266,こっちのけんと,はいよろこんで,mid1D,mid2F#,,voice-key.news
4488,こっちのけんと,もういいよ,mid1B,mid2G#,hiB,vocal-range.com
2268,こっちのけんと,死ぬな！,lowF,hiA#,hiA,voice-key.news
5020,こはならむ,恋してる自分すら愛せるんだ,mid1G,hiD,hiF#,vocal-range.com
5113,さかいゆう,薔薇とローズ,mid1E,hiA#,hiD#,vocal-range.com
2712,ささきいさお,たたかえ！キャシーン,mid1C,mid2D,,voice-key.news
2711,ささきいさお,ゲッターロボ！,mid1C,mid2D#,,voice-key.news
2714,ささきいさお,君の青春は輝いているか,lowG,mid2D,,voice-key.news
2710,ささきいさお,宇宙戦艦ヤマト,lowG,mid2D#,,voice-key.news
2713,ささきいさお,銀河鉄道は遥かなり,mid1C,mid2C,,voice-key.news
4709,さとうもか,melt bitter,mid1D#,hiC#,hiF#,vocal-range.com
4387,さユり,それは小さな光のような,mid2A#,hiC,,vocal-range.com
4494,さユり,るーららるーらーるららるーらー,mid2C#,hiC#,,vocal-range.com
5175,さユり,アノニマス,mid1G,hiD#,hiD#,vocal-range.com
6221,さユり,フラレガイガール,mid2B,hiC#,,vocal-range.com
2629,さユり,ミカヅキ,mid2C#,hiC#,hiC#,voice-key.news
5176,さユり,平行線,mid1G#,hiC#,hiC#,vocal-range.com
6086,さユり,月と花束,mid2B,hiD#,hiE,vocal-range.com
2628,さユり,航海の唄,mid1G#,hiC#,hiA#,voice-key.news
4272,さユり,花の塔,mid1G,hiD,hiE,vocal-range.com
2626,さユり,葵橋,,hiC,hiE,voice-key.news
4819,さユり,酸欠少女,mid2B,hiC,hiE,vocal-range.com
6043,さユり×MY FIRST STORY,レイメイ,mid2A,hiD,hiD#,vocal-range.com
4835,ざらめ,六等星,mid1F#,hiB,hiF#,vocal-range.com
4478,しぐれうい,粛聖!! ロリ神レクイエム☆,mid2A#,hiD,,vocal-range.com
4537,じん[自然の敵P],チルドレンレコード,mid2B,,,vocal-range.com
769,ずっと真夜中でいいのに。,Dear.Mr「F」,mid2B,hiE,hiE,voice-key.news
4299,ずっと真夜中でいいのに。,TAIDADA,mid1F#,hiG,hiG,vocal-range.com
3879,ずっと真夜中でいいのに。,あいつら全員同窓会,mid2B,hiF,hiG,vocal-range.com
770,ずっと真夜中でいいのに。,お勉強しといてよ,,hiF,hihiA#,voice-key.news
5798,ずっと真夜中でいいのに。,ばかじゃないのに,mid2A,hiE,hiE,vocal-range.com
780,ずっと真夜中でいいのに。,またね幻,mid2A,hiD#,hiF,voice-key.news
782,ずっと真夜中でいいのに。,グラスとラムレーズン,mid1G#,hiD#,hiD#,voice-key.news
775,ずっと真夜中でいいのに。,サターン,mid1G#,hiD#,hiF,voice-key.news
773,ずっと真夜中でいいのに。,ハゼ馳せる果てるまで,mid2A,hiF,hiF#,voice-key.news
774,ずっと真夜中でいいのに。,ヒューマノイド,mid2A,hiC#,hiF#,voice-key.news
781,ずっと真夜中でいいのに。,マイノリティ脈絡,mid1G,hiF,hiG#,voice-key.news
5187,ずっと真夜中でいいのに。,ミラーチューン,mid2A#,hiF,hiF#,vocal-range.com
784,ずっと真夜中でいいのに。,優しくLAST SMILE,mid2A,hiC,hiG,voice-key.news
6299,ずっと真夜中でいいのに。,勘ぐれい,mid1F,hiD#,hiF#,vocal-range.com
772,ずっと真夜中でいいのに。,勘冴えて悔しいわ,mid2C,hiF,hiF,voice-key.news
4304,ずっと真夜中でいいのに。,嘘じゃない,mid2A,hiE,hiF#,vocal-range.com
779,ずっと真夜中でいいのに。,居眠り遠征隊,mid1G#,hiD#,hiF#,voice-key.news
783,ずっと真夜中でいいのに。,彷徨い酔い温度,mid2A#,hiC#,hiG,voice-key.news
4132,ずっと真夜中でいいのに。,微熱魔,mid2A#,hiE,hiE,vocal-range.com
4997,ずっと真夜中でいいのに。,正しくなれない,mid2A,hiF,hiF,vocal-range.com
776,ずっと真夜中でいいのに。,正義,mid1G#,hiF#,hihiA,voice-key.news
4761,ずっと真夜中でいいのに。,残機,mid1G,hiG,hihiA,vocal-range.com
4298,ずっと真夜中でいいのに。,海馬成長痛,mid1G,hiE,hiG,vocal-range.com
4715,ずっと真夜中でいいのに。,消えてしまいそうです,mid2A,hiG,,vocal-range.com
777,ずっと真夜中でいいのに。,眩しいDNAだけ,mid2A,hiD#,hiF,voice-key.news
768,ずっと真夜中でいいのに。,秒針を噛む,mid1G#,hiE,hiE,voice-key.news
4820,ずっと真夜中でいいのに。,綺羅キラー,mid1G,hiF#,hiF,vocal-range.com
5482,ずっと真夜中でいいのに。,胸の煙,mid2A#,hiD#,hiF#,vocal-range.com
771,ずっと真夜中でいいのに。,脳裏上のクラッカー,mid2A#,hiG#,hiF#,voice-key.news
3895,ずっと真夜中でいいのに。,花一匁,mid2C,hiG,hiD,vocal-range.com
4333,ずっと真夜中でいいのに。,袖のキルト,mid2A,hiF,hiF#,vocal-range.com
778,ずっと真夜中でいいのに。,蹴っ飛ばした毛布,mid1G,hiE,hiG,voice-key.news
6352,ずっと真夜中でいいのに。,過眠,mid1G,,hihiB,vocal-range.com
5390,たかやん,らぶびーむ！！,mid2A#,hiD#,,vocal-range.com
4201,ちゃんみな,B級,mid2A#,mid2G#,hiA#,vocal-range.com
3942,ちゃんみな,Never Grow Up,mid1F,mid2F,hiD,vocal-range.com
4200,ちゃんみな,SAD SONG,mid1F,hiC,hiD,vocal-range.com
4202,ちゃんみな,ハレンチ,mid1E,hiB,,vocal-range.com
5820,つじあやの,風になる,mid1G,hiC,,vocal-range.com
4960,ときのそら,スタースタースタート,mid2D,hiG#,hihiD,vocal-range.com
4871,とた,紡ぐ,mid2A,hiB,hiD#,vocal-range.com
6168,ともさかりえ,カプチーノ,mid2A#,hiA#,,vocal-range.com
4585,どうぶつビスケッツ×PPP,ようこそジャパリパークへ,mid2A,hiD,,vocal-range.com
5034,どぶろっく,農夫と神様～大きなイチモツ～,mid1A,hiB,,vocal-range.com
4039,なきそ,いますぐ輪廻,mid2C#,,,vocal-range.com
3046,なとり,IN_MY_HEAD,mid1B,mid2F#,hiB,voice-key.news
3041,なとり,Overdose,lowD,mid2B,mid2E,voice-key.news
3049,なとり,エウレカ,lowF#,mid2D#,hiB,voice-key.news
3044,なとり,フライデー・ナイト,lowG#,mid2D#,mid2G#,voice-key.news
3042,なとり,プロポーズ,mid1A,mid2D,mid2D,voice-key.news
3048,なとり,メーベル,mid1C#,mid2F#,hiB,voice-key.news
3045,なとり,猿芝居,lowG,mid2E,mid2E,voice-key.news
3050,なとり,糸電話,mid1E,mid2F#,hiD,voice-key.news
3043,なとり,絶対零度,mid1A#,mid2F,mid2G#,voice-key.news
3047,なとり,金木犀,lowG,mid2F,hiA,voice-key.news
4372,なるみや,可愛いあの子が気にゐらない,mid2C,hiA#,hiD,vocal-range.com
3061,にしな,1999,mid2A#,hiC#,,voice-key.news
3065,にしな,U+,mid1G#,hiE,,voice-key.news
3059,にしな,ケダモノのフレンズ,mid1D,hiD,,voice-key.news
3062,にしな,ダーリン,mid1G#,hiC#,hiD#,voice-key.news
3056,にしな,ヘビースモーク,mid1G,hiF,,voice-key.news
3058,にしな,ホットミルク,mid2B,hiE,hiF#,voice-key.news
3064,にしな,夜になって,mid1G#,hiC#,hiD#,voice-key.news
3063,にしな,投機マーブル,mid2A,hiE,,voice-key.news
3060,にしな,真白,mid2B,hiD,,voice-key.news
3057,にしな,青藍遊泳,mid1F#,hiE,hiD,voice-key.news
3926,ぬゆり,命ばっかり,mid2D,,,vocal-range.com
4439,ねぐせ。,ずっと好きだから,mid1C#,hiA,hiC#,vocal-range.com
3899,ねぐせ。,アタシのドレス,mid1G,hiA,hiB,vocal-range.com
5336,ねぐせ。,グッドな音楽を,mid1C#,hiA,hiC#,vocal-range.com
5335,ねぐせ。,スーパー愛したい,mid1E,hiA,,vocal-range.com
5337,ねぐせ。,日常革命,mid1D,hiB,hiD,vocal-range.com
4030,ねぐせ。,織姫とBABY feat. 汐れいら,mid1E,hiC#,,vocal-range.com
5085,ねぐせ。,花束が似合う君へ,mid1G,hiA,hiC,vocal-range.com
1183,まふまふ,それを愛と呼ぶだけ,mid1G,hiG,hihiA,voice-key.news
1182,まふまふ,アルターエゴ,mid1E,hiG,,voice-key.news
1176,まふまふ,サクリファイス,mid1G,hiG,hiG,voice-key.news
1177,まふまふ,ジグソーパズル,mid1A#,hiC#,,voice-key.news
1181,まふまふ,夢のまた夢,mid1G,hiG,,voice-key.news
1172,まふまふ,女の子になりたい,mid1D#,hiE,,voice-key.news
1173,まふまふ,廃墟の国のアリス,mid1F#,hihiA,,voice-key.news
1179,まふまふ,悔やむと書いてミライ,mid1G,hiD,,voice-key.news
1174,まふまふ,拝啓、桜舞い散るこの日に,mid1F,hiF,,voice-key.news
1178,まふまふ,携帯電話,mid1G#,hiC#,hiC#,voice-key.news
6366,まふまふ,片恋,mid1D,mid2G,hiD#,vocal-range.com
1184,まふまふ,立ち入り禁止,mid1G,hiF,hiF,voice-key.news
1175,まふまふ,終点,mid1A#,hihiA#,,voice-key.news
1185,まふまふ,落書きの隠し方,mid1E,mid2G,,voice-key.news
1180,まふまふ,輪廻転生,mid1D,hiG,,voice-key.news
4721,みきとP [使用ボカロ:GUMI],バレリーコ,mid1G#,,,vocal-range.com
3953,めいちゃん,シャッターチャンス,mid2B,hiC#,hiE,vocal-range.com
6268,もさを。,ぎゅっと。,mid1B,mid2E,mid2F#,vocal-range.com
4485,ももいろクローバーZ,レナセールセレナーデ,mid1G,hiC#,hiE,vocal-range.com
4157,もんた&ブラザーズ,ダンシング・オールナイト,mid1G,hiC,,vocal-range.com
4354,やみのおねえさん,きょういくばんぐみのテーマ,mid2B,hiB,hiE,vocal-range.com
5309,ゆこぴ,寝起きヤシの木 (feat.歌愛ユキ),mid1G,hiB,,vocal-range.com
5398,ゆこぴ,強風オールバック (feat.歌愛ユキ),mid1G,hiB,,vocal-range.com
3608,ゆず,3番線,mid2C,mid2G,,voice-key.news
5090,ゆず,GreenGreen,mid1D,hiC,,vocal-range.com
4083,ゆず,OLA!!,mid1D#,hiC,,vocal-range.com
5214,ゆず,RAKUEN,mid1E,hiC,hiD,vocal-range.com
4673,ゆず,REASON,mid1B,hiB,hiD,vocal-range.com
3605,ゆず,with you,mid1E,hiD,hiE,voice-key.news
5602,ゆず,いちご,mid1G,hiC,hiC,vocal-range.com
3617,ゆず,またあえる日まで,mid1G,mid2F,,voice-key.news
3618,ゆず,よろこびのうた,mid1E,hiB,hiB,voice-key.news
3623,ゆず,わだち,mid1F#,mid2E,,voice-key.news
3622,ゆず,サヨナラバス,mid1G,hiA,,voice-key.news
3620,ゆず,スミレ,mid1D,mid2G#,,voice-key.news
3610,ゆず,友〜旅立ちの時〜,mid1D,hiA,,voice-key.news
3609,ゆず,友達の唄,mid1D,mid2G#,,voice-key.news
3607,ゆず,呼吸,mid1F#,hiB,,voice-key.news
3602,ゆず,嗚呼、青春の日々,mid1F#,mid2G#,,voice-key.news
3612,ゆず,夏色,mid2A#,hiC,,voice-key.news
3606,ゆず,恋の歌謡日,mid1F,mid2G,,voice-key.news
3621,ゆず,慈愛への旅路,mid1E,hiC,,voice-key.news
5089,ゆず,日常,mid1D#,hiB,,vocal-range.com
3613,ゆず,春風,mid1D#,mid2G#,,voice-key.news
3604,ゆず,栄光の架橋,mid1B,hiA,,voice-key.news
6294,ゆず,桜木町,mid1F,hiC,hiC,vocal-range.com
3616,ゆず,歩行者優先,mid1F#,hiB,,voice-key.news
3611,ゆず,虹,mid1F#,hiB,hiB,voice-key.news
3615,ゆず,表裏一体,mid1G,hiC#,hiD#,voice-key.news
3601,ゆず,逢いたい,mid1E,hiC,,voice-key.news
3603,ゆず,雨のち晴レルヤ,mid1D,hiA#,,voice-key.news
3619,ゆず,飛べない鳥,mid1E,hiC#,hiC#,voice-key.news
3614,ゆず,飛行機雲,mid2B,hiA,hiC#,voice-key.news
3809,りりあ。,浮気されたけどまだ好きって曲。,mid1G#,hiA#,hiD,voice-key.news
3810,りりあ。,蛙化現象に悩んでる女の子の話。,mid2B,hiC,hiC#,voice-key.news
4625,んだほ & ぺけたん from Fischer’s,虹,mid1E,hiC,hiC,vocal-range.com
5368,アイナ・ジ・エンド,Red:birthmark,mid1F,hiE,hihiA,vocal-range.com
4107,アイナ・ジ・エンド,革命道中,mid1D,hiC,hiE,vocal-range.com
1702,アイビーカラー,orion,lowG,hiA,hiC,voice-key.news
1705,アイビーカラー,short hair,mid1C#,mid2G,hiC#,voice-key.news
1707,アイビーカラー,つよがり,mid1D#,hiB,hiC,voice-key.news
5702,アイビーカラー,はなばればなれ,mid1B,hiA,hiB,vocal-range.com
1710,アイビーカラー,オルゴール,mid1B,mid2G#,,voice-key.news
1706,アイビーカラー,シロ,mid1D,hiA#,hiC,voice-key.news
1709,アイビーカラー,冬のあとがき,lowG#,hiA#,hiA#,voice-key.news
1704,アイビーカラー,夏の終わり,mid1E,hiA,hiA,voice-key.news
1708,アイビーカラー,夏空,mid1E,hiA,mid2F#,voice-key.news
1703,アイビーカラー,春を忘れても,lowG,hiA#,hiA,voice-key.news
5570,アリス九號.,ARMOR RING,mid1E,hiB,hiC,vocal-range.com
6345,アルカラ,瞬間 瞬間 瞬間,mid1D#,hiC#,,vocal-range.com
1930,アンジェラ・アキ,This Love,mid1G#,hiD,hiF,voice-key.news
1931,アンジェラ・アキ,サクラ色,mid1F,hiD#,hiC,voice-key.news
1932,アンジェラ・アキ,孤独のカケラ,mid1F#,hiD,,voice-key.news
3988,アンジェラ・アキ,手紙 〜拝啓　十五の君へ〜,mid1G#,hiC#,,vocal-range.com
4830,アンジュルム,RED LINE,mid1G#,hiD#,hiE,vocal-range.com
1515,アンダーグラフ,また帰るから,mid1F,mid2F,,voice-key.news
1507,アンダーグラフ,ツバサ,mid1F,mid2G,hiA,voice-key.news
1513,アンダーグラフ,ユメノセカイ,mid1E,mid2G,hiA,voice-key.news
1509,アンダーグラフ,五色の虹,mid1E,mid2G,,voice-key.news
1508,アンダーグラフ,君の声,mid1B,mid2G,mid2G,voice-key.news
1512,アンダーグラフ,夏影,mid1D,hiA,hiA,voice-key.news
1516,アンダーグラフ,夢を乗せて,,mid2F#,mid2G,voice-key.news
1511,アンダーグラフ,白い雨,mid1E,hiA,hiA,voice-key.news
1510,アンダーグラフ,真面目過ぎる君へ,mid1F,mid2F#,hiA#,voice-key.news
1514,アンダーグラフ,遠き日,mid1D,mid2G,mid2G#,voice-key.news
1517,アンダーグラフ,風を呼べ,lowG,hiA,,voice-key.news
4055,イクマあきら,ダイナミック琉球,mid1F,mid2G#,mid2G#,vocal-range.com
6093,イディナ・メンゼル,Into the Unknown,mid1G#,hiD#,,vocal-range.com
6009,イナメトオル【40mP】,恋愛裁判,mid1D#,mid2G#,hiB,vocal-range.com
6013,イナメトオル【40mP】,からくりピエロ,mid1F,hiA,,vocal-range.com
6310,ウォルピスカーター,泥中に咲く,mid2A#,hiF,hiD#,vocal-range.com
5847,ウソツキ,一生分のラブレター,mid1F,hiD#,hiC,vocal-range.com
4521,ウルフルズ,ええねん,mid2B,hiA,,vocal-range.com
4520,ウルフルズ,ガッツだぜ‼,mid2B,hiA,,vocal-range.com
4522,ウルフルズ,バンザイ～好きでよかった～,mid1E,hiA,,vocal-range.com
4121,エレファントカシマシ,Easy Go,mid1G,hiD,hiD,vocal-range.com
6365,エレファントカシマシ,RAINBOW,mid1D#,hiD,hiD,vocal-range.com
1835,エレファントカシマシ,かくれんぼ,mid1A,mid2F,,voice-key.news
1829,エレファントカシマシ,さらば青春,mid1C#,hiA#,,voice-key.news
1832,エレファントカシマシ,はじまりは今,mid1D,hiA#,hiE,voice-key.news
1827,エレファントカシマシ,今宵の月のように,mid1D,hiA,,voice-key.news
1823,エレファントカシマシ,俺たちの明日,lowG,hiC#,hiE,voice-key.news
1831,エレファントカシマシ,友達がいるのさ,lowF,hiC#,hiE,voice-key.news
1830,エレファントカシマシ,四月の風,mid1D,hiB,hiE,voice-key.news
1824,エレファントカシマシ,悲しみの果て,mid1D#,hiA#,,voice-key.news
1822,エレファントカシマシ,新しい季節へキミと,mid1B,hiB,,voice-key.news
1833,エレファントカシマシ,普通の日々,mid1E,hiC#,,voice-key.news
1828,エレファントカシマシ,桜の花、舞い上がる道を,mid1B,hiC,,voice-key.news
1834,エレファントカシマシ,約束,mid1D,hiD#,hiC,voice-key.news
1826,エレファントカシマシ,絆,mid1A,hiB,hiD,voice-key.news
1825,エレファントカシマシ,風に吹かれて,mid1D,hiB,,voice-key.news
4229,オフコース,Yes-No,mid1E,hiB,,vocal-range.com
4230,オフコース,さよなら,mid1E,hiB,,vocal-range.com
1599,オレンジスパイニクラブ,37.5℃,,hiC,,voice-key.news
1600,オレンジスパイニクラブ,またあとで,mid1D#,hiC#,hiD#,voice-key.news
1597,オレンジスパイニクラブ,キンモクセイ,mid1D,hiA,,voice-key.news
1598,オレンジスパイニクラブ,リンス,mid1A#,mid2G#,,voice-key.news
4875,オーイシマサヨシ,uni-verse,mid1E,hiB,hiD,vocal-range.com
5395,オーイシマサヨシ,ギフト,mid1E,hiA#,hiB,vocal-range.com
5815,カネコアヤノ,光の方へ,mid1G,hiC,hiD#,vocal-range.com
4821,カネコアヤノ,祝日,mid1G#,hiC#,hiC#,vocal-range.com
6057,キズ,ヒューマンエラー,mid1A#,hiF,,vocal-range.com
3946,キタニタツヤ,Cinnamon,mid1A#,mid2G,hiA,vocal-range.com
1194,キタニタツヤ,Moonthief,lowF#,mid2E,mid2F#,voice-key.news
1198,キタニタツヤ,Rapport,mid1B,hiA#,hiB,voice-key.news
1187,キタニタツヤ,あなたのことをおしえて,mid1C,hiA,hiC,voice-key.news
1189,キタニタツヤ,ずうっといっしょ！,mid1A#,hiA,,voice-key.news
1197,キタニタツヤ,なくしもの,mid1C#,hiA,hiB,voice-key.news
1188,キタニタツヤ,まなざしは光,mid1C#,hiA,hiB,voice-key.news
1191,キタニタツヤ,スカー,mid1C#,hiA#,hiC#,voice-key.news
1193,キタニタツヤ,人間みたいね,mid1B,mid2F#,hiB,voice-key.news
1199,キタニタツヤ,化け猫,lowG#,mid2F,hiA#,voice-key.news
1190,キタニタツヤ,悪魔の踊り方,lowG#,mid2F#,,voice-key.news
1195,キタニタツヤ,次回予告,mid1A#,mid2G,,voice-key.news
1196,キタニタツヤ,私が明日死ぬなら,mid1A,hiA,hiC#,voice-key.news
1192,キタニタツヤ,聖者の行進,mid1C,hiA#,,voice-key.news
5094,キタニタツヤ,芥の部屋は錆色に沈む,lowF#,hiB,,vocal-range.com
1186,キタニタツヤ,青のすみか,lowG#,hiA#,hiC#,voice-key.news
4028,キタニタツヤ×なとり,いらないもの,mid1A#,hiA#,hiC#,vocal-range.com
2242,キュウソネコカミ,FABYOOOOO!!!!!,mid1C#,hiA,,voice-key.news
2249,キュウソネコカミ,MEGA SHAKE IT!,mid1E,hiB,,voice-key.news
2244,キュウソネコカミ,The band,mid1B,hiB,,voice-key.news
2248,キュウソネコカミ,たまにいるタラシくん,mid1D,hiA,,voice-key.news
2238,キュウソネコカミ,なんまんだ,mid1D#,mid2F#,,voice-key.news
2246,キュウソネコカミ,わかってんだよ,mid1D,hiA,,voice-key.news
2230,キュウソネコカミ,ウツロウココロ,mid1F#,hiB,,voice-key.news
2245,キュウソネコカミ,カワイイだけ,mid1F#,hiA,,voice-key.news
2251,キュウソネコカミ,キュウソネコカミ,mid1E,hiA,,voice-key.news
2235,キュウソネコカミ,サギグラファー,mid1D,hiC,,voice-key.news
2250,キュウソネコカミ,サブカル女子,mid1D,hiB,,voice-key.news
2234,キュウソネコカミ,ハッピーポンコツ,mid1E,hiB,,voice-key.news
2231,キュウソネコカミ,ビビった,mid1D,hiA,,voice-key.news
2237,キュウソネコカミ,ビーフ or チキン,mid1D,hiC,,voice-key.news
2239,キュウソネコカミ,ファントムヴァイブレーション,mid1D,hiA,,voice-key.news
2247,キュウソネコカミ,何もない休日,mid1B,hiB,,voice-key.news
2240,キュウソネコカミ,勇者ロトシック,mid2A,hiA,,voice-key.news
2241,キュウソネコカミ,友達仮,mid1G,hihiB,,voice-key.news
2232,キュウソネコカミ,推しのいる生活,mid1F#,hiA#,,voice-key.news
2233,キュウソネコカミ,春になっても,mid1F#,hiB,,voice-key.news
2236,キュウソネコカミ,貧困ビジネス,mid1D,hiA#,,voice-key.news
2243,キュウソネコカミ,越えていけ,mid1G,hiA#,,voice-key.news
4636,キリンジ,スイートソウル,mid1C#,mid2F#,hiC#,vocal-range.com
4961,キンモクセイ,さらば,mid1D,mid2G#,hiB,vocal-range.com
4953,キンモクセイ,二人のアカボシ,mid1F,hiA,hiA,vocal-range.com
4954,キンモクセイ,冬の磁石,mid1B,hiA,,vocal-range.com
4946,クボタカイ,春に微熱,mid1A#,mid2D#,mid2F,vocal-range.com
2309,クリスタルキング,大都会,mid1E,hiC,,voice-key.news
2308,クリスタルキング,愛をとりもどせ!!,mid1F#,hiC,,voice-key.news
2172,クリス・ハート,366日,mid1E,hiD,hiG,voice-key.news
2166,クリス・ハート,I LOVE YOU,mid1F#,hiC,hiD,voice-key.news
2171,クリス・ハート,ひまわりの約束,mid1D,hiA#,hiA#,voice-key.news
2167,クリス・ハート,まもりたい～magic of a touch～,lowG#,hiA#,hiA#,voice-key.news
2177,クリス・ハート,アイ,mid1D,hiA,mid2F#,voice-key.news
2175,クリス・ハート,レイニーブルー,mid1E,mid2G#,hiC#,voice-key.news
2169,クリス・ハート,奏(かなで),mid1D#,hiB,hiB,voice-key.news
2173,クリス・ハート,家族になろうよ,mid1E,mid2G#,,voice-key.news
2168,クリス・ハート,最後のラブレター,mid1D,hiB,hiB,voice-key.news
2176,クリス・ハート,未来予想図Ⅱ,mid1D#,hiA#,,voice-key.news
2170,クリス・ハート,楓,mid1D#,hiA#,,voice-key.news
2174,クリス・ハート,瞳を閉じて,mid1A#,hiC,,voice-key.news
5163,クリープハイプ,5%,mid1A#,hiA#,,vocal-range.com
5511,クリープハイプ,ABCDC,mid1G,hiE,,vocal-range.com
1250,クリープハイプ,HE IS MINE,mid1G,hiD,,voice-key.news
5490,クリープハイプ,おばけでいいからはやくきて,mid2A#,hiB,hiD,vocal-range.com
1239,クリープハイプ,おやすみ泣き声、さよなら歌姫,mid2A,hiF,,voice-key.news
1244,クリープハイプ,さっきの話,mid1F,hiF,,voice-key.news
1240,クリープハイプ,イト,mid1B,hiD,,voice-key.news
5828,クリープハイプ,イノチミジカシコイセヨオトメ,mid1G,hiE,,vocal-range.com
1241,クリープハイプ,エロ,mid2A#,hiD#,,voice-key.news
1238,クリープハイプ,オレンジ,mid1G#,hiD,,voice-key.news
3880,クリープハイプ,キケンナアソビ,mid1D#,hiC#,,vocal-range.com
4234,クリープハイプ,バンド,mid2A,hiD,,vocal-range.com
1237,クリープハイプ,モノマネ,mid1D#,hiC#,,voice-key.news
1235,クリープハイプ,ラブホテル,mid1G,hiD#,,voice-key.news
4006,クリープハイプ,一生に一度愛してるよ,mid1E,hiC#,,vocal-range.com
1245,クリープハイプ,二十九、三十,mid2A,hiC,,voice-key.news
4233,クリープハイプ,喉仏,mid2A#,hiD#,,vocal-range.com
1246,クリープハイプ,寝癖,mid1D,hiD,,voice-key.news
1252,クリープハイプ,幽霊失格,mid1D#,hiD#,,voice-key.news
1243,クリープハイプ,愛す,mid1B,hiD#,,voice-key.news
1254,クリープハイプ,愛のネタバレ,mid1E,hiC,,voice-key.news
1247,クリープハイプ,愛の標識,mid2C#,hiC#,,voice-key.news
1253,クリープハイプ,愛の点滅,mid1G,hiC,,voice-key.news
1234,クリープハイプ,憂、燦々,mid1E,hiE,,voice-key.news
1248,クリープハイプ,手と手,mid1G,hiE,,voice-key.news
1251,クリープハイプ,援助交際,mid1G,hiC,,voice-key.news
4728,クリープハイプ,月の逆襲,mid1G,hiB,hiA#,vocal-range.com
1233,クリープハイプ,栞,mid1D#,hiD#,,voice-key.news
1249,クリープハイプ,欠伸,mid2D,hiF,,voice-key.news
5287,クリープハイプ,百八円の恋,mid2B,hiE,hiC#,vocal-range.com
1242,クリープハイプ,社会の窓,mid1F,hiE,,voice-key.news
1236,クリープハイプ,鬼,mid1G#,hiC#,,voice-key.news
1948,ケツメイシ,いい感じ,mid1G,mid2G,,voice-key.news
1957,ケツメイシ,こだま,mid1C,mid2G,,voice-key.news
1939,ケツメイシ,さくら,mid1D#,mid2G,,voice-key.news
1950,ケツメイシ,さらば涙,mid1D,mid2G,,voice-key.news
1942,ケツメイシ,そばにいて,mid1A,mid2G,hiA,voice-key.news
1959,ケツメイシ,また君に会える,mid1D#,mid2F#,,voice-key.news
1951,ケツメイシ,カリフォルニー,mid1C,mid2D#,,voice-key.news
1956,ケツメイシ,カンパイの唄,mid1F,mid2G,,voice-key.news
1952,ケツメイシ,トモダチ,mid1D#,mid2G#,,voice-key.news
1945,ケツメイシ,トレイン,mid1D,mid2G#,,voice-key.news
1941,ケツメイシ,バラード,mid1A#,mid2G,mid2G,voice-key.news
1947,ケツメイシ,仲間,mid1A#,mid2G,,voice-key.news
1943,ケツメイシ,出会いのかけら,mid1E,mid2G#,,voice-key.news
4665,ケツメイシ,友よ 〜 この先もずっと…,mid1G,mid2G#,mid2G,vocal-range.com
1955,ケツメイシ,君と作る未来,mid1C#,mid2D#,,voice-key.news
1944,ケツメイシ,夏の思い出,mid1D#,mid2F#,,voice-key.news
1953,ケツメイシ,始まりの予感,mid1F,mid2F,,voice-key.news
1954,ケツメイシ,幸せをありがとう,mid1C#,mid2D#,,voice-key.news
1946,ケツメイシ,恋の終わりは意外と静かに,mid1F#,mid2G#,,voice-key.news
1958,ケツメイシ,月と太陽,mid1B,mid2F,,voice-key.news
1949,ケツメイシ,涙,mid1D#,mid2G#,,voice-key.news
5312,ゲスの極み乙女,ロマンスがありあまる,mid1E,hiA,hiA,vocal-range.com
2084,ゲスの極み乙女,だけど僕は,mid1F,mid2G,hiC,voice-key.news
2072,ゲスの極み乙女,もう切ないとは言わせない,mid1C,hiA,hiC,voice-key.news
2081,ゲスの極み乙女,アオミ,mid1F#,mid2F#,hiA,voice-key.news
2064,ゲスの極み乙女,キラーボール,mid1C#,mid2G#,hiB,voice-key.news
2069,ゲスの極み乙女,キラーボールをもう一度,mid1D,hiA,hiD,voice-key.news
2070,ゲスの極み乙女,サイデンティティ,mid1E,hiA,,voice-key.news
2074,ゲスの極み乙女,デジタルモグラ,mid1F,hiA,,voice-key.news
2067,ゲスの極み乙女,ドグマン,mid1D,hiA,hiC,voice-key.news
2082,ゲスの極み乙女,ドレスを脱げ,mid1D#,hiC,,voice-key.news
2075,ゲスの極み乙女,ノータルアタマ,mid1F,hiA#,,voice-key.news
2079,ゲスの極み乙女,ハツミ,mid1D,hiC,,voice-key.news
2065,ゲスの極み乙女,パラレルスペック,mid1E,hiA,hiC,voice-key.news
2068,ゲスの極み乙女,ユレルカレル,mid1D#,mid2G#,hiC,voice-key.news
2080,ゲスの極み乙女,ラスカ,mid1G,mid2G,hiB,voice-key.news
2078,ゲスの極み乙女,ルミリー,mid1D,mid2G,hiD,voice-key.news
2071,ゲスの極み乙女,両成敗でいいじゃない,mid1C#,mid2G#,hiD#,voice-key.news
2088,ゲスの極み乙女,人生の針,mid1B,hiA#,hiD#,voice-key.news
2089,ゲスの極み乙女,悪夢のおまけ,lowF,hiA,hiC,voice-key.news
2086,ゲスの極み乙女,戦ってしまうよ,mid1D,mid2G,hiD,voice-key.news
2087,ゲスの極み乙女,星降る夜に花束を,mid1E,hiB,,voice-key.news
2077,ゲスの極み乙女,無垢な季節,mid1F#,mid2F#,hiC#,voice-key.news
2076,ゲスの極み乙女,猟奇的なキスを私にして,mid1F,hiB,,voice-key.news
2066,ゲスの極み乙女,私以外私じゃないの,mid1G,hiA,hiD,voice-key.news
2085,ゲスの極み乙女,颯爽と走るトネガワ君,mid1C,mid2G,hiC,voice-key.news
2083,ゲスの極み乙女,餅ガール,mid1E,hiB,,voice-key.news
1977,コブクロ,Million Films,mid1B,mid2G,hiB,voice-key.news
1984,コブクロ,YELL～エール～,mid1C,mid2G,,voice-key.news
1989,コブクロ,miss you,mid1B,mid2G,,voice-key.news
1987,コブクロ,あなたへと続く道,mid1D,hiA,hiC,voice-key.news
1975,コブクロ,ここにしか咲かない花,mid1C,hiA#,,voice-key.news
1976,コブクロ,どんな空でも,mid1D#,mid2G#,,voice-key.news
1991,コブクロ,エピローグ,mid1E,mid2G,hiA,voice-key.news
1986,コブクロ,コイン,mid1C,mid2G,hiB,voice-key.news
1979,コブクロ,バトン,mid1A,mid2F#,,voice-key.news
1983,コブクロ,ベテルギウス,mid1D,mid2E,,voice-key.news
1971,コブクロ,今、咲き誇る花たちよ,mid1C#,mid2F#,,voice-key.news
1974,コブクロ,君という名の翼,mid1D,hiA,hiA,voice-key.news
1985,コブクロ,君色,mid1D,mid2G,hiA,voice-key.news
1981,コブクロ,夢唄,mid1E,mid2G,,voice-key.news
1982,コブクロ,大樹の影,mid1C,mid2F,,voice-key.news
1968,コブクロ,宝島,mid1E,hiA,,voice-key.news
1960,コブクロ,愛する人よ,mid1E,mid2G,,voice-key.news
1967,コブクロ,時の足音,mid1C,hiA,hiA#,voice-key.news
1980,コブクロ,晴々,mid1E,hiA,,voice-key.news
1990,コブクロ,未来,mid1A#,mid2G#,mid2G,voice-key.news
1969,コブクロ,桜,mid1B,mid2F#,,voice-key.news
1965,コブクロ,永久にともに,mid1A,hiA,,voice-key.news
1963,コブクロ,流星,lowF#,mid2G#,mid2G#,voice-key.news
1992,コブクロ,紙飛行機,mid1C#,mid2F#,hiA,voice-key.news
1961,コブクロ,蒼く 優しく,mid1C,hiA,hiA,voice-key.news
1966,コブクロ,蕾,mid1B,hiA,hiA#,voice-key.news
1988,コブクロ,虹,mid1D,mid2G#,hiA#,voice-key.news
1970,コブクロ,赤い糸,mid1E,mid2F#,,voice-key.news
1978,コブクロ,轍-わだち-,mid1E,mid2G,,voice-key.news
1993,コブクロ,陽だまりの道,lowG#,mid2G#,hiA#,voice-key.news
1962,コブクロ,雪の降らない街,mid1F#,hiA,hiB,voice-key.news
1964,コブクロ,願いの詩,mid1D#,mid2G,,voice-key.news
1972,コブクロ,風,mid1D,mid2G,,voice-key.news
1973,コブクロ,風をみつめて,mid1C,mid2F#,hiA#,voice-key.news
2260,コレサワ,SSW,mid2A#,hiC#,hiF,voice-key.news
2259,コレサワ,あたしが死んでも,mid1G#,hiB,hiC#,voice-key.news
2258,コレサワ,あたしを彼女にしたいなら,mid2A,hiC#,hiD,voice-key.news
2265,コレサワ,いただきます,mid2A,hiA,hiD,voice-key.news
2256,コレサワ,たばこ,mid1F,hiA#,hiD,voice-key.news
4726,コレサワ,元彼女のみなさまへ,mid1G#,hiB,hiC#,vocal-range.com
2264,コレサワ,友達だからかな,mid2A,hiC#,hiC#,voice-key.news
2262,コレサワ,彼氏はいません今夜だけ,mid1G#,hiC#,,voice-key.news
2257,コレサワ,恋人失格,mid1D#,hiA#,hiC,voice-key.news
2261,コレサワ,最後の彼女になりたかった,mid2A,hiB,hiE,voice-key.news
2263,コレサワ,泣く門には福きたる,mid1G#,hiA#,hiC#,voice-key.news
4001,ゴスペラーズ,ひとり,mid1D,hiA,hiF#,vocal-range.com
4142,ゴスペラーズ,街角-on the corner-,mid1C,hiB,hiC,vocal-range.com
5471,ゴダイゴ,銀河鉄道999,mid1B,mid2G#,,vocal-range.com
2297,ゴールデンボンバー,また君に番号を聞けなかった,mid1C,hiA#,hiC#,voice-key.news
2298,ゴールデンボンバー,元カレ殺ス,mid1D,hiA,hiC,voice-key.news
2296,ゴールデンボンバー,女々しくて,mid1C#,hiB,,voice-key.news
4309,ゴールデンボンバー,欲望の歌,mid2A#,hiE,,vocal-range.com
2299,ゴールデンボンバー,死 ん だ 妻 に 似 て い る,mid1C#,hiB,hiB,voice-key.news
4308,ゴールデンボンバー,死　ん　だ　妻　に　似　て　い　る,mid1C#,hiB,hiB,vocal-range.com
2300,ゴールデンボンバー,酔わせてモヒート,mid1D#,hiC,,voice-key.news
4504,サイダーガール,シンデレラ,mid1C,mid2G#,hiC,vocal-range.com
5621,サイダーガール,メランコリー,mid1C#,mid2G#,,vocal-range.com
5622,サイダーガール,週刊少年ゾンビ,lowG,hiA,hiA,vocal-range.com
2407,サカナクション,Aoi,mid1D#,mid2G,,voice-key.news
4436,サカナクション,Klee,mid1F#,mid1G#,,vocal-range.com
3902,サカナクション,いらない,mid1G#,hiA#,,vocal-range.com
2423,サカナクション,さよならはエモーション,mid1D,hiB,hiB,voice-key.news
2421,サカナクション,アルクアラウンド,mid1E,hiA,mid2E,voice-key.news
2413,サカナクション,アンデンティティ,mid1F#,hiA,,voice-key.news
2416,サカナクション,エンドレス,mid1C#,hiA#,,voice-key.news
2424,サカナクション,グッドバイ,mid1C,hiA#,hiC,voice-key.news
4577,サカナクション,ショック！,mid2A,hiA,hiD,vocal-range.com
4785,サカナクション,スローモーション,mid1F,hiC,hiC,vocal-range.com
5837,サカナクション,セントレイ,mid1C#,hiA,,vocal-range.com
5960,サカナクション,ナイロンの糸,mid1C,hiA,,vocal-range.com
2415,サカナクション,ネイティブダンサー,mid1B,mid2E,hiA,voice-key.news
2414,サカナクション,バッハの旋律を夜に聞いたせいです,mid1F,mid2G#,,voice-key.news
4419,サカナクション,プラトー,mid1F#,hiA,hiB,vocal-range.com
2409,サカナクション,ミュージック,mid1C#,mid2G#,hiB,voice-key.news
2412,サカナクション,モス,mid1F,hiC,,voice-key.news
2418,サカナクション,ユリイカ,mid1E,mid2G#,,voice-key.news
2428,サカナクション,ライトダンス,mid1F#,mid2E,hiB,voice-key.news
2417,サカナクション,ルーキー,mid1F#,hiA,,voice-key.news
5892,サカナクション,三日月サンセット,mid1C#,mid2G#,,vocal-range.com
2422,サカナクション,仮面の街,mid1D#,mid2G#,,voice-key.news
2408,サカナクション,僕と花,mid1D#,mid2G#,,voice-key.news
2426,サカナクション,哀愁トレイン,mid1F#,mid2F#,,voice-key.news
2411,サカナクション,多分、風。,mid1D#,mid2G#,hiC#,voice-key.news
2420,サカナクション,夜の踊り子,mid1D,hiA,hiB,voice-key.news
2419,サカナクション,忘れられないの,mid1E,hiA,,voice-key.news
2406,サカナクション,怪獣,mid1F#,hiA#,hiB,voice-key.news
2410,サカナクション,新宝島,mid1F,hiA#,,voice-key.news
2427,サカナクション,明日から,mid1G#,mid2F,,voice-key.news
4418,サカナクション,月の椀,mid1E,hiA#,,vocal-range.com
5931,サカナクション,蓮の花,mid1G,hiC,,vocal-range.com
2425,サカナクション,表参道26時,mid1F#,mid2F#,hiC#,voice-key.news
6251,サカナクション,陽炎,mid1C,hiA,,vocal-range.com
5274,サザンオールスターズ,Relay〜杜の詩,mid1D,mid2G,mid2G,vocal-range.com
2461,サザンオールスターズ,TSUNAMI,mid1A,hiA#,hiD,voice-key.news
2455,サザンオールスターズ,いとしのエリー,mid1F#,hiA,,voice-key.news
2460,サザンオールスターズ,さよならベイビー,mid1B,hiB,hiB,voice-key.news
2467,サザンオールスターズ,みんなのうた,mid1G,hiA,hiC,voice-key.news
2456,サザンオールスターズ,エロティカ・セブン,mid1G,mid2G#,,voice-key.news
2465,サザンオールスターズ,別れ話は最後に,mid1E,mid2F#,,voice-key.news
5068,サザンオールスターズ,希望の轍,mid1B,hiB,,vocal-range.com
2459,サザンオールスターズ,心を込めて花束を,mid1E,mid2G,hiA,voice-key.news
2457,サザンオールスターズ,思い過ごしも恋のうち,mid1C#,hiA,hiA,voice-key.news
4260,サザンオールスターズ,栞のテーマ,mid1A#,mid2G,,vocal-range.com
3990,サザンオールスターズ,桜、ひらり,mid1C#,mid2F#,hiA,vocal-range.com
2462,サザンオールスターズ,涙のキッス,mid1E,mid2G,,voice-key.news
3915,サザンオールスターズ,涙の海で抱かれたい〜SEA OF LOVE〜,mid1B,hiA,,vocal-range.com
2463,サザンオールスターズ,湘南SEPTEMBER,mid1B,mid2E,,voice-key.news
2464,サザンオールスターズ,真夏の果実,mid1A,hiA,hiB,voice-key.news
2466,サザンオールスターズ,道,mid1A,mid2G,hiB,voice-key.news
2458,サザンオールスターズ,限りなき永久の愛,mid1E,hiA,hiA,voice-key.news
2452,サスケ,Friend,mid1G#,hiA,hiA#,voice-key.news
2447,サスケ,Smile,mid1F#,mid2G#,,voice-key.news
2449,サスケ,もしも時を飛べるなら,mid1D,hiA#,,voice-key.news
2454,サスケ,キセキ,mid1E,mid2G,,voice-key.news
2448,サスケ,卒業の日,mid1D#,hiA,,voice-key.news
2450,サスケ,明日には笑えるように,mid1C#,mid2G#,hiA#,voice-key.news
2446,サスケ,永遠の夏,mid2A,hiA,hiC#,voice-key.news
2451,サスケ,紫陽花の詩,mid1D,mid2G,hiC,voice-key.news
2445,サスケ,青いベンチ,mid1D,hiA#,hiC,voice-key.news
2453,サスケ,青いラブソング,mid1D#,mid2G#,hiB,voice-key.news
5977,サニーデイ・サービス,サマー・ソルジャー,mid1E,mid2F#,,vocal-range.com
4966,サバシスター,ジャージ,mid1G#,hiC#,,vocal-range.com
5270,サンボマスター,Future is Yours,mid1E,hiC#,,vocal-range.com
2700,サンボマスター,きみのキレイに気づいておくれよ,mid2A,hiB,hiD,voice-key.news
2692,サンボマスター,できっこないを やらなくちゃ,mid1E,hiB,,voice-key.news
2696,サンボマスター,ラブソング,mid1E,hiB,,voice-key.news
2691,サンボマスター,世界はそれを愛と呼ぶんだぜ,mid1C#,hiB,,voice-key.news
2697,サンボマスター,光のロック,mid2A,hiC#,,voice-key.news
2698,サンボマスター,可能性,mid1F,hiC,,voice-key.news
2699,サンボマスター,君を守って 君を愛して,mid1G,hiC,,voice-key.news
2695,サンボマスター,忘れないで 忘れないで,mid1G,hiC,,voice-key.news
2694,サンボマスター,輝きだして走ってく,mid2A,hiB,,voice-key.news
2693,サンボマスター,青春狂騒曲,mid2A,hiB,,voice-key.news
5890,ザ・クロマニヨンズ,生きる,mid1E,mid2G,,vocal-range.com
5227,シグナルP[Dios],Transmit feat.鏡音リン,mid2C,,,vocal-range.com
2498,シド,2℃目の彼女,mid1F#,hiB,hiA,voice-key.news
2502,シド,ANNIVERSARY,mid1E,hiA,,voice-key.news
2495,シド,ENAMEL,mid1G,hiA,,voice-key.news
2499,シド,S,mid2B,hiB,hiC#,voice-key.news
2488,シド,V.I.P,mid2A,hiA,,voice-key.news
2500,シド,delete,mid1F,mid2G,,voice-key.news
2497,シド,sleep,mid1E,hiB,,voice-key.news
2492,シド,smile,mid1G,hiA,hiB,voice-key.news
2485,シド,いつか,mid1F#,hiB,,voice-key.news
2486,シド,サマラバ,mid2A,hiA#,,voice-key.news
2490,シド,モノクロのキス,mid1G,hiC,,voice-key.news
2489,シド,レイン,mid1F#,hiB,hiB,voice-key.news
2494,シド,乱舞のメロディ,mid1F#,hiA,,voice-key.news
2493,シド,合鍵,mid1E,hiA,,voice-key.news
2484,シド,嘘,mid2A,hiA#,,voice-key.news
2487,シド,夏恋,mid1E,hiB,,voice-key.news
2496,シド,妄想日記,mid1E,hiA,,voice-key.news
2504,シド,妄想日記2,mid1F#,hiA#,,voice-key.news
2503,シド,日傘,mid1D,hiB,,voice-key.news
2491,シド,涙の温度,mid1F,hiB,hiB,voice-key.news
2501,シド,硝子の瞳,mid1E,hiA,,voice-key.news
5104,シャイトープ,ランデヴー,mid1B,hiB,hiC#,vocal-range.com
4907,シャイトープ,部屋,mid1A#,hiA#,hiA#,vocal-range.com
2703,シャ乱Q,いいわけ,mid1G,mid2F,,voice-key.news
2701,シャ乱Q,シングルベッド,mid1D#,mid2G#,,voice-key.news
2702,シャ乱Q,ズルい女,mid1E,mid2G,hiA,voice-key.news
2704,シャ乱Q,上・京・物・語,mid1F,mid2G#,mid2G#,voice-key.news
3918,シュヴァルグラン(CV.夏吉ゆうこ),僕が憧れた青,mid1G#,hiF,hiF#,vocal-range.com
3903,シユイ,インフェリア,mid1F,hiD,hiD,vocal-range.com
6283,シン(阿部サダヲ),体の芯からまだ燃えているんだ,mid1G#,hiD#,hiF,vocal-range.com
4472,シンガーズハイ,Kid,mid1F,hiF,,vocal-range.com
4465,シンガーズハイ,ノールス,mid1E,hiE,,vocal-range.com
4519,シンガーズハイ,僕だけの為の歌,mid2B,hiE,,vocal-range.com
4187,シンガーズハイ,日記,mid2A#,hiG,,vocal-range.com
2535,ジェニーハイ,シャミナミ,mid2A,hiC#,hiD,voice-key.news
2536,ジェニーハイ,片目で異常に恋してる,mid1E,hiD,hiD#,voice-key.news
5572,スカート,君がいるなら,mid1E,hiA,,vocal-range.com
5457,スガシカオ,夜空ノムコウ,mid1F#,mid2G#,,vocal-range.com
2317,スキマスイッチ,Ah Yeah!!,mid1C,hiA#,,voice-key.news
2342,スキマスイッチ,Hello Especially,mid1F#,hiB,hiC#,voice-key.news
2348,スキマスイッチ,LINE,mid1C#,hiA#,hiC#,voice-key.news
2349,スキマスイッチ,Revival,lowG#,mid2G#,,voice-key.news
2341,スキマスイッチ,view,mid1F#,hiA,hiA,voice-key.news
2350,スキマスイッチ,さいごのひ,mid1A,hiA,hiA,voice-key.news
2336,スキマスイッチ,ふれて未来を,mid1E,mid2G,hiC,voice-key.news
4746,スキマスイッチ,アイスクリーム シンドローム,mid1E,hiA,hiC#,vocal-range.com
2316,スキマスイッチ,アイスクリームシンドローム,mid1E,hiA,hiC#,voice-key.news
5936,スキマスイッチ,アカツキの詩,mid1E,mid2G#,hiC#,vocal-range.com
2312,スキマスイッチ,アーセンの憂鬱,mid1F,hiA,hiD,voice-key.news
2311,スキマスイッチ,ガラナ,mid1F,hiA#,,voice-key.news
2321,スキマスイッチ,ゲノム,mid1C#,mid2G#,hiC#,voice-key.news
2322,スキマスイッチ,ゴールデンタイムラバー,mid1D#,mid2G#,,voice-key.news
2351,スキマスイッチ,スカーレット,mid1C,mid2G,hiC,voice-key.news
2325,スキマスイッチ,スフィアの羽根,mid1F#,mid2G#,hiB,voice-key.news
2327,スキマスイッチ,トラベラーズ・ハイ,mid1D,hiA,hiB,voice-key.news
2343,スキマスイッチ,パラボラヴァ,mid1E,hiA,,voice-key.news
2337,スキマスイッチ,ボクノート,mid1E,mid2G,hiA#,voice-key.news
2345,スキマスイッチ,マリンスノウ,mid1C#,mid2F#,hiA,voice-key.news
2347,スキマスイッチ,ユリーカ,mid1E,hiA#,,voice-key.news
2335,スキマスイッチ,レモネード,mid1E,mid2G#,hiA,voice-key.news
2344,スキマスイッチ,僕と傘と日曜日,mid1F,hiA#,hiA#,voice-key.news
2326,スキマスイッチ,全力少年,mid1D,hiA,,voice-key.news
2334,スキマスイッチ,冬の口笛,mid1D#,mid2G,hiD#,voice-key.news
2340,スキマスイッチ,双星(ふたぼし)プロローグ,mid1G,hiA,hiC,voice-key.news
2320,スキマスイッチ,君の話,mid1A#,mid2G#,,voice-key.news
2333,スキマスイッチ,夏のコスモナウト,mid1C#,hiB,hiC#,voice-key.news
5879,スキマスイッチ,奏（かなで）,mid1D,mid2G#,hiA#,vocal-range.com
2338,スキマスイッチ,星のうつわ,mid1D,mid2G,,voice-key.news
2352,スキマスイッチ,時間の止め方,mid1B,hiA,hiA,voice-key.news
2332,スキマスイッチ,晴ときどき曇,mid1C,hiA,,voice-key.news
2346,スキマスイッチ,未来花,mid1A,mid2G,hiC,voice-key.news
2323,スキマスイッチ,桜夜風,mid1D,hiA,,voice-key.news
2330,スキマスイッチ,猫になれ,mid1D#,mid2G#,,voice-key.news
2339,スキマスイッチ,病院に行く,mid1E,mid2G#,,voice-key.news
2318,スキマスイッチ,石ころDays,mid1D,hiA,hiB,voice-key.news
2319,スキマスイッチ,糸ノ意図,mid1E,mid2G#,hiB,voice-key.news
2313,スキマスイッチ,藍,mid1D#,mid2G#,mid2G#,voice-key.news
2329,スキマスイッチ,虹のレシピ,mid1F#,hiA,hiB,voice-key.news
2353,スキマスイッチ,蝶々ノコナ,mid1C#,hiA,,voice-key.news
2328,スキマスイッチ,螺旋,mid1E,hiA,hiC,voice-key.news
2315,スキマスイッチ,雨待ち風,mid1C#,hiB,,voice-key.news
2324,スキマスイッチ,雫,mid1E,mid2G#,,voice-key.news
2314,スキマスイッチ,青春,mid1D,hiA,hiD,voice-key.news
2354,スキマスイッチ,願い言,mid1F#,hiA,,voice-key.news
2331,スキマスイッチ,飲みにこないか,mid1E,mid2G#,,voice-key.news
5814,スターダストレビュー,夢伝説,mid1F#,hiB,hiD,vocal-range.com
5275,スターダストレビュー,木蘭の涙,mid1E,hiA,,vocal-range.com
4863,ストレイテナー,シーグラス,mid1F#,hiB,hiA#,vocal-range.com
988,スピッツ,ありがとさん,mid1E,hiA,,voice-key.news
950,スピッツ,さらさら,mid1F#,mid2G#,,voice-key.news
956,スピッツ,ただ春を待つ,mid1G,hiC,,voice-key.news
958,スピッツ,つぐみ,mid1G,hiA,,voice-key.news
976,スピッツ,まもるさん,mid1F#,hiA#,,voice-key.news
5893,スピッツ,みなと,mid1G#,hiA,,vocal-range.com
985,スピッツ,アパート,mid1B,mid2F#,,voice-key.news
979,スピッツ,オーバードライブ,mid1F#,mid2F#,,voice-key.news
948,スピッツ,コスモス,mid1D,mid2E,,voice-key.news
951,スピッツ,スカーレット,mid1F,hiA,,voice-key.news
952,スピッツ,スターゲイザー,mid1F#,hiB,hiB,voice-key.news
5887,スピッツ,スパイダー,mid1E,hiA,,vocal-range.com
953,スピッツ,スピカ,mid1D,hiA#,,voice-key.news
955,スピッツ,タイムトラベラー,mid1F#,hiA,,voice-key.news
4095,スピッツ,タイム・トラベル,mid1F,hiA,hiD,vocal-range.com
957,スピッツ,チェリー,mid1E,hiA,hiC,voice-key.news
959,スピッツ,テクテク,mid1E,hiA,,voice-key.news
5666,スピッツ,ニノウデの世界,mid1C#,hiB,,vocal-range.com
968,スピッツ,ハートが帰らない,mid1E,hiA,,voice-key.news
6120,スピッツ,バニーガール,mid1G#,hiB,,vocal-range.com
972,スピッツ,ヒバリのこころ,mid1E,hiA,,voice-key.news
977,スピッツ,メモリーズ,mid2A#,mid2G#,,voice-key.news
983,スピッツ,ランプ,mid1E,hiA,,voice-key.news
984,スピッツ,ロビンソン,mid1F#,hiB,hiC#,voice-key.news
940,スピッツ,今,mid1F#,hiC,,voice-key.news
961,スピッツ,仲良し,mid1G,hiA#,,voice-key.news
942,スピッツ,俺のすべて,mid1F,hiA,,voice-key.news
4822,スピッツ,僕はきっと旅に出る,mid1G,hiC,,vocal-range.com
978,スピッツ,優しいあの子,mid2A,hiA,,voice-key.news
945,スピッツ,君が思い出になる前に,mid1B,hiA,,voice-key.news
963,スピッツ,夏が終わる,mid1G,hiA,,voice-key.news
964,スピッツ,夏の魔物,mid1F,hiA,,voice-key.news
987,スピッツ,夕焼け,mid1G#,hiA,,voice-key.news
6332,スピッツ,夜を駆ける,mid1E,hiB,,vocal-range.com
981,スピッツ,夢じゃない,mid1G,hiA,,voice-key.news
5128,スピッツ,大好物,mid1E,mid2G,,vocal-range.com
5937,スピッツ,小さな生き物,mid1E,hiA,,vocal-range.com
947,スピッツ,恋のうた,mid1D,mid2E,,voice-key.news
973,スピッツ,惑星のかけら,mid1C,mid2G,,voice-key.news
937,スピッツ,愛のことば,mid1D,hiA#,hiC,voice-key.news
971,スピッツ,日なたの窓に憧れて,mid1D,hiA#,,voice-key.news
966,スピッツ,日曜日,mid1D#,mid2G,,voice-key.news
970,スピッツ,春の歌,mid1E,hiA,,voice-key.news
5889,スピッツ,晴れの日はプカプカプー,mid1E,mid2F#,,vocal-range.com
944,スピッツ,楓,mid1F,hiA#,,voice-key.news
941,スピッツ,歌ウサギ,mid1E,hiA,,voice-key.news
975,スピッツ,正夢,mid1F#,hiA,,voice-key.news
960,スピッツ,流れ星,mid1E,hiA,,voice-key.news
991,スピッツ,海を見に行こう,mid1F,mid2F,,voice-key.news
965,スピッツ,涙,mid1D,hiA,,voice-key.news
990,スピッツ,涙がキラリ☆,mid1F#,hiB,hiD,voice-key.news
962,スピッツ,渚,mid1E,hiB,,voice-key.news
949,スピッツ,漣,mid1G,hiA#,hiD,voice-key.news
943,スピッツ,灯を護る,mid1F,hiA#,,voice-key.news
982,スピッツ,田舎の生活,mid1A,mid2E,,voice-key.news
954,スピッツ,空も飛べるはず,mid1G,hiA,,voice-key.news
6367,スピッツ,紫の夜を越えて,mid1F,hiA#,,vocal-range.com
5400,スピッツ,美しい鰭,mid1F,mid2G#,hiC#,vocal-range.com
946,スピッツ,群青,mid1D,mid2G,,voice-key.news
986,スピッツ,若葉,mid1F,hiA,,voice-key.news
967,スピッツ,裸のままで,mid1F,hiC,,voice-key.news
938,スピッツ,逢いに行くよ,mid1F,hiA#,,voice-key.news
989,スピッツ,運命の人,mid1F#,hiB,,voice-key.news
969,スピッツ,遥か,mid2A,hiA,,voice-key.news
5919,スピッツ,醒めない,mid1D#,mid2G#,,vocal-range.com
980,スピッツ,雪風,mid1F,hiA#,,voice-key.news
939,スピッツ,青い車,mid1F#,hiB,,voice-key.news
974,スピッツ,魔法のコトバ,mid1F,hiA,,voice-key.news
6158,スピラ・スピカ,イヤヨイヤヨモスキノウチ！,mid1G#,hiD#,,vocal-range.com
4638,スピラ・スピカ,燦々デイズ,mid1G,hiF#,,vocal-range.com
3997,スーパーラバーズ,きみのためなら死ねる,lowE,mid2B,,vocal-range.com
6275,ズーカラデル,アニー,mid1A,hiA,,vocal-range.com
4722,ズーカラデル,漂流劇団,mid1C,hiA,,vocal-range.com
3999,セカンドバッカー,犬とバカ猫,mid1F,mid2G#,,vocal-range.com
6152,チェッカーズ,ミセス マーメイド,mid1C,mid2F#,,vocal-range.com
4297,チェッカーズ,星屑のステージ,mid1G,mid2G#,,vocal-range.com
6125,チャットモンチー,シャングリラ,mid2C,hiD#,,vocal-range.com
5363,チャットモンチー,真夜中遊園地,mid2A#,hiG,hiF,vocal-range.com
4284,チューリップ,心の旅,mid1D,mid2F,mid2F,vocal-range.com
4286,チューリップ,青春の影,mid1D,mid2G,hiA,vocal-range.com
5374,チョーキューメイ,貴方の恋人になりたい,mid1G#,hiD#,hiF#,vocal-range.com
4553,ツミキ,フォニイ feat.可不(KAFU),mid1G,,,vocal-range.com
2893,ツユ,あの世行きのバスに乗ってさらば。,mid2A,hiF#,hiF#,voice-key.news
2886,ツユ,いつかオトナになれるといいね。,mid1G#,hiD#,hiF,voice-key.news
2887,ツユ,くらべられっ子,mid2A,hiD,hiG#,voice-key.news
2888,ツユ,どんな結末がお望みだい？,mid2A#,hiD,hihiA,voice-key.news
5599,ツユ,やっぱり雨は降るんだね,mid1F#,hiC,hiD#,vocal-range.com
2892,ツユ,アサガオの散る頃に,mid1G,hiE,hiG#,voice-key.news
2890,ツユ,アンダーキッズ,mid1F,hiD#,hihiB,voice-key.news
2895,ツユ,ナミカレ,mid1G#,hiD,hiG,voice-key.news
2891,ツユ,ルーザーガール,mid2A,hiC#,hiE,voice-key.news
2897,ツユ,ロックな君とはお別れだ,mid1F,hiD,,voice-key.news
2889,ツユ,泥の分際で私だけの大切を奪おうだなんて,mid1F,hiF,hiG#,voice-key.news
2894,ツユ,終点の先が在るとするならば。,mid1F#,hiC#,hihiA#,voice-key.news
2896,ツユ,過去に囚われている,mid1F#,hiE,hihiA,voice-key.news
6091,テイラー・スウィフト,Cruel Summer,mid1A,hiE,hiE,vocal-range.com
5527,テイラー・スウィフト,End Game (featuring Ed Sheeran and Future),mid1D,hiE,hiE,vocal-range.com
6082,テイラー・スウィフト,The Man,mid1F,hiA,,vocal-range.com
5834,テレサ・テン,時の流れに身をまかせ,mid1G,hiA#,hiD,vocal-range.com
4179,トゲナシトゲアリ,空の箱,mid2A,hiD,,vocal-range.com
4177,トゲナシトゲアリ,運命の華,mid1G#,hiC#,hiD#,vocal-range.com
4178,トゲナシトゲアリ,雑踏、僕らの街,mid2A,hiD,hiE,vocal-range.com
5052,トンボコープ,Now is the best!!!,mid1F#,mid2G#,,vocal-range.com
2815,ドリーミング,あかちゃんまんの冒険,mid1G,hiA#,,voice-key.news
2816,ドリーミング,かぼちゃんのバラード,mid2A,hiC,,voice-key.news
2813,ドリーミング,つよさとは何？,mid2A,hiC,,voice-key.news
2807,ドリーミング,とべ!とべ!ルビー,mid2C,hiD#,,voice-key.news
2808,ドリーミング,とべ!カレーパンマン,mid2A#,hiC#,,voice-key.news
2814,ドリーミング,わからないカーナ,mid2C,hiD#,,voice-key.news
2804,ドリーミング,アンパンマンたいそう,mid2C,hiC,,voice-key.news
2812,ドリーミング,アンパンマンのクリスマスナイト,mid2C,hiC,,voice-key.news
2803,ドリーミング,アンパンマンのマーチ,mid1G#,hiC,,voice-key.news
2817,ドリーミング,クリスマスの谷,mid2A#,hiC,,voice-key.news
2806,ドリーミング,サンサンたいそう,mid2A,hiB,,voice-key.news
2809,ドリーミング,ドレミファ アンパンマン,mid2C,hiC,,voice-key.news
2811,ドリーミング,勇気の花がひらくとき,mid2B,hiD,,voice-key.news
2805,ドリーミング,勇気りんりん,mid1G#,hiC,,voice-key.news
2810,ドリーミング,私はドキンちゃん,mid2B,hiD,,voice-key.news
4244,ナイトメア,Lost in Blue,mid1G#,hiB,hiB,vocal-range.com
4215,ナオト・インティライミ,ありったけのLove Song,mid1D#,hiA#,hiA#,vocal-range.com
4136,ナナヲアカリ,インスタントヘヴン feat.Eve,mid2D#,hiD#,,vocal-range.com
4137,ナナヲアカリ,恋愛脳,mid1G#,hiF,hiG#,vocal-range.com
4135,ナナヲアカリ,明日の私に幸あれ,mid1E,hiE,,vocal-range.com
4370,ナユタン星人,エイリアンエイリアン,mid2D,,,vocal-range.com
5424,ナンバーガール,鉄風 鋭くなって,mid1F#,mid2G#,,vocal-range.com
6403,ネクライトーキー,北上のススメ,mid2D,hiE,,vocal-range.com
3136,ハジ→,for YOU,mid1F#,mid2G#,,voice-key.news
3146,ハジ→,our days。〜僕らの日々〜,mid1F#,mid2G#,,voice-key.news
3148,ハジ→,sumire。,mid1F#,mid2F#,,voice-key.news
3140,ハジ→,あなた。,mid1D#,hiA#,,voice-key.news
3154,ハジ→,あの空を見上げながら。,mid1C,mid2G#,,voice-key.news
3141,ハジ→,おまえに。,mid1G,mid2G,,voice-key.news
3144,ハジ→,おやじ。,lowG#,mid2G#,mid2G#,voice-key.news
3153,ハジ→,しあわせの定義。,mid1C,hiA,,voice-key.news
3139,ハジ→,ずっと。,mid1C#,mid2F,,voice-key.news
3138,ハジ→,カタオモイ。,mid1A#,mid2G,mid2G,voice-key.news
3143,ハジ→,人生は素晴らしい物語。,mid1D,mid2G#,,voice-key.news
3147,ハジ→,卒業サヨナラ。,mid1A,hiB,,voice-key.news
3135,ハジ→,君と。,mid1C#,mid2G#,,voice-key.news
3150,ハジ→,春夏秋冬。,mid1C#,mid2F#,,voice-key.news
3145,ハジ→,春色。,mid1D#,mid2G#,mid2G#,voice-key.news
3149,ハジ→,約束。,lowG,hiA,,voice-key.news
3142,ハジ→,絆。,mid1F,mid2G,,voice-key.news
3137,ハジ→,証。,mid1F,mid2G#,hiC#,voice-key.news
3151,ハジ→,道。,mid1C,hiA,,voice-key.news
3152,ハジ→,風のたより。,mid1A,mid2F#,,voice-key.news
4530,ハチ,結ンデ開イテ羅刹ト骸,mid2A,,,vocal-range.com
5319,ハマいく[濱家隆一(かまいたち)],ビートDEトーヒ,mid1C,hiD,hiF,vocal-range.com
3389,ハルカミライ,100億年先のずっと先まで,mid1G,hiA,,voice-key.news
3388,ハルカミライ,PEAK'D YELLOW,mid2A,hiB,hiB,voice-key.news
4138,ハルカミライ,ウルトラマリン,mid2A,hiB,hiB,vocal-range.com
3387,ハルカミライ,ベターハーフ,mid1B,hiB,hiC#,voice-key.news
3386,ハルカミライ,世界を終わらせて,mid1B,hiA,hiB,voice-key.news
3390,ハルカミライ,青春讃歌,mid1D,hiC,hiC,voice-key.news
4037,ハンバートハンバート,笑ったり転んだり,lowF#,mid2G#,,vocal-range.com
4483,ハンブレッダーズ,BGMになるなよ,mid1C#,hiC,,vocal-range.com
4482,ハンブレッダーズ,グー,mid1E,hiB,,vocal-range.com
4481,ハンブレッダーズ,ファイナルボーイフレンド,mid1C,hiC,,vocal-range.com
4114,ハンブレッダーズ,見開きページ,mid1D,hiA#,,vocal-range.com
5409,パスピエ,とおりゃんせ,mid1G#,hiF,hiF,vocal-range.com
5641,ヒグチアイ,悪魔の子,mid1F#,hiB,hiF#,vocal-range.com
5593,ヒトリエ,アンノウン・マザーグース,lowF#,hiA,hiC#,vocal-range.com
6350,ビッケブランカ,Black Catcher,mid1D,hiA,hiF#,vocal-range.com
6245,ビッケブランカ,ミラージュ,mid1F,hiA#,hiF,vocal-range.com
3887,ピノキオピー,愛されなくても君がいる,mid2B,,,vocal-range.com
6312,ファンキー加藤,輝け,mid1F,hiA,,vocal-range.com
5934,フジファブリック,若者のすべて,mid1A#,mid2G#,,vocal-range.com
4231,フジファブリック,茜色の夕日,mid1D,hiA,,vocal-range.com
3955,フジファブリック,赤黄色の金木犀,mid1A#,mid2G#,,vocal-range.com
5965,フジファブリック,陽炎,mid1D,mid2G,,vocal-range.com
5560,フラワーカンパニーズ,深夜高速,mid2A,hiA#,,vocal-range.com
3413,フランク永井,Woman,lowG,mid2A,,voice-key.news
3408,フランク永井,おまえに,lowG#,mid2C,,voice-key.news
3411,フランク永井,公園の手品師,lowG#,mid2B,,voice-key.news
3410,フランク永井,君恋し,mid1A,mid2D,,voice-key.news
3409,フランク永井,有楽町で逢いましょう,mid1D,mid2D,,voice-key.news
3412,フランク永井,霧子のタンゴ,lowF,mid2D,,voice-key.news
3344,フレデリック,LIGHT,mid1C#,hiA,,voice-key.news
3329,フレデリック,TOGENKYO,mid1C#,hiC,,voice-key.news
3337,フレデリック,USO,mid1F#,mid2G#,hiA#,voice-key.news
3326,フレデリック,かなしいうれしい,mid1F,hiA#,,voice-key.news
3340,フレデリック,さよならカーテン,mid1F,hiC#,hiC#,voice-key.news
3330,フレデリック,ひっくりかえす,mid1D,hiA,hiB,voice-key.news
3336,フレデリック,イマジネーション,mid1E,hiB,,voice-key.news
3323,フレデリック,オドループ,mid1F#,hiB,hiB,voice-key.news
3325,フレデリック,オワラセナイト,mid2A,hiC,,voice-key.news
3324,フレデリック,オンリーワンダー,mid1D#,hiC,hiC,voice-key.news
4429,フレデリック,サイカ,mid1D#,hiC,hiC,vocal-range.com
3334,フレデリック,シンセンス,,hiB,hiD,voice-key.news
3328,フレデリック,スキライズム,mid1D,hiB,hiB,voice-key.news
3343,フレデリック,セーターを脱がさないで,mid1E,hiB,hiB,voice-key.news
3331,フレデリック,トウメイニンゲン,mid2A,hiB,hiA,voice-key.news
3332,フレデリック,ナイトステップ,mid1D#,hiA#,,voice-key.news
3333,フレデリック,ハローグッバイ,mid1D#,hiA#,hiA#,voice-key.news
3327,フレデリック,リリリピート,,hiA,,voice-key.news
5595,フレデリック,名悪役,mid1D,hiC,,vocal-range.com
3341,フレデリック,幸せっていう怪物,mid1D,mid2G,hiD,voice-key.news
3335,フレデリック,愛の迷惑,mid1F#,hiB,,voice-key.news
5526,フレデリック,熱帯夜,mid1F#,hiC#,hiC#,vocal-range.com
3342,フレデリック,砂利道,mid1E,mid2F#,,voice-key.news
3338,フレデリック,終わらないMUSIC,mid1C#,hiA,,voice-key.news
3339,フレデリック,音楽という名前の服,mid1A#,hiB,hiB,voice-key.news
3916,ブランデー戦記,赤いワインに涙が・・・,mid1G,hiA#,hiD,vocal-range.com
4498,ブルーノ・マーズ[Bruno Mars],Grenade,mid2A,hiD,hiD,vocal-range.com
4499,ブルーノ・マーズ[Bruno Mars],Just The Way You Are,mid1F,hiC,hiC,vocal-range.com
5341,プリンセス プリンセス,Diamonds,mid2A#,hiD,,vocal-range.com
6303,プリンセス プリンセス,M,mid1G,hiD,,vocal-range.com
4226,ヘッドフォンの中の世界,僕の生きがい,mid1F,hiA#,,vocal-range.com
4250,ポルカドットスティングレイ,DENKOUSEKKA,mid2B,hiC#,hiC#,vocal-range.com
4251,ポルカドットスティングレイ,ICHIDAIJI,mid1G,hiE,,vocal-range.com
4252,ポルカドットスティングレイ,ゴーストダイブ,mid2A,hiD#,hiD#,vocal-range.com
3155,ポルノグラフィティ,Mugen,mid1E,mid2F,,voice-key.news
5332,ポルノグラフィティ,THE DAY,mid1E,hiA,hiC#,vocal-range.com
4021,ポルノグラフィティ,THE REVO,mid1E,hiB,,vocal-range.com
3156,ポルノグラフィティ,Winding Road,mid1F#,hiA,,voice-key.news
3158,ポルノグラフィティ,あなたがここにいたら,mid1A,mid2G,,voice-key.news
3161,ポルノグラフィティ,いつか会えたら,mid1E,mid2E,mid2G,voice-key.news
3165,ポルノグラフィティ,この胸を、愛を射よ,mid1E,mid2G,,voice-key.news
3177,ポルノグラフィティ,ゆきのいろ,mid1B,hiA,hiB,voice-key.news
3157,ポルノグラフィティ,アゲハ蝶,mid1G,mid2G#,,voice-key.news
3159,ポルノグラフィティ,アニマロッサ,mid1E,hiA,,voice-key.news
3160,ポルノグラフィティ,アポロ,mid2A,hiA,,voice-key.news
3162,ポルノグラフィティ,オー！リバル,mid1G#,hiA,,voice-key.news
3163,ポルノグラフィティ,カルマの坂,mid1G#,mid2G,,voice-key.news
3164,ポルノグラフィティ,クリスチーナ,mid2A,hiB,,voice-key.news
3166,ポルノグラフィティ,サウダージ,mid2B,mid2G#,,voice-key.news
3167,ポルノグラフィティ,サボテン,mid1D,hiA,,voice-key.news
3168,ポルノグラフィティ,ジレンマ,mid1F,hiA,,voice-key.news
3169,ポルノグラフィティ,タネウマライダー,mid1G,hiA,,voice-key.news
3170,ポルノグラフィティ,ネオメロドラマティック,mid1D,mid2G,,voice-key.news
3171,ポルノグラフィティ,ハネウマライダー,mid1F#,hiA,,voice-key.news
3172,ポルノグラフィティ,ヒトリノ夜,mid2A,hiA,,voice-key.news
4972,ポルノグラフィティ,ブレス,mid1C,hiA,hiC,vocal-range.com
3173,ポルノグラフィティ,プッシュプレイ,mid1F,mid2E,,voice-key.news
3174,ポルノグラフィティ,ベアーズ,mid1F#,hiA,,voice-key.news
4320,ポルノグラフィティ,ミュージックアワー,mid1G,hiA#,hiD,vocal-range.com
3175,ポルノグラフィティ,ミュージック・アワー,mid1G,hiA#,hiD,voice-key.news
3176,ポルノグラフィティ,メリッサ,mid2A,hiA,,voice-key.news
3178,ポルノグラフィティ,ライオン,mid1E,hiB,,voice-key.news
3179,ポルノグラフィティ,リビドー,mid1G,hiA,,voice-key.news
3180,ポルノグラフィティ,ワンモアタイム,mid1C#,hiB,hiC#,voice-key.news
3186,ポルノグラフィティ,今宵、月が見えずとも,mid1F,hiA,,voice-key.news
3191,ポルノグラフィティ,夜はお静かに,mid1D,mid2E,hiB,voice-key.news
3185,ポルノグラフィティ,幸せについて本気出して考えてみた,mid1D,mid2G,,voice-key.news
3193,ポルノグラフィティ,惑星キミ,mid2A,mid2F,,voice-key.news
3181,ポルノグラフィティ,愛が叫ぶほうへ,mid1D#,hiA,,voice-key.news
3182,ポルノグラフィティ,渦,mid1D,mid2G,,voice-key.news
3189,ポルノグラフィティ,痛い立ち位置,mid1G#,mid2G#,,voice-key.news
3187,ポルノグラフィティ,瞬く星の下で,mid1F#,hiA,,voice-key.news
3190,ポルノグラフィティ,瞳の奥をのぞかせて,mid1D,hiA#,hiA#,voice-key.news
3184,ポルノグラフィティ,空想科学少年,mid1D,hiA,,voice-key.news
3192,ポルノグラフィティ,約束の朝,mid1G,hiA,hiC,voice-key.news
3188,ポルノグラフィティ,青春花道,mid1D#,hiB,,voice-key.news
3183,ポルノグラフィティ,黄昏ロマンス,mid1D,mid2G,,voice-key.news
585,マカロニえんぴつ,MUSIC,mid1A#,hiA#,hiA#,voice-key.news
584,マカロニえんぴつ,NOW LOADING,mid1C,hiA#,,voice-key.news
583,マカロニえんぴつ,OKKAKE,mid1C#,hiA#,,voice-key.news
587,マカロニえんぴつ,girl my friend,mid1G,hiA,,voice-key.news
586,マカロニえんぴつ,hope,mid1A,hiA,hiC,voice-key.news
582,マカロニえんぴつ,poole,mid1F,hiA#,hiA#,voice-key.news
581,マカロニえんぴつ,supernova,mid1F#,hiA,hiA,voice-key.news
580,マカロニえんぴつ,いつか何もない世界で,mid1E,hiA,hiA,voice-key.news
4452,マカロニえんぴつ,たましいの居場所,mid1E,hiA#,hiC,vocal-range.com
577,マカロニえんぴつ,なんでもないよ、,mid1B,hiA,,voice-key.news
576,マカロニえんぴつ,はしりがき,mid1F,hiC,hiD#,voice-key.news
579,マカロニえんぴつ,キスをしよう,mid1D#,mid2G#,mid2G#,voice-key.news
578,マカロニえんぴつ,トマソン,mid1D#,mid2G#,hiC,voice-key.news
575,マカロニえんぴつ,ハッピーエンドへの期待は,mid1C#,hiB,hiB,voice-key.news
574,マカロニえんぴつ,ブルーベリー・ナイツ,mid1C,hiA,hiC,voice-key.news
573,マカロニえんぴつ,ミスター・ブルースカイ,mid1C,hiA#,hiB,voice-key.news
572,マカロニえんぴつ,メレンゲ,mid1D,hiD,hiD,voice-key.news
571,マカロニえんぴつ,ヤングアダルト,mid1C,hiB,,voice-key.news
570,マカロニえんぴつ,リンジュー・ラヴ,mid1F#,hiA,hiA,voice-key.news
569,マカロニえんぴつ,レモンパイ,mid1D,hiA,,voice-key.news
568,マカロニえんぴつ,ロング・グッドバイ,mid1E,hiA#,,voice-key.news
567,マカロニえんぴつ,ワルツのレター,mid2A,hiA#,,voice-key.news
566,マカロニえんぴつ,ワンドリンク別,mid2A,hiA#,hiD,voice-key.news
552,マカロニえんぴつ,僕らが強く。,mid1B,hiB,,voice-key.news
554,マカロニえんぴつ,八月の陽炎,mid1C#,hiC#,hiC#,voice-key.news
556,マカロニえんぴつ,前世よ、しっかり,mid1G,hiC,hiC#,voice-key.news
563,マカロニえんぴつ,夏恋センセイション,mid1D#,hiA#,,voice-key.news
561,マカロニえんぴつ,好きだった（はずだった）,mid1F#,hiA,,voice-key.news
553,マカロニえんぴつ,忘レナ唄,mid1D,hiA,,voice-key.news
550,マカロニえんぴつ,恋の中,mid1C#,hiA#,,voice-key.news
549,マカロニえんぴつ,恋人ごっこ,mid1F#,hiA#,hiC#,voice-key.news
565,マカロニえんぴつ,愛の手,mid1C,hiA#,hiA,voice-key.news
560,マカロニえんぴつ,星が泳ぐ,mid1A,hiA#,,voice-key.news
562,マカロニえんぴつ,月へ行こう,mid1C#,hiA#,,voice-key.news
4787,マカロニえんぴつ,洗濯機と君とラヂオ,mid2B,hiB,hiC,vocal-range.com
555,マカロニえんぴつ,然らば,mid1F,hiA#,,voice-key.news
559,マカロニえんぴつ,生きるをする,mid1D,hiB,,voice-key.news
564,マカロニえんぴつ,遠心,mid1C#,hiC,hiC,voice-key.news
551,マカロニえんぴつ,零色,mid1D#,hiA#,hiC,voice-key.news
558,マカロニえんぴつ,青春と一瞬,mid1G,hiB,hiC#,voice-key.news
557,マカロニえんぴつ,静かな海,mid1F,hiA#,hiB,voice-key.news
4275,マキシマム ザ ホルモン,絶望ビリー,mid1A#,hiD#,,vocal-range.com
4245,マリア・ディーゼル,I'm still alive today,lowG,mid2F,hihiA,vocal-range.com
3569,マルシィ,ピリオド,mid1A#,mid2G#,hiA#,voice-key.news
3567,マルシィ,プラネタリウム,mid2A,hiA,,voice-key.news
4175,マルシィ,プレゼント,mid1D#,mid2G#,hiB,vocal-range.com
3570,マルシィ,ラブストーリー,mid1G,mid2G#,hiA#,voice-key.news
5193,マルシィ,ラブソング,mid1A#,mid2G#,hiC#,vocal-range.com
3565,マルシィ,幸せの花束を,mid1A#,mid2G#,hiC,voice-key.news
3566,マルシィ,最低最悪,mid1C,mid2G#,,voice-key.news
3564,マルシィ,未来図,mid1D,hiA#,hiC,voice-key.news
5242,マルシィ,絵空,mid1E,hiA#,hiA,vocal-range.com
3571,マルシィ,花びら,mid1D#,hiA,hiB,voice-key.news
3568,マルシィ,雫,mid1D#,hiA#,hiA#,voice-key.news
5475,マルーン5[Maroon 5],Sugar,mid1G#,mid2F,hiE,vocal-range.com
5817,ミテイノハナシ,再会の終わり,mid1A#,mid2G#,hiA#,vocal-range.com
5195,モーニング娘。,恋愛レボリューション21,mid1G,hiD,,vocal-range.com
5071,ヤバイTシャツ屋さん,2月29日,mid1B,hiC,,vocal-range.com
5516,ヤバイTシャツ屋さん,hurray,mid1E,hiG,,vocal-range.com
5655,ヤバイTシャツ屋さん,sweet memories,mid1F,hiA#,,vocal-range.com
5699,ヤバイTシャツ屋さん,あつまれ!パーティーピーポー,mid1E,hiA,,vocal-range.com
5740,ヤバイTシャツ屋さん,かわE,mid1F#,hiC#,,vocal-range.com
5072,ヤバイTシャツ屋さん,くそ現代っ子ごみかす20代,mid1D,hihiC,,vocal-range.com
5784,ヤバイTシャツ屋さん,げんきもりもり! モーリーファンタジー,mid1E,hiD#,,vocal-range.com
5783,ヤバイTシャツ屋さん,ハッピーウェディング前ソング,mid1E,mid2F#,,vocal-range.com
4506,ヤバイTシャツ屋さん,寿命で死ぬまで,mid1C#,hiC#,,vocal-range.com
5772,ヤバイTシャツ屋さん,流行りのバンドのボーカルの男みんな声高い,mid2B,hiC#,,vocal-range.com
5234,ヤバイTシャツ屋さん,無線LANばり便利,mid1D#,hiD#,,vocal-range.com
5510,ヤバイTシャツ屋さん,鬼POP激キャッチー最強ハイパーウルトラミュージック,mid2A,hiG,,vocal-range.com
3682,ヤングスキニー,また冬が終わって,mid1E,mid2G#,hiB,voice-key.news
3678,ヤングスキニー,コインランドリー,mid1E,mid2F#,hiA,voice-key.news
5362,ヤングスキニー,ゴミ人間、俺,mid1F#,hiB,hiC#,vocal-range.com
3677,ヤングスキニー,バンドマンの元彼氏,mid1D,mid2G,,voice-key.news
3676,ヤングスキニー,ワンナイト,mid1D#,mid2F,mid2G#,voice-key.news
3675,ヤングスキニー,世界が僕を嫌いになっても,mid1F#,mid2G#,,voice-key.news
3681,ヤングスキニー,別れ話,mid1D,hiA#,hiC,voice-key.news
3683,ヤングスキニー,好きじゃないよ,mid1D#,mid2F#,hiB,voice-key.news
3679,ヤングスキニー,憂鬱とバイト,mid1F#,mid2G,hiB,voice-key.news
3674,ヤングスキニー,本当はね、,mid1F#,mid2G#,,voice-key.news
3680,ヤングスキニー,東京,mid1E,hiA,hiA,voice-key.news
5088,ユアネス,私の最後の日,lowF,mid2F#,hiF,vocal-range.com
673,ヨルシカ,あの夏に咲け,mid2A,hiC,hiD#,voice-key.news
676,ヨルシカ,ただ君に晴れ,mid2D,hiC#,hiD#,voice-key.news
681,ヨルシカ,だから僕は音楽を辞めた,mid2B,hiD,hiF,voice-key.news
4523,ヨルシカ,アポリア,mid1C#,hiA,hiD,vocal-range.com
5479,ヨルシカ,アルジャーノン,mid1G,hiA,,vocal-range.com
706,ヨルシカ,エイミー,mid2A,hiC#,hiC#,voice-key.news
705,ヨルシカ,エルマ,mid1F,hiA#,hiD#,voice-key.news
703,ヨルシカ,カトレア,mid2B,hiA,hiD,voice-key.news
3964,ヨルシカ,チノカテ,mid1G#,hiA#,hiC#,vocal-range.com
5502,ヨルシカ,テレパス,mid1C#,mid2G#,hiB,vocal-range.com
693,ヨルシカ,ノーチラス,mid1G#,hiC#,hiC#,voice-key.news
696,ヨルシカ,パレード,mid2A,hiB,hiD,voice-key.news
690,ヨルシカ,ヒッチコック,mid1G#,hiA#,hiC#,voice-key.news
4920,ヨルシカ,ルバート,mid2A#,hiC,hiC,vocal-range.com
691,ヨルシカ,レプリカント,mid1F,hiD,hiD,voice-key.news
702,ヨルシカ,五月は花緑青の窓辺から,mid1D,hiD,hiD,voice-key.news
694,ヨルシカ,八月、某、月明かり,mid1G#,hiE,hiE,voice-key.news
699,ヨルシカ,六月は雨上がりの街を書く,mid1G#,hiA#,hiC#,voice-key.news
685,ヨルシカ,冬眠,mid1F#,hiB,hiB,voice-key.news
5873,ヨルシカ,又三郎,mid1G,hiD,hiE,vocal-range.com
710,ヨルシカ,声,mid1G#,hiA#,hiC#,voice-key.news
698,ヨルシカ,夕凪、某、花惑い,mid1G#,hiC#,hiC#,voice-key.news
712,ヨルシカ,夜紛い,mid1G,hiC,hiC,voice-key.news
711,ヨルシカ,夜行,mid2C,mid2G#,,voice-key.news
4677,ヨルシカ,左右盲,mid2A,hiA#,hiD,vocal-range.com
689,ヨルシカ,心に穴が空いた,mid2C#,hiC#,hiC#,voice-key.news
677,ヨルシカ,思想犯,mid1D,hiC,hiD,voice-key.news
684,ヨルシカ,憂一乗,mid1D#,hiC,hiD#,voice-key.news
5407,ヨルシカ,斜陽,mid1E,hiC,hiC,vocal-range.com
679,ヨルシカ,春ひさぎ,mid1G,hiA,hiD,voice-key.news
678,ヨルシカ,春泥棒,mid1F,hiA,hiD,voice-key.news
713,ヨルシカ,昼鳶,mid1D#,hiC#,hiB,voice-key.news
4901,ヨルシカ,晴る,mid2B,hiB,hiD,vocal-range.com
5710,ヨルシカ,月に吠える,mid1E,mid2G,hiA#,vocal-range.com
700,ヨルシカ,歩く,mid2B,hiA,hiD,voice-key.news
701,ヨルシカ,準透明人間,mid2A,hiB,hiD,voice-key.news
6021,ヨルシカ,準透明少年,mid2A,hiD,hiD,vocal-range.com
4087,ヨルシカ,火星人,mid1F#,hiA,hiB,vocal-range.com
692,ヨルシカ,爆弾魔,mid1D#,hiC,hiD#,voice-key.news
683,ヨルシカ,盗作,mid1G#,hiD#,hiC#,voice-key.news
707,ヨルシカ,神様のダンス,mid2A,hiC,,voice-key.news
686,ヨルシカ,老人と海,mid1F,hiC,hiC,voice-key.news
687,ヨルシカ,花に亡霊,mid2B,hiC#,,voice-key.news
688,ヨルシカ,藍二乗,mid1F,hiA#,hiD#,voice-key.news
682,ヨルシカ,言って。,mid1G,hiC#,hiC#,voice-key.news
704,ヨルシカ,詩書きとコーヒー,mid1C#,hiB,hiF#,voice-key.news
680,ヨルシカ,負け犬にアンコールはいらない,mid1G,hiC#,hiC,voice-key.news
709,ヨルシカ,踊ろうぜ,mid1G#,hiC#,hiD,voice-key.news
674,ヨルシカ,雨とカプチーノ,mid1D#,hiA#,hiC#,voice-key.news
708,ヨルシカ,雨晴るる,mid2A#,hiA#,hiD#,voice-key.news
695,ヨルシカ,雲と幽霊,mid1E,hiB,,voice-key.news
697,ヨルシカ,靴の花火,mid1G,hiB,hiE,voice-key.news
675,ヨルシカ,風を食む,mid2A#,hiA#,hiD#,voice-key.news
5249,ラッツ&スター,め組のひと,mid1D,mid2G,,vocal-range.com
3951,ラブリーサマーちゃん,あなたは煙草 私はシャボン,mid1G#,hiA#,hiD#,vocal-range.com
4860,ランカ・リー＝中島愛,星間飛行,mid1G,hiC,,vocal-range.com
5181,リュックと添い寝ごはん,home,mid1B,mid2F#,,vocal-range.com
5568,リリィ、さよなら。,約束,mid1B,hiA#,hiA#,vocal-range.com
4009,リーガルリリー,魔女,mid2C,hiF,hiG,vocal-range.com
5206,レジスタンス,モラル概論 feat. モラ爺,lowG,hiC,,vocal-range.com
3705,レベッカ,Cotton Time,mid2B,hiC#,,voice-key.news
3700,レベッカ,LONELY BUTTERELY,mid1G,hiD,,voice-key.news
3701,レベッカ,LOVE PASSION,mid2D,hiD,,voice-key.news
3697,レベッカ,MOON,mid2B,hiC#,,voice-key.news
3707,レベッカ,Maybe Tomorrow,mid2A,hiC,,voice-key.news
3712,レベッカ,OLIVE,mid2A#,hiC,,voice-key.news
3704,レベッカ,ガールズブラボー,mid2C,hiD,,voice-key.news
3709,レベッカ,フリーウェイ・シンフォニー,mid2C,hiD,,voice-key.news
3696,レベッカ,フレンズ,mid2B,hiC,,voice-key.news
3702,レベッカ,プライベイト・ヒロイン,mid2C#,hiD#,,voice-key.news
3698,レベッカ,ラズベリー・ドリーム,mid2D,hiD,hiE,voice-key.news
3711,レベッカ,ラブイズCash,mid2C#,hiD#,,voice-key.news
3706,レベッカ,ヴァージニティー,mid2D,hiD,,voice-key.news
3703,レベッカ,恋に堕ちたら,mid1F,hiD#,,voice-key.news
3708,レベッカ,真夏の雨,mid1G,hiG,,voice-key.news
3699,レベッカ,蜃気楼,mid2A,hiD,,voice-key.news
3778,レミオロメン,3月9日,mid1C,mid2G,,voice-key.news
3790,レミオロメン,MONSTER,mid1F#,mid2G#,hiE,voice-key.news
3782,レミオロメン,sakura,mid1D,hiA,hiB,voice-key.news
3786,レミオロメン,すきま風,mid1G,mid2G,,voice-key.news
5406,レミオロメン,もっと遠くへ,mid1A#,hiA#,,vocal-range.com
3789,レミオロメン,南風,mid1C#,mid2G#,,voice-key.news
3788,レミオロメン,夏の日,mid1D,mid2G,,voice-key.news
3785,レミオロメン,太陽の下,mid1A#,hiA#,,voice-key.news
3783,レミオロメン,春夏秋冬,mid1D#,hiA,,voice-key.news
3779,レミオロメン,粉雪,mid1B,hiA,hiA,voice-key.news
3784,レミオロメン,紙吹雪,mid1B,hiB,hiB,voice-key.news
3787,レミオロメン,翼,mid1D,hiB,,voice-key.news
3780,レミオロメン,茜空,mid1F#,hiA,,voice-key.news
3781,レミオロメン,雨上がり,mid1C,hiA,,voice-key.news
3937,ロクデナシ,ただ声一つ,mid2A#,hiB,hiF#,vocal-range.com
3936,ロクデナシ,愛が灯る,mid1G#,hiD,hihiA,vocal-range.com
3935,ロクデナシ,草々不一,mid1D,hiC,hihiC,vocal-range.com
4672,ロードオブメジャー,PLAY THE GAME,mid2B,hiA#,,vocal-range.com
3714,ロードオブメジャー,さらば碧き面影,mid1E,hiC,,voice-key.news
3720,ロードオブメジャー,スコール,mid1E,hiA,,voice-key.news
3723,ロードオブメジャー,僕らだけの歌,mid2A#,hiB,,voice-key.news
3722,ロードオブメジャー,君がため,mid2A,hiA,,voice-key.news
3724,ロードオブメジャー,君らしくあれ,mid2A,hiA,,voice-key.news
3721,ロードオブメジャー,大切なもの,mid1F#,hiB,,voice-key.news
3713,ロードオブメジャー,心絵,mid1D,hiC,,voice-key.news
3717,ロードオブメジャー,月の葉書,mid1G,hiA,,voice-key.news
3719,ロードオブメジャー,蒼天に向かって,mid1D,hiA#,hiD,voice-key.news
3715,ロードオブメジャー,親愛なるあなたへ…,mid1D#,hiA#,hiC,voice-key.news
3725,ロードオブメジャー,雑走,mid1F,hiA#,,voice-key.news
3718,ロードオブメジャー,風歌,mid1F#,hiB,,voice-key.news
3196,一青窈,かざぐるま,mid1G,hiA#,hiC#,voice-key.news
3199,一青窈,さよならありがと,mid1G#,hiC#,hiC#,voice-key.news
3200,一青窈,はじめて,mid1G,hiC,hiD,voice-key.news
3195,一青窈,もらい泣き,mid1G,hiC,hiF,voice-key.news
3202,一青窈,アイ,mid1F,hiC,,voice-key.news
3194,一青窈,ハナミズキ,mid1G#,hiB,hiC#,voice-key.news
3197,一青窈,影踏み,mid1G,hiB,,voice-key.news
3201,一青窈,栞,mid2A#,hiC,hiD#,voice-key.news
3198,一青窈,江戸ポルカ,mid1E,hiC,,voice-key.news
6018,三月のパンタシア,青春なんていらないわ,mid1G#,hiC#,,vocal-range.com
5579,三浦大知,Backwards,mid1D#,hiB,,vocal-range.com
4446,三浦大知,Blizzard,lowF#,mid2G#,,vocal-range.com
5001,三浦大知,燦燦,mid1A#,hiA,,vocal-range.com
6274,三浦春馬,Fight for your heart,mid1F#,hiC#,,vocal-range.com
4352,上白石萌歌,366日,mid1F,hiD#,hiF,vocal-range.com
6049,上白石萌歌,楓,mid2G#,hiC#,,vocal-range.com
5630,上白石萌音,なんでもないや,mid1F,hiC#,,vocal-range.com
5631,上白石萌音,夜明けをくちずさめたら,mid2A#,hiC,hiD#,vocal-range.com
4328,上白石萌音,懐かしい未来,mid1D,hiD,hiD,vocal-range.com
4430,中山美穂＆WANDS,世界中の誰よりきっと,mid1F#,hiB,,vocal-range.com
5367,中島みゆき,命の別名,mid1D#,hiC,,vocal-range.com
3052,中島みゆき,地上の星,mid1F,hiA#,,voice-key.news
3053,中島みゆき,時代,mid1F,hiA#,,voice-key.news
5364,中島みゆき,瞬きもせず,mid1F#,hiC,,vocal-range.com
3055,中島みゆき,空と君のあいだに,mid1F#,hiB,,voice-key.news
3051,中島みゆき,糸,mid1F,hiA#,,voice-key.news
4371,中島みゆき,誕生,mid1F,hiA#,,vocal-range.com
3054,中島みゆき,銀の龍の背に乗って,mid1E,hiB,hiA#,voice-key.news
3023,中島美嘉,Dear,mid1G,hiC,hiD,voice-key.news
3016,中島美嘉,LIFE,mid2B,hiD,hiE,voice-key.news
3015,中島美嘉,ORION,mid1F#,hiC,hiD#,voice-key.news
3021,中島美嘉,STARS,mid2A,hiE,hiE,voice-key.news
3022,中島美嘉,WILL,mid1G#,hiD,hiE,voice-key.news
3019,中島美嘉,一番綺麗な私を,mid1F#,hiC#,hiC#,voice-key.news
3026,中島美嘉,明日世界が終わるなら,mid2B,hiD,hiD,voice-key.news
3020,中島美嘉,桜色舞うころ,mid2A#,hiC,hiD#,voice-key.news
3024,中島美嘉,永遠の詩,mid2A,hiD,hiF#,voice-key.news
3017,中島美嘉,火の鳥,mid2A,hiD,hiE,voice-key.news
3025,中島美嘉,見えない星,mid1F#,hiC#,hiE,voice-key.news
3018,中島美嘉,雪の華,mid1F#,hiC#,hiD#,voice-key.news
3084,中川翔子,RAY OF LIGHT,mid1F#,hiD,hiE,voice-key.news
3083,中川翔子,ドリドリ,mid2B,hiD,,voice-key.news
3086,中川翔子,心のアンテナ,mid2C,hiD,hiD,voice-key.news
3085,中川翔子,涙の種、笑顔の花,mid2A#,hiD#,,voice-key.news
3082,中川翔子,空色デイズ,mid2A,hiD,hiD,voice-key.news
4479,中村 中,友達の詩,mid2A,hiD,hiD,vocal-range.com
4630,中森明菜,ミ・アモーレ,mid1E,hiA,,vocal-range.com
4641,中森明菜,飾りじゃないのよ涙は,mid1F#,hiA,,vocal-range.com
5540,中田ヤスタカ,NANIMONO (feat. 米津玄師),mid1A#,mid2C,,vocal-range.com
2972,中西保志,LAST CALL,mid1C#,hiA#,mid2F#,voice-key.news
2968,中西保志,だから憶えている,mid1B,mid2G#,,voice-key.news
2971,中西保志,どうして君を傷つけたのだろう,mid1E,hiA#,,voice-key.news
2965,中西保志,はじまりはいつも雨,mid1D,mid2F,,voice-key.news
2970,中西保志,サヨナラが待っている,mid1B,mid2F,,voice-key.news
2963,中西保志,ハナミズキ,mid1D,mid2F,,voice-key.news
2964,中西保志,ラヴ・イズ・オーヴァー,mid1D,mid2E,,voice-key.news
2967,中西保志,千年前から君を見つめていた,lowG#,mid2G#,,voice-key.news
2969,中西保志,君が微笑むなら,mid1C,hiA#,,voice-key.news
2966,中西保志,想い出を閉じ込めて,mid1C,hiA,,voice-key.news
2962,中西保志,最後の雨,mid1B,hiA,,voice-key.news
2973,中西保志,歓送の歌,mid1C,mid2F,,voice-key.news
5809,乃木坂46,ありがちな恋愛,mid1G#,hiD,hiD,vocal-range.com
5782,乃木坂46,ごめんねFingers crossed,mid2B,hiD,hiD,vocal-range.com
5781,乃木坂46,インフルエンサー,mid1D#,hiC#,,vocal-range.com
5659,乃木坂46,気づいたら片想い,mid2A,hiD,hiD,vocal-range.com
4058,乃紫,1000日間,mid1E,hiE,hiE,vocal-range.com
4059,乃紫,全方向美少女,mid2A,hiA,hiC#,vocal-range.com
4060,乃紫,初恋キラー,mid2A#,hiA#,hiC,vocal-range.com
2202,久保田利伸,LA・LA・LA LOVE SONG,mid1D#,mid2G#,,voice-key.news
2204,久保田利伸,LOVE RAIN 〜恋の雨〜,mid1F,hiA#,hiC,voice-key.news
2203,久保田利伸,Missing,mid1B,hiB,,voice-key.news
2205,久保田利伸,流星のサドル,mid2A,hiD,,voice-key.news
4160,久保田利伸 with NAOMI CAMPBELL,LA・LA・LA LOVE SONG,mid1D#,mid2G#,,vocal-range.com
6237,井上あずみ,となりのトトロ,mid2C,hiD#,,vocal-range.com
4687,井上あずみ,君をのせて,mid2A#,hiD#,,vocal-range.com
6405,井上苑子,だいすき。,mid1G#,hiD,,vocal-range.com
1901,井上陽水,Make-up Shadow,mid1C,mid2C#,mid2G#,voice-key.news
1902,井上陽水,いっそセレナーデ,mid1D,mid2E,,voice-key.news
1904,井上陽水,コーヒー・ルンバ,mid1C,mid2D#,,voice-key.news
1900,井上陽水,リバーサイドホテル,mid1F,hiA,,voice-key.news
1903,井上陽水,夢の中へ,mid1F,hiA#,hiA#,voice-key.news
1899,井上陽水,少年時代,mid1E,mid2F,,voice-key.news
1905,井上陽水,最後のニュース,mid1E,mid2B,,voice-key.news
1928,伊藤由奈,ENDLESS STORY,mid1E,hiC#,hiE,voice-key.news
1924,伊藤由奈,Feith,mid1F#,hiD#,hiD#,voice-key.news
1926,伊藤由奈,I'm Here,mid1G#,hiE,,voice-key.news
1923,伊藤由奈,Precious,mid1G#,hiC#,hiF#,voice-key.news
1927,伊藤由奈,Truth,mid2A,hiD,,voice-key.news
1925,伊藤由奈,trust you,mid2C,hiF,,voice-key.news
6347,佐々木恵梨,はるのとなり,mid1G,hiC,,vocal-range.com
4403,佐々木恵梨,ふゆびより,mid2A,hiB,hiE,vocal-range.com
6390,佐藤千亜妃,カタワレ,mid2A,hiB,hiE,vocal-range.com
4897,倉橋ヨエコ【ヨエコ】,友達のうた,mid2A#,hiB,hiD,vocal-range.com
4397,倖田來未,Can We Go Back,mid1F#,hiD#,hiB,vocal-range.com
2275,倖田來未,Moon Crying,mid1E,hiC,hiD#,voice-key.news
2278,倖田來未,you,mid1F,hiB,hiA#,voice-key.news
2276,倖田來未,め組のひと,mid1C#,hiC#,,voice-key.news
2274,倖田來未,キューティーハニー,mid1G,hiC,,voice-key.news
2277,倖田來未,恋のつぼみ,mid1G#,hiC,hiC#,voice-key.news
2273,倖田來未,愛のうた,mid2A,hiC,hiA#,voice-key.news
466,優里,DiNA,mid1F#,mid2G#,hiA#,voice-key.news
469,優里,うぉ,mid1F#,hiB,hiB,voice-key.news
4716,優里,おにごっこ,mid1C#,hiA#,hiA#,vocal-range.com
471,優里,かくれんぼ,mid1E,mid2F#,mid2F#,voice-key.news
472,優里,かごめ,mid1C,mid2G#,hiC#,voice-key.news
467,優里,アストロノーツ,mid1D,hiA,,voice-key.news
468,優里,インフィニティ,mid1F#,hiA,hiB,voice-key.news
470,優里,カーテンコール,mid1E,hiA,hiA,voice-key.news
473,優里,ガリレオは恋をする,mid1C#,hiC,hiC#,voice-key.news
4807,優里,クリスマスイブ,mid1A#,hiA#,hiA#,vocal-range.com
474,優里,シャッター,mid1C,hiA#,hiA#,voice-key.news
475,優里,スマホウォーズ,mid1A,hiA,hiA,voice-key.news
476,優里,タイムマシン,mid1C,hiC,hiC,voice-key.news
477,優里,ドライフラワー,mid1F#,hiA,hiC,voice-key.news
479,優里,ヒーローのいない街,mid1A,hiA#,hiC,voice-key.news
5182,優里,ビリミリオン,mid1D,hiA#,hiC,vocal-range.com
478,優里,ピーターパン,mid1D,hiA#,hiB,voice-key.news
480,優里,ベテルギウス,mid1D,hiC,hiD,voice-key.news
481,優里,ミザリー,mid1A#,hiC,mid2F,voice-key.news
482,優里,ミズキリ,mid1F#,hiC,hiD,voice-key.news
483,優里,メリーゴーランド,mid1A#,hiA#,hiC,voice-key.news
484,優里,レオ,mid1C,hiA,hiC,voice-key.news
3898,優里,世界が終わりました,mid1A,mid2G,hiA#,vocal-range.com
487,優里,告白直前酸欠状態,mid1F,hiA#,hiD,voice-key.news
485,優里,夏音,mid1B,mid2G#,hiB,voice-key.news
491,優里,恋人じゃなくなった日,mid1D#,mid2G#,hiC#,voice-key.news
488,優里,桜晴,mid1D#,mid2G#,,voice-key.news
489,優里,背中,mid1D,hiA#,hiA#,voice-key.news
486,優里,花鳥風月,mid1D,hiA,,voice-key.news
490,優里,飛行船,mid1B,hiA,,voice-key.news
4374,内田雄馬,SHAKE！SHAKE！SHAKE！,mid1D,hiA,hiA,vocal-range.com
4438,冨岡愛,恋する惑星「アナタ」,mid1G,hiA,,vocal-range.com
5734,凛として時雨,Telecastic fake show,mid2D#,hiG#,,vocal-range.com
5646,凛として時雨,abnormalize,mid2A,hihiA,hihiA,vocal-range.com
5110,凛として時雨,狐独の才望,mid1G#,hiG#,hiF,vocal-range.com
4170,初星学園,Luna say maybe,mid1G,hiD#,,vocal-range.com
5577,初音ミク [ピノキオピー],神っぽいな,mid2A,hiD#,hihiD#,vocal-range.com
5538,初音ミク[DECO*27],ヴァンパイア,mid2B,hiG#,,vocal-range.com
5537,初音ミク[DECO*27],乙女解剖,mid2B,hihiC#,,vocal-range.com
5795,初音ミク[n-buna],花降らし,mid1G#,,,vocal-range.com
5555,初音ミク[みきとP],少女レイ,mid2A,hiD,hiF,vocal-range.com
6136,初音ミク[カンザキイオリP],命に嫌われている,mid1G,hiG,,vocal-range.com
6371,初音ミク[ナユタン星人],アンドロメダアンドロメダ,mid2B,hiF#,,vocal-range.com
6307,初音ミク[一二三],猛独が襲う,mid1F#,hiF#,,vocal-range.com
6123,初音ミク[黒うさP],千本桜,mid1G,hiE,,vocal-range.com
3948,千石撫子(花澤香菜),恋愛サーキュレーション,mid2B,hiB,hiC#,vocal-range.com
2934,千綿ヒデノリ,カサブタ,mid1F,mid2F#,,voice-key.news
2935,千綿ヒデノリ,逢えない夜を越えて,mid1C#,mid2G#,,voice-key.news
5857,南條愛乃,光のはじまり,mid2A,hiD#,hiE,vocal-range.com
5086,原口沙輔,人マニア,mid2C#,,,vocal-range.com
6379,原由子,少女時代,mid1F#,hiA,hiB,vocal-range.com
4890,友成空,睨めっ娘,mid1A,hiA,mid2F#,vocal-range.com
5008,友成空,鬼ノ宴,lowG#,mid2F#,hiC,vocal-range.com
4995,反町隆史,POISON ～言いたい事も言えないこんな世の中は～,mid1B,mid2E,,vocal-range.com
3686,吉幾三,俺ら東京さ行くだ,mid1C,mid2D#,,voice-key.news
3684,吉幾三,酒よ,mid1E,mid2E,,voice-key.news
3687,吉幾三,酔歌,mid1C#,mid2E,,voice-key.news
3685,吉幾三,雪國,mid1B,mid2F#,,voice-key.news
5024,吉田夜世,オーバーライド,mid1G#,,,vocal-range.com
3690,吉田拓郎,今日までそして明日から,mid1C,mid2D,,voice-key.news
3689,吉田拓郎,結婚しようよ,mid1C,mid2D#,,voice-key.news
3688,吉田拓郎,落陽,mid1B,mid2E,,voice-key.news
6288,向井太一,リセット,mid1F,mid2G,,vocal-range.com
3873,和ぬか,アイオクレ,mid1G#,mid2F#,hiA#,voice-key.news
3872,和ぬか,シュガーロス,mid1F#,hiA,hiA,voice-key.news
3869,和ぬか,ニゲラ,mid1F,mid2G,hiD#,voice-key.news
3870,和ぬか,ブラウニー,mid1C#,mid2D#,,voice-key.news
3868,和ぬか,ヨセアツメ,mid1D,hiA,hiA,voice-key.news
3866,和ぬか,寄り酔い,mid1D,mid2G#,,voice-key.news
3867,和ぬか,絶頂讃歌,mid1D#,mid2G#,hiC,voice-key.news
4958,和ぬか,絶頂賛歌,mid1D#,mid2G#,hiC,vocal-range.com
3871,和ぬか,進め！そっちだ！,mid1E,hiA,,voice-key.news
3875,和田アキ子,YONA YONA DANCE,mid1D#,mid2F#,,voice-key.news
3874,和田アキ子,あの鐘を鳴らすのはあなた,mid1D#,hiA#,,voice-key.news
3876,和田アキ子,古い日記,mid1G,hiA#,,voice-key.news
3856,和田光司,Butter-Fly,mid1C#,mid2G#,hiB,voice-key.news
3858,和田光司,FIRE!!,mid1D,mid2G,hiA,voice-key.news
3865,和田光司,Seven,mid1D,mid2F,,voice-key.news
3857,和田光司,The Biggest Dreamer,mid1C,mid2G,,voice-key.news
3860,和田光司,WE ARE クロスハート!,mid1D,mid2G,,voice-key.news
3862,和田光司,brabery,mid1C,mid2G,,voice-key.news
3864,和田光司,ターゲット〜赤い衝撃〜,mid1F,mid2G,,voice-key.news
3859,和田光司,ヒラリ,mid1F,mid2G,,voice-key.news
3861,和田光司,空舞う勇者! ×5,mid1C,mid2G,,voice-key.news
3863,和田光司,笑顔,mid1D,mid2F#,mid2F#,voice-key.news
2715,坂本九,上を向いて歩こう,mid1D,mid2E,,voice-key.news
2716,坂本九,見上げてごらん夜の星を,mid1D,mid2E,,voice-key.news
3986,坂本真綾,プラチナ,mid1F#,hiC#,hiD#,vocal-range.com
5876,変態紳士クラブ,YOKAZE,lowF,mid2G,mid2G,vocal-range.com
6090,夏代孝明,トランジット,mid2A,hiC#,hiC,vocal-range.com
6276,夏代孝明,ニア,mid1C#,hiB,,vocal-range.com
5553,夏代孝明,ユニバース,mid1B,hiC#,hiF,vocal-range.com
3075,夏川りみ,あの花のように,mid2A#,hiE,,voice-key.news
3069,夏川りみ,さようなら ありがとう,mid2A,hiD,,voice-key.news
3072,夏川りみ,ハグしちゃお,mid1C#,hiC#,,voice-key.news
3074,夏川りみ,小さな恋のうた,mid1F#,hiE,,voice-key.news
3068,夏川りみ,島唄,mid1G#,hiD#,,voice-key.news
3071,夏川りみ,愛よ愛よ,mid1G,hiD,,voice-key.news
3066,夏川りみ,涙そうそう,mid2C,hiD,,voice-key.news
3067,夏川りみ,童神〜ヤマトグチ〜,mid1G#,hiC#,,voice-key.news
3070,夏川りみ,花,mid2A,hiE,,voice-key.news
3073,夏川りみ,鳥よ,mid2A,hiD,,voice-key.news
3673,夜のひと笑い,ミライチズ,mid1F#,hiD,hiD#,voice-key.news
4994,夜の本気ダンス,SHINY,mid1E,mid2F#,hiB,vocal-range.com
1845,大原櫻子,キミを忘れないよ,mid1F#,hiA#,hiC#,voice-key.news
1846,大原櫻子,サンキュー。,mid1F#,hiC#,hiD#,voice-key.news
1848,大原櫻子,大好き,mid2A#,hiB,hiC#,voice-key.news
1850,大原櫻子,無敵のガールフレンド,mid1G#,hiB,hiC#,voice-key.news
1849,大原櫻子,真夏の太陽,mid1G,hiA#,hiF,voice-key.news
1844,大原櫻子,瞳,mid1F#,hiB,hiC#,voice-key.news
1847,大原櫻子,透ケルトン,mid2A,hiC,hiE,voice-key.news
1722,大塚愛,Cherish,mid1G#,hiC#,hiF,voice-key.news
1718,大塚愛,Happy Days,mid1G,hiD,,voice-key.news
1717,大塚愛,PEACH,mid1G#,hiC,,voice-key.news
1713,大塚愛,SMILY,mid2D,hiD,,voice-key.news
1711,大塚愛,さくらんぼ,mid2A,hiC,hiD,voice-key.news
1716,大塚愛,クラゲ、流れ星,mid1F,hiD#,hiF#,voice-key.news
1723,大塚愛,ネコに風船,mid2A,hiD,,voice-key.news
1712,大塚愛,プラネタリウム,mid2A,hiC#,,voice-key.news
1720,大塚愛,ユメクイ,mid1F,hiC,,voice-key.news
1721,大塚愛,ロケットスニーカー,mid1G#,hiC,hiC,voice-key.news
1714,大塚愛,大好きだよ。,mid2A,hiD,hiE,voice-key.news
1719,大塚愛,恋愛写真,mid2A,hiD,hiD,voice-key.news
1715,大塚愛,甘えんぼ,mid2A,hiD#,hiF#,voice-key.news
6107,大柴広己,さよならミッドナイト,mid1D#,mid2G,,vocal-range.com
1815,大森元貴,こたえあわせ,mid2A,hiA,hiB,voice-key.news
1821,大森元貴,わたしの音,mid1C,mid2F,hiA#,voice-key.news
1820,大森元貴,ヒカルモノクラクナル,mid1C#,mid2G#,mid2G#,voice-key.news
1818,大森元貴,メイプル,mid1C,hiB,hiC#,voice-key.news
1819,大森元貴,メメント・モリ,mid1C#,hiA#,mid2G#,voice-key.news
1816,大森元貴,絵画,mid1C#,mid2F,hiE,voice-key.news
5642,大橋ちっぽけ,常緑,mid1B,mid2E,hiB,vocal-range.com
1627,大橋卓弥,SKY,mid1E,mid2F#,hiA,voice-key.news
1626,大橋卓弥,ありがとう,mid1C,hiA,,voice-key.news
1628,大橋卓弥,はじまりの歌,mid1C,mid2G#,hiC,voice-key.news
1630,大橋卓弥,恋愛マスター,mid1G,hiA,,voice-key.news
1629,大橋卓弥,記憶,mid1C,mid2G,,voice-key.news
5605,大橋卓弥[スキマスイッチ],A Sky Full of Stars,mid1G#,hiC#,hiC#,vocal-range.com
4282,大泉洋,あの空に立つ塔のように,lowF#,hiA,,vocal-range.com
5672,大滝詠一,君は天然色,mid1D,mid2G,,vocal-range.com
5315,大滝詠一,幸せな結末,mid1C,mid2E,,vocal-range.com
4836,大漠波新,のだ,mid1D#,,,vocal-range.com
5268,大黒摩季,あなただけ見つめてる,mid2B,hiE,,vocal-range.com
6211,天月-あまつき-,恋人募集中(仮),mid1D#,hiC#,hiD#,vocal-range.com
4084,奥井亜紀,Wind Climbing ～風にあそばれて～,mid1G,hiD,hiE,vocal-range.com
5331,奥田民生,イージュー★ライダー,mid1C#,mid2G#,,vocal-range.com
1559,奥華子,10年,mid1G#,hiA#,hiC#,voice-key.news
1557,奥華子,Happy days,mid2A#,hiC,,voice-key.news
1555,奥華子,あなたに好きと言われたい,mid1G,hiC,hiD,voice-key.news
1552,奥華子,はなびら,mid2B,hiB,hiC#,voice-key.news
1550,奥華子,ガーネット,mid1G,hiB,,voice-key.news
1560,奥華子,サヨナラは言わないまま,mid1F#,hiA#,,voice-key.news
1549,奥華子,変わらないもの,mid2B,hiC#,,voice-key.news
1556,奥華子,年上の彼,mid1G,hiA,hiD,voice-key.news
1558,奥華子,恋,mid1G,hiC,hiD,voice-key.news
1554,奥華子,恋つぼみ,mid1G,hiC,hiD,voice-key.news
1551,奥華子,明日咲く花,mid2A,hiC,,voice-key.news
1553,奥華子,楔,mid1F#,hiC#,hiB,voice-key.news
1561,奥華子,片想い,,hiA,hiD,voice-key.news
3967,女王蜂,1,lowG,mid2F,,vocal-range.com
2668,女王蜂,BL,lowG,mid2E,,voice-key.news
2667,女王蜂,HALF,mid1C#,mid2F#,hiF#,voice-key.news
2671,女王蜂,Introductison,lowG#,mid2F,,voice-key.news
2672,女王蜂,デスコ,mid1A,mid2E,hiG,voice-key.news
4471,女王蜂,メフィスト,mid1A,mid2F,hiF,vocal-range.com
2675,女王蜂,ヴィーナス,lowG#,mid2F,hiF#,voice-key.news
2669,女王蜂,催眠術,mid1A#,mid2D#,hiF,voice-key.news
2666,女王蜂,火炎,lowG,mid2F#,hihiA,voice-key.news
2673,女王蜂,聖戦,mid1A#,mid2F,hiG#,voice-key.news
2670,女王蜂,金星,mid1B,mid2E,hiG#,voice-key.news
2674,女王蜂,鉄壁,lowG,mid2E,hihiA,voice-key.news
1562,宇多田ヒカル,Automatic,mid1F,hiF,,voice-key.news
1573,宇多田ヒカル,COLORS,mid2A,hiE,,voice-key.news
1576,宇多田ヒカル,Can You Keep A Sercret?,mid2A,hiE,hiD,voice-key.news
1564,宇多田ヒカル,First Love,mid1D,hiD#,hiF,voice-key.news
1567,宇多田ヒカル,Flavor Of Life,mid1D#,hiC,hiD#,voice-key.news
5718,宇多田ヒカル,One Last Kiss,mid1G,mid2G#,hiD#,vocal-range.com
1571,宇多田ヒカル,Prisoner Of Love,mid1F,hiF,hiD#,voice-key.news
1565,宇多田ヒカル,SAKURAドロップス,mid1F,hiD,hiF,voice-key.news
1569,宇多田ヒカル,traveling,mid2B,hiE,hiC,voice-key.news
1570,宇多田ヒカル,あなた,mid2A#,hiC,,voice-key.news
5717,宇多田ヒカル,二時間だけのバカンス featuring 椎名林檎,mid1D,hiC,,vocal-range.com
1568,宇多田ヒカル,光,mid2A,hiD#,hiG,voice-key.news
1574,宇多田ヒカル,初恋,mid2A,hiD,hiE,voice-key.news
5698,宇多田ヒカル,君に夢中,mid1D#,hiB,hiD#,vocal-range.com
1575,宇多田ヒカル,桜流し,mid1E,hiD,hiE,voice-key.news
1572,宇多田ヒカル,真夏の通り雨,mid1F#,hiD#,,voice-key.news
1563,宇多田ヒカル,花束を君に,mid1C#,hiE,hiC#,voice-key.news
1566,宇多田ヒカル,道,mid1F,hiD,,voice-key.news
4782,安全地帯,恋の予感,mid1C#,mid2G#,,vocal-range.com
1855,安室奈美恵,Baby Don't Cry,mid1D#,hiD#,mid2G#,voice-key.news
1852,安室奈美恵,CAN YOU CELEBRATE?,mid2C,hiD,,voice-key.news
1860,安室奈美恵,Don't wanna cry,mid1G,hiD#,,voice-key.news
1856,安室奈美恵,Fight Together,mid2A,hiC#,,voice-key.news
1858,安室奈美恵,Finally,mid1F,hiD#,,voice-key.news
1853,安室奈美恵,Hero,mid1D#,hiC,hiC,voice-key.news
1854,安室奈美恵,Hope,mid1G,hiE,,voice-key.news
1851,安室奈美恵,Love Story,mid1D#,hiC#,hiD#,voice-key.news
1859,安室奈美恵,NEVER END,mid2C,hiD,,voice-key.news
1857,安室奈美恵,SWEET 19 BLUSE,mid2C,hiC,,voice-key.news
4184,宝鐘マリン,パイパイ仮面でどうかしらん？,mid1G,hiC,hiE,vocal-range.com
4122,宮本浩次,Do you remember?,mid1F,hiF,,vocal-range.com
5854,宮本浩次,P.S. I love you,lowG#,hiC#,,vocal-range.com
6155,宮本浩次,ハレルヤ,mid1B,hiB,hiD,vocal-range.com
6271,宮本浩次,冬の花,mid1E,hiD,hiE,vocal-range.com
5712,宮本浩次,夜明けのうた,mid1D#,hiC,hiD#,vocal-range.com
4495,宮本浩次,昇る太陽,mid1B,hiE,hiF,vocal-range.com
5767,宮本浩次 × 櫻井和寿 organized by ap bank,東京協奏曲,mid1F,hiA,hiC#,vocal-range.com
1537,家入レオ,Bless You,mid2B,hiC#,hiD#,voice-key.news
1543,家入レオ,Last Song,mid2A,hiD,,voice-key.news
1542,家入レオ,Message,mid1F#,hiC#,,voice-key.news
1540,家入レオ,Silly,mid1G,hiD,,voice-key.news
1548,家入レオ,miss you,mid1G#,hiD,hiE,voice-key.news
1544,家入レオ,ずっと、ふたりで,mid2A#,hiE,hiE,voice-key.news
1541,家入レオ,それぞれの明日へ,mid1G#,hiC#,,voice-key.news
1546,家入レオ,サブリナ,mid2B,hiD,hiD,voice-key.news
1545,家入レオ,僕たちの未来,mid1G#,hiD#,,voice-key.news
1536,家入レオ,君に届け,mid1G,hiF,,voice-key.news
1539,家入レオ,太陽の女神,mid1D#,hiD,hiF,voice-key.news
1547,家入レオ,愛してないなら,mid2A,hiC,hiD,voice-key.news
1538,家入レオ,未完成,mid1G,hiD,hiD,voice-key.news
4148,家入レオ,雨風空虹,mid1G,hiE,,vocal-range.com
2930,寺尾聰,HABANA EXPRESS,lowG#,mid2D,,voice-key.news
2928,寺尾聰,SHADOW CITY,lowG#,mid2A,,voice-key.news
2926,寺尾聰,ルビーの指環,lowG,mid2B,,voice-key.news
2929,寺尾聰,二季物語,lowG,mid2C,,voice-key.news
2927,寺尾聰,出航 SASURAI,lowG#,mid2B,,voice-key.news
5802,小松未歩,謎,mid2A,hiC,,vocal-range.com
4552,小柳ゆき,あなたのキスを数えましょう 〜You were mine〜,mid2A,hiF#,,vocal-range.com
5959,小沢健二,ぼくらが旅に出る理由 (Single Edit),mid1B,mid2E,,vocal-range.com
1584,小田和正,こころ,mid1C#,hiB,,voice-key.news
1583,小田和正,こたえ,mid1C,mid2G,,voice-key.news
1589,小田和正,この道を,mid1D,hiA,,voice-key.news
1586,小田和正,さよなら,mid1E,hiB,,voice-key.news
1593,小田和正,さよならは 言わない,mid1D,hiA#,,voice-key.news
1578,小田和正,たしかなこと,mid1F,hiA#,,voice-key.news
1594,小田和正,まっ白,mid1C,hiA#,,voice-key.news
1596,小田和正,やさしい風が吹いたら,mid1E,hiA,,voice-key.news
1585,小田和正,キラキラ,mid1F,hiA#,,voice-key.news
1591,小田和正,ダイジョウブ,mid1D#,hiA#,,voice-key.news
1577,小田和正,ラブ・ストーリーは突然に,mid1E,hiB,,voice-key.news
1579,小田和正,今日もどこかで,mid1D,hiA,,voice-key.news
1581,小田和正,坂道を上って,mid1E,hiA,,voice-key.news
1595,小田和正,小さな風景,mid1D,hiA,,voice-key.news
1590,小田和正,愛になる,mid1D,hiA,,voice-key.news
1587,小田和正,愛を止めないで,mid1G,hiB,,voice-key.news
1582,小田和正,明日,mid1D,hiB,,voice-key.news
1592,小田和正,東京の空,mid1C#,hiB,,voice-key.news
1588,小田和正,秋の気配,mid1D,mid2G,,voice-key.news
1580,小田和正,言葉にできない,mid1G,hiA#,,voice-key.news
4574,小野正利,Departure!,mid1G#,hiC,,vocal-range.com
5427,小野正利,You’re the Only…,mid1G#,hiB,,vocal-range.com
1933,小野正利,departure!,mid1G#,hiC,,voice-key.news
4857,小野正利,もう一度 君が欲しい,mid2C,hiD#,,vocal-range.com
1935,小野正利,キレイだね,mid2A,hiD,,voice-key.news
4174,尾崎豊,ダンスホール,mid1D,mid2G,,vocal-range.com
1890,尾崎豊,15の夜,mid1D,mid2G,,voice-key.news
1891,尾崎豊,Forget-me-not,mid1B,hiA,,voice-key.news
1888,尾崎豊,I LOVE YOU,mid1E,mid2F#,hiA,voice-key.news
1889,尾崎豊,OH MY LITTLE GIRL,mid2A,mid2G,,voice-key.news
1892,尾崎豊,僕が僕であるために,lowG,mid2G,,voice-key.news
1893,尾崎豊,卒業,mid1C,hiA,,voice-key.news
3643,山下智久,LOVE CHASE,mid1D,hiA,,voice-key.news
3641,山下智久,Loveless,mid1G#,mid2G#,mid2F#,voice-key.news
3647,山下智久,Reason,mid1A,mid2F#,hiA,voice-key.news
3640,山下智久,You Make Me,mid1D,mid2G,hiB,voice-key.news
3648,山下智久,ごめんね,mid1C#,mid2F#,mid2G#,voice-key.news
3642,山下智久,カラフル,mid1A#,mid2G,,voice-key.news
3646,山下智久,向日葵,mid1E,mid2E,mid2F#,voice-key.news
3639,山下智久,愛、テキサス,mid1F#,mid2F#,,voice-key.news
3649,山下智久,戻れないから,mid1D#,mid2F,,voice-key.news
3638,山下智久,抱いてセニョリータ,mid1C,mid2F,,voice-key.news
3645,山下智久,指輪,mid1D,mid2F,hiC,voice-key.news
3644,山下智久,最後のラブ・ソング,mid1D,mid2G,mid2G,voice-key.news
3692,山下達郎,RIDE ON TIME,mid1F#,hiA,hiB,voice-key.news
3693,山下達郎,さよなら夏の日,mid1E,mid2G,,voice-key.news
3695,山下達郎,ずっと一緒さ,mid1D,hiA,mid2F,voice-key.news
5196,山下達郎,クリスマス・イブ,mid1E,mid2G#,,vocal-range.com
3694,山下達郎,僕らの夏の夢,mid1F#,mid2G#,,voice-key.news
5938,山崎まさよし,"One more time, One more chance",mid1E,hiA,,vocal-range.com
5472,岡崎体育,キミの冒険,mid1A,mid2G,,vocal-range.com
5157,岡本真夜,TOMORROW,mid2A,hiB,,vocal-range.com
5289,岡野昭仁,ハイファイ浪漫,lowF#,hiB,hiC#,vocal-range.com
4616,岡野昭仁×井口理,MELODY (prod.by BREIMEN),mid1C#,hiA#,hiC#,vocal-range.com
4786,岩崎良美,タッチ,mid2A,hiB,,vocal-range.com
4651,島谷ひとみ,亜麻色の髪の乙女,mid2B,hiB,,vocal-range.com
6355,崎山蒼志,Undulation,mid1F,mid2G,hiA#,vocal-range.com
5327,崎山蒼志,燈,mid1A,mid2G,hiA,vocal-range.com
1471,嵐,A・RA・SHI,mid1E,hiA,,voice-key.news
1497,嵐,Beautiful Days,mid1E,mid2G,,voice-key.news
1481,嵐,Doors～勇気の軌跡～,mid1F#,hiA,hiA,voice-key.news
1498,嵐,Easy Crazy Break Down,mid1D,mid2E,,voice-key.news
4103,嵐,GUTS !,mid1E,hiA,,vocal-range.com
1485,嵐,Happiness,mid1D,hiA#,,voice-key.news
1466,嵐,Love so sweet,mid1D#,hiA,,voice-key.news
1487,嵐,Monster,mid1D#,mid2G#,,voice-key.news
1465,嵐,One Love,mid1D,mid2G,,voice-key.news
1478,嵐,Sakura,mid1F#,mid2G,,voice-key.news
1496,嵐,Troublemaker,mid1E,mid2G,,voice-key.news
1470,嵐,WISH,mid1F#,mid2G,,voice-key.news
1473,嵐,いつまでも,mid1B,mid2G#,,voice-key.news
1476,嵐,きっと大丈夫,mid1G,hiA,,voice-key.news
1482,嵐,とまどいながら,mid1F,mid2F#,,voice-key.news
1490,嵐,カイト,mid1C#,mid2G#,,voice-key.news
1467,嵐,サクラ咲け,mid1D#,mid2G,,voice-key.news
1489,嵐,ナイスな心意気,mid1C#,mid2F#,mid2F#,voice-key.news
1488,嵐,ワイルドアットハート,mid1C#,mid2G#,,voice-key.news
1493,嵐,台風ジェネレーション,mid1G,mid2F,hiA,voice-key.news
1477,嵐,君が笑えるように,mid1F,mid2F,,voice-key.news
1483,嵐,夏の名前,mid1C#,mid2F#,hiA,voice-key.news
1494,嵐,夏疾風,lowG#,mid2G#,,voice-key.news
1492,嵐,愛を叫べ,mid1G,mid2G#,,voice-key.news
1469,嵐,感謝カンゲキ雨嵐,mid1D#,mid2F#,,voice-key.news
1495,嵐,旅は続くよ,mid1A,mid2E,hiA,voice-key.news
1472,嵐,明日の記憶,mid1C,mid2G,,voice-key.news
1491,嵐,時代,lowG,mid2F,,voice-key.news
1484,嵐,果てない空,mid1C,mid2G,,voice-key.news
1468,嵐,言葉より大切なもの,mid1D,mid2G,,voice-key.news
1480,嵐,誰も知らない,mid1D,mid2G,,voice-key.news
1486,嵐,迷宮ラブソング,mid1C#,mid2G,,voice-key.news
1499,嵐,道,mid1D,mid2D,,voice-key.news
1479,嵐,静かな夜に,mid1C,mid2G,mid2G,voice-key.news
1475,嵐,風の向こうへ,mid1F,hiA,,voice-key.news
1474,嵐,駆け抜けろ！,mid1D#,mid2G#,,voice-key.news
1257,川崎鷹也,Answer,lowG,mid2G,hiC,voice-key.news
1262,川崎鷹也,またね、ヒーロー,mid1A,mid2G,,voice-key.news
1259,川崎鷹也,エンドロール,mid1A#,mid2G,,voice-key.news
1258,川崎鷹也,サクラウサギ,mid1D,hiA,hiC,voice-key.news
1263,川崎鷹也,再会歌,mid1E,hiA,,voice-key.news
1256,川崎鷹也,君の為のキミノウタ,mid1C#,mid2F#,,voice-key.news
1261,川崎鷹也,大切な人,mid1G,mid2G,hiA#,voice-key.news
1260,川崎鷹也,幸せあれ,mid1E,mid2F#,,voice-key.news
1264,川崎鷹也,曖昧Blue,mid1E,mid2F#,hiA,voice-key.news
1255,川崎鷹也,魔法の絨毯,mid1C#,mid2G#,,voice-key.news
4727,川本真琴,1/2,mid2B,hiC#,hiE,vocal-range.com
5064,工藤静香,Blue Velvet,mid2C#,hiC#,,vocal-range.com
5063,工藤静香,慟哭,mid1G#,hiB,,vocal-range.com
5443,布施明,君は薔薇より美しい,mid1E,hiA,,vocal-range.com
5311,布袋寅泰,スリル,mid1E,mid2G,,vocal-range.com
5616,平井大,"Stand by me, Stand by you.",mid1D#,hiA#,hiC,vocal-range.com
3308,平井堅,POP STAR,mid1C,mid2G,hiA#,voice-key.news
4486,平井堅,Precious Junk,mid1D#,mid2G#,hiC,vocal-range.com
6387,平井堅,even if,mid1E,hiA,mid2G,vocal-range.com
3318,平井堅,いつか離れる日が来ても,mid1F,mid2F#,,voice-key.news
3321,平井堅,いてもたっても,mid1C,hiA#,,voice-key.news
3303,平井堅,いとしき日々よ,lowG#,mid2G#,hiC,voice-key.news
3319,平井堅,アイシテル,mid1A,hiB,,voice-key.news
3320,平井堅,キャンバス,mid1A,hiA,,voice-key.news
4331,平井堅,グロテスク feat.安室奈美恵,mid1F,hiC,hiC,vocal-range.com
3310,平井堅,センチメンタル,mid1B,mid2G,hiA,voice-key.news
3313,平井堅,トドカナイカラ,lowF,hiA#,,voice-key.news
3314,平井堅,ノンフィクション,mid1A,hiA,,voice-key.news
3309,平井堅,バイマイメロディー,mid1A,mid2G#,hiA#,voice-key.news
3317,平井堅,僕の心をつくってよ,mid1A,hiA,,voice-key.news
3311,平井堅,僕は君に恋をする,mid1C,mid2G,hiA,voice-key.news
3307,平井堅,君の好きなとこ,mid1A#,mid2G,hiA,voice-key.news
3322,平井堅,君の鼓動は君にしか鳴らせない,mid1B,hiA,,voice-key.news
3315,平井堅,告白,mid1C,hiB,,voice-key.news
3305,平井堅,哀歌(エレジー),mid1C,hiA,hiB,voice-key.news
3306,平井堅,大きな古時計,mid1D#,mid2F#,mid2G#,voice-key.news
3316,平井堅,思いがかさなるその前に,lowG#,hiA#,,voice-key.news
6165,平井堅,怪物さん feat.あいみょん,mid1E,hiA,hiC,vocal-range.com
3312,平井堅,楽園,mid1G,mid2G#,hiC,voice-key.news
6194,平井堅,瞳をとじて,mid1C,mid2G#,hiC,vocal-range.com
3304,平井堅,瞳を閉じて,mid1C,mid2G#,hiC,voice-key.news
5749,平井堅,魔法って言っていいかな?,lowF,mid2G#,hiB,vocal-range.com
4285,平井堅[カバー],切手のないおくりもの,mid1D#,mid2F#,,vocal-range.com
4662,平井大,Romeo+Juliet – Love goes on-,lowG,mid2G,hiC,vocal-range.com
5617,平井大,THE GIFT,mid1D#,hiA,hiC,vocal-range.com
4153,平井大,また逢う日まで,mid1D#,mid2F#,hiB,vocal-range.com
4394,平井大,題名のない今日,mid1F#,hiA,hiB,vocal-range.com
6328,平手友梨奈,ダンスの理由,mid1D#,hiC#,,vocal-range.com
5345,平畑徹也,先日はロマンス feat. suis from ヨルシカ,mid1F,hiC#,hiC#,vocal-range.com
1501,幾田りら,Aitai,mid1G,hiC,hiE,voice-key.news
1502,幾田りら,Answer,mid2A,hiC,hiF,voice-key.news
1506,幾田りら,おまじない,mid1F#,hiB,hiD#,voice-key.news
4461,幾田りら,スパークル,mid1G#,hiD#,hiE,vocal-range.com
1505,幾田りら,ヒカリ,mid1G,hiC,hiF,voice-key.news
1504,幾田りら,ロケット・トゥ・ザ・ムーン〜信じた世界へ〜,mid1F,hiF,,voice-key.news
1503,幾田りら,ロマンスの約束,mid1G#,hiC#,hiD#,voice-key.news
4068,幾田りら,恋風,mid1F#,hiB,hiE,vocal-range.com
4291,幾田りら,百花繚乱,mid2A,hiD#,hiE,vocal-range.com
1500,幾田りら,通り雨,mid1F#,hiC#,hiE,voice-key.news
5498,幾田りら[YOASOBI],Answer,mid2A,hiC,hiF,vocal-range.com
3433,広瀬香美,DEAR…again,mid1G,hiC,,voice-key.news
3432,広瀬香美,promise,mid2A#,hiD,,voice-key.news
3431,広瀬香美,ゲレンデがとけるほど恋したい,mid2A,hiE,,voice-key.news
3429,広瀬香美,ロマンスの神様,mid1G,hiF,,voice-key.news
3434,広瀬香美,愛があれば大丈夫,mid2A,hiD,,voice-key.news
4163,弌誠,あられやこんこん,mid1D,mid2G#,hihiA#,vocal-range.com
4533,弌誠,モエチャッカファイア,mid1A,mid2G,,vocal-range.com
2920,徳永英明,レイニーブルー,mid1B,hiC#,,voice-key.news
2919,徳永英明,壊れかけのRadio,mid1F#,hiA,,voice-key.news
2921,徳永英明,夢を信じて,mid1F,hiA,,voice-key.news
4350,感覚ピエロ,拝啓、いつかの君へ,mid1D,hiB,hiD,vocal-range.com
2918,手嶌葵,さよならの夏〜コクリコ坂から〜,mid1G,hiD,,voice-key.news
2917,手嶌葵,テルーの唄,mid1G#,hiC,,voice-key.news
2916,手嶌葵,明日への手紙,mid2A,hiD,,voice-key.news
4473,打首獄門同好会,G,mid1F,hiF,,vocal-range.com
6313,折坂悠太,朝顔,lowF#,hiA,hiC#,vocal-range.com
5440,桜高軽音部,GO! GO! MANIAC,mid2D,hiF#,,vocal-range.com
2590,斉藤和義,いつもの風景,mid1D,mid2G,,voice-key.news
2584,斉藤和義,ずっと好きだった,mid1F,mid2G,,voice-key.news
2586,斉藤和義,やさしくなりたい,mid1D#,mid2G#,,voice-key.news
2589,斉藤和義,ワンモアタイム,mid1D,mid2G,hiA#,voice-key.news
2588,斉藤和義,君の顔が好きだ,mid1E,mid2G,,voice-key.news
2583,斉藤和義,歌うたいのバラッド,lowF#,hiA,hiA,voice-key.news
2585,斉藤和義,歩いて帰ろう,mid1F,hiA,hiA,voice-key.news
2587,斉藤和義,空に星が綺麗,mid1E,mid2F,,voice-key.news
5450,新しい学校のリーダーズ,オトナブルー,mid2A#,hiC,,vocal-range.com
3076,新浜レオン,全てあげよう,mid1A#,mid2F#,,voice-key.news
3080,新浜レオン,君を求めて,mid1D,mid2D#,,voice-key.news
3077,新浜レオン,捕まえて、今夜。,mid1C,mid2G,,voice-key.news
3078,新浜レオン,炎のkiss,mid1D#,mid2D#,,voice-key.news
3079,新浜レオン,離さない 離さない,mid1D,mid2F,,voice-key.news
4999,日向坂46,キュン,mid2B,hiC,,vocal-range.com
4627,日食なつこ,水流のロック,mid2B,hiC#,hiD#,vocal-range.com
5322,早見沙織,Awake,mid1F#,hiD,hiG,vocal-range.com
5375,早見沙織,夢の果てまで,mid2A#,hiA#,hiC#,vocal-range.com
5416,星街すいせい,Stellar Stellar,mid1G#,hiC#,hiE,vocal-range.com
3981,星街すいせい,みちづれ,mid1F#,hiC#,hiF,vocal-range.com
3980,星街すいせい,ソワレ,mid1D#,hiC#,hiE,vocal-range.com
5005,星街すいせい,ビビデバ,mid1F,hiC#,hiD#,vocal-range.com
4517,星街すいせい,ムーンライト,mid1D,hiB,hiD,vocal-range.com
4940,星街すいせい,灼熱にて純情(wii-wii-woo),mid1G,hiC,hiE,vocal-range.com
4208,星野源,Crazy Crazy,mid1C#,mid2G#,mid2G#,vocal-range.com
842,星野源,Family Song,mid1E,mid2G,hiD,voice-key.news
4892,星野源,Friend Ship,mid1D,mid2G,hiA,vocal-range.com
4823,星野源,Hello Song,mid1G,mid2G,hiA,vocal-range.com
845,星野源,Pop Virus,mid1E,mid2F#,,voice-key.news
841,星野源,SUN,mid1D#,mid2G,hiA,voice-key.news
846,星野源,Week End,mid1B,mid2F#,mid2G#,voice-key.news
3987,星野源,いきどまり,mid1D#,mid2G#,hiA#,vocal-range.com
837,星野源,くせのうた,mid1A#,mid2D#,,voice-key.news
847,星野源,くだらないの中に,mid1D#,mid2F,mid2G#,voice-key.news
851,星野源,ここにいないあなたへ,mid1F#,mid2F#,hiA,voice-key.news
836,星野源,アイデア,mid1C#,mid2G,hiA,voice-key.news
839,星野源,ドラえもん,mid1B,mid2F,,voice-key.news
848,星野源,フィルム,mid1F,mid2F,,voice-key.news
835,星野源,不思議,mid1C,mid2G,hiC,voice-key.news
6346,星野源,創造,mid1D,mid2G,hiC#,vocal-range.com
850,星野源,化物,mid1C,mid2G,,voice-key.news
4588,星野源,喜劇,mid1C#,mid2F#,hiD,vocal-range.com
857,星野源,喧嘩,mid1F,mid2F,hiA#,voice-key.news
838,星野源,地獄でなぜ悪い,mid1D,mid2G#,mid2G,voice-key.news
840,星野源,夢の外へ,mid1C#,mid2G#,,voice-key.news
856,星野源,季節,mid1A#,mid2F,hiA#,voice-key.news
834,星野源,恋,mid1E,mid2F#,hiA,voice-key.news
853,星野源,日常,mid1D,mid2G#,,voice-key.news
843,星野源,時よ,mid1D,mid2G#,hiA,voice-key.news
849,星野源,未来,mid1F#,mid2F#,,voice-key.news
844,星野源,桜の森,mid1D,mid2E,mid2G,voice-key.news
854,星野源,歌を歌うときは,mid1C,mid2D,,voice-key.news
855,星野源,生まれ変わり,mid1C#,mid2G,,voice-key.news
5304,星野源,生命体,mid1G,mid2G,hiC,vocal-range.com
852,星野源,私,mid1B,mid2F#,hiA,voice-key.news
3989,時速36km,ハロー,mid1A#,hiC#,,vocal-range.com
5216,月詠み,生きるよすが,mid1F#,hiD,hihiA#,vocal-range.com
5144,木山裕策,home,lowG#,hiA#,,vocal-range.com
4828,東京スカパラダイスオーケストラ,ALMIGHTY～仮面の約束 feat.川上洋平,mid2A,hiB,hiE,vocal-range.com
4691,東京スカパラダイスオーケストラ,Free Free Free feat.幾田りら,mid1G,hiD,hiF,vocal-range.com
4829,東京スカパラダイスオーケストラ,多重露光 feat.川上洋平,mid1D,hiD,,vocal-range.com
5522,東京スカパラダイスオーケストラ,紋白蝶 feat.石原慎也 (Saucy Dog),mid1F,hiC#,,vocal-range.com
5167,東京スカパラダイスオーケストラ,美しく燃える森,mid1G,hiA,,vocal-range.com
4899,東京事変,永遠の不在証明,mid1E,hiD,,vocal-range.com
4900,東京事変,空が鳴っている,mid1F#,hiC,,vocal-range.com
4898,東京事変,閃光少女,mid1G#,hiD#,,vocal-range.com
4812,東京初期衝動,腐革命前夜,mid2B,hiE,hiE,vocal-range.com
6311,東方神起,Share The World,mid2A,hiC#,,vocal-range.com
3972,松たか子,Let It Go〜ありのままで〜,mid1F,hiD#,,vocal-range.com
5628,松任谷由実,"Hello,my friend",mid1D#,mid2G#,,vocal-range.com
3445,松任谷由実,あの日にかえりたい,mid1F,hiC,,voice-key.news
3441,松任谷由実,ひこうき雲,mid1G,hiD#,,voice-key.news
3438,松任谷由実,まぶしい草野球,mid1F,hiA#,,voice-key.news
3440,松任谷由実,やさしさに包まれたなら,mid1F,hiA#,,voice-key.news
3448,松任谷由実,ダイアモンドダストが消えぬまに,mid1F,hiC,,voice-key.news
3449,松任谷由実,ルージュの伝言,mid1G,hiC,,voice-key.news
3437,松任谷由実,卒業写真,mid1G,hiA,,voice-key.news
4385,松任谷由実,埠頭を渡る風,mid1E,hiA,hiC#,vocal-range.com
3439,松任谷由実,天気雨,mid1E,hiA,,voice-key.news
3446,松任谷由実,守ってあげたい,mid1F,hiA#,,voice-key.news
3444,松任谷由実,恋人がサンタクロース,mid1B,hiB,,voice-key.news
3435,松任谷由実,春よ、来い,mid1G,hiA,,voice-key.news
3443,松任谷由実,楓,mid1G,hiC,,voice-key.news
3442,松任谷由実,残暑,mid1F,hiA#,,voice-key.news
3447,松任谷由実,潮風にちぎれて,mid1F,hiA#,,voice-key.news
3436,松任谷由実,真夏の夜の夢,mid1G,mid2G#,,voice-key.news
5629,松任谷由実[荒井由実],やさしさに包まれたなら,mid1F,hiA#,,vocal-range.com
5080,松山千春,君を忘れない,mid1C,mid2G,,vocal-range.com
6362,松崎ナオ,川べりの家,mid1G,mid2G,hiC,vocal-range.com
3496,松本梨香,Alive A life,mid2B,hiB,,voice-key.news
3503,松本梨香,OK!,mid2B,hiE,,voice-key.news
3504,松本梨香,Soup,mid1E,hiA#,,voice-key.news
3494,松本梨香,XY&Z,mid1E,hiC#,,voice-key.news
3502,松本梨香,ありのままの私で,mid1G,hiD,,voice-key.news
3498,松本梨香,おやすみ ぼくのピカチュウ,,hiA#,,voice-key.news
3492,松本梨香,めざせポケモンマスター,mid1E,hiC,,voice-key.news
3500,松本梨香,やじるしになって！,mid1G,hiC,,voice-key.news
3499,松本梨香,アローラ!!,mid1F#,hiC#,,voice-key.news
3507,松本梨香,スパート！,mid2B,hiD,,voice-key.news
3497,松本梨香,タイプ:ワイルド,mid2C#,hiD,,voice-key.news
3505,松本梨香,チャレンジャー！！,mid2C#,hiC#,,voice-key.news
3501,松本梨香,チーさな冒険,mid1F#,hiB,,voice-key.news
3495,松本梨香,ハイタッチ！,mid1F#,hiC#,,voice-key.news
3506,松本梨香,ベストウイッシュ！,mid1G#,hiC#,,voice-key.news
3493,松本梨香,ライバル!,mid2B,hiC,,voice-key.news
4032,松浦航大,オリジナリティ,mid1C,hiA#,hiA#,vocal-range.com
4022,松田聖子,風立ちぬ,mid2C,hiC,,vocal-range.com
5875,柊キライ feat.flower,ラブカ？,mid2A,hiD,hiD,vocal-range.com
4408,柊マグネタイト,テトリス,mid1G#,hiD,hiG,vocal-range.com
2279,桐谷健太,海の声,mid1B,mid2F,,voice-key.news
2200,桑田佳祐,DEAR MY FRIEND,mid1D,mid2G,hiA,voice-key.news
2182,桑田佳祐,あなたの夢を見ています,mid1D,mid2G,mid2G,voice-key.news
2183,桑田佳祐,ありがとう,mid1C,mid2F,,voice-key.news
2184,桑田佳祐,おいしい秘密,mid1B,mid2F#,,voice-key.news
2189,桑田佳祐,こんな僕でよかったら,mid1E,mid2G#,,voice-key.news
2190,桑田佳祐,ダーリン,mid1B,mid2G,hiA,voice-key.news
2201,桑田佳祐,光の世界,mid1A,mid2G,,voice-key.news
2186,桑田佳祐,可愛いミーナ,mid1D,hiA,,voice-key.news
2187,桑田佳祐,君にサヨナラを,mid1C,mid2G,hiC,voice-key.news
2188,桑田佳祐,君への手紙,mid1B,mid2F#,,voice-key.news
2198,桑田佳祐,太陽が消えた街,mid1D,mid2G,,voice-key.news
2185,桑田佳祐,影法師,mid1G,hiA,,voice-key.news
4539,桑田佳祐,悲しい気持ち(JUST A MAN IN LOVE),mid1C,mid2G,,vocal-range.com
2199,桑田佳祐,明日へのマーチ,mid1C,mid2E,,voice-key.news
2178,桑田佳祐,明日晴れるかな,mid1C,mid2G,hiA#,voice-key.news
2191,桑田佳祐,月,mid1B,hiA,,voice-key.news
2196,桑田佳祐,月光の聖者たち,mid1C,mid2F#,,voice-key.news
2192,桑田佳祐,東京,mid1E,hiB,hiB,voice-key.news
2179,桑田佳祐,波乗りジョニー,mid1B,hiA,,voice-key.news
2193,桑田佳祐,涙をぶっとはませ!!,mid1B,mid2G,,voice-key.news
2180,桑田佳祐,白い恋人達,mid1D,mid2G,hiB,voice-key.news
2195,桑田佳祐,真夜中のダンディーたち,mid1D,mid2G,,voice-key.news
2194,桑田佳祐,祭りのあと,mid1B,mid2G,,voice-key.news
2197,桑田佳祐,若い広場,mid1B,mid2F#,,voice-key.news
2181,桑田佳祐,風の詩を聞かせて,mid1A,mid2F#,hiA,voice-key.news
4270,桜高軽音部,Cagayake!GIRLS,mid2B,hiC,hiB,vocal-range.com
4271,桜高軽音部,Don't say “lazy”,mid2B,hiB,,vocal-range.com
6343,森七菜,カエルノウタ,mid1G#,hiB,hiD,vocal-range.com
6238,森七菜,スマイル,mid2B,hiC#,,vocal-range.com
5748,森七菜,深海,mid1F#,hiC#,hiF,vocal-range.com
4281,森山直太朗,さくら（独唱）,mid1F,mid2F,hiC,vocal-range.com
4029,森田公一とトップギャラン,青春時代,mid1E,mid2G,,vocal-range.com
2532,椎名林檎,ありあまる富,mid2A,hiC#,,voice-key.news
2528,椎名林檎,ここでキスして。,mid1G#,hiF,hiD#,voice-key.news
2527,椎名林檎,ギブス,mid2A,hiD,hiD,voice-key.news
2523,椎名林檎,丸ノ内サディスティック,mid2A#,hiD#,hiG,voice-key.news
2533,椎名林檎,人生は夢だらけ,mid2A#,hiC#,hiD#,voice-key.news
2530,椎名林檎,公然の秘密,mid1G,hiD,,voice-key.news
2531,椎名林檎,幸福論,mid2A,hiD,hiC#,voice-key.news
2525,椎名林檎,本能,mid1G,hiE,,voice-key.news
2524,椎名林檎,歌舞伎町の女王,mid2A#,hiC,hiE,voice-key.news
2526,椎名林檎,罪と罰,mid1D,hiD,hiD#,voice-key.news
2534,椎名林檎,自由への道連れ,mid2B,hiE,hiF#,voice-key.news
4154,椎名林檎,芒に月,lowF#,hiE,hiF,vocal-range.com
2529,椎名林檎,長く短い祭,mid2A,hiD,,voice-key.news
6131,椎名林檎と宮本浩次,獣ゆく細道,mid1E,hiC,,vocal-range.com
4914,榎本くるみ,冒険彗星,mid1E,hiD,hiD,vocal-range.com
3514,槇原敬之,SPY,mid1F,mid2G,,voice-key.news
5736,槇原敬之,Such a Lovely Place,mid1C,hiA#,hiC,vocal-range.com
3954,槇原敬之,どうしようもない僕に天使が降りてきた,mid1D,hiA#,hiC,vocal-range.com
3509,槇原敬之,どんなときも,mid1F,hiA#,,voice-key.news
3508,槇原敬之,もう恋なんてしない,mid1C#,hiA,mid2G#,voice-key.news
3512,槇原敬之,世界に一つだけの花,mid1E,mid2F#,,voice-key.news
3513,槇原敬之,僕が一番欲しかったもの,mid1C,hiA#,hiB,voice-key.news
3510,槇原敬之,冬がはじまるよ,mid1E,mid2G,,voice-key.news
4880,槇原敬之,北風 〜君にとどきますように〜,mid1E,mid2F#,hiA,vocal-range.com
3511,槇原敬之,遠く遠く,mid1D#,mid2F#,,voice-key.news
3966,樋口了一,1/6の夢旅人2002,mid1F,mid2G,hiA#,vocal-range.com
5056,橋本潮,ロマンティックあげるよ,mid2A#,hiC,,vocal-range.com
2737,橘慶太,FRIEND,mid1E,hiA,,voice-key.news
2741,橘慶太,キミノコエ,mid1E,hiA,,voice-key.news
2739,橘慶太,キャンドル,mid1D,hiA#,hiC,voice-key.news
2743,橘慶太,声,mid1D#,mid2F#,,voice-key.news
2742,橘慶太,少年,mid1C#,mid2G#,hiC#,voice-key.news
2740,橘慶太,恋愛道,mid1F,mid2G#,,voice-key.news
2745,橘慶太,愛のカタチ,mid1G,hiA#,hiC,voice-key.news
2738,橘慶太,桜想ふ,mid1F,hiA#,hiC,voice-key.news
2744,橘慶太,覚醒,mid1C#,mid2G#,,voice-key.news
2736,橘慶太,道標,mid1G#,hiA#,,voice-key.news
4265,桜坂46,桜月,mid1D,hiC,,vocal-range.com
4266,欅坂46,ガラスを割れ！,mid1G#,hiB,,vocal-range.com
4267,欅坂46,サイレントマジョリティー,mid1G,hiC#,hiC,vocal-range.com
5840,欅坂46,夏の花は向日葵だけじゃない,mid2A,hiD#,hiF,vocal-range.com
5190,氣志團,One Night Carnival,mid1F#,hiA,,vocal-range.com
2676,水曜日のカンパネラ,エジソン,mid2B,hiA,hiC#,voice-key.news
2677,水曜日のカンパネラ,ティンカーベル,mid2A,hiB,hiB,voice-key.news
2679,水曜日のカンパネラ,一休さん,mid1F#,hiC#,hiE,voice-key.news
2678,水曜日のカンパネラ,桃太郎,mid2A,hiD,hiD,voice-key.news
2680,水曜日のカンパネラ,織姫,mid1G,hiD,,voice-key.news
3453,水樹奈々,COSMIC LOVE,mid2A,hiC#,hiE,voice-key.news
3460,水樹奈々,New Sensation,mid1G#,hiD#,,voice-key.news
3470,水樹奈々,ONE,mid2A,hiB,,voice-key.news
3463,水樹奈々,POP MASTER,mid1F,hiD,hiD,voice-key.news
3461,水樹奈々,POWER GATE,mid2A#,hiD#,,voice-key.news
3462,水樹奈々,Pray,mid2A,hiC#,hiD#,voice-key.news
3468,水樹奈々,ROMANCERS' NEO,mid2A,hiD,hiF,voice-key.news
3467,水樹奈々,Rock you baby!,mid2B,hiC#,,voice-key.news
3457,水樹奈々,STARTING NOW,mid2E,hiF,,voice-key.news
3469,水樹奈々,WILD EYES,mid2A#,hiC#,,voice-key.news
3451,水樹奈々,innocent starter,mid1G,hiD,hiD,voice-key.news
3450,水樹奈々,アオイイロ,mid2B,hiC#,hiF#,voice-key.news
3459,水樹奈々,嘆きの華,mid1F#,hiD#,hiE,voice-key.news
3464,水樹奈々,夢幻,mid2A,hiD,hiE,voice-key.news
3458,水樹奈々,沈黙の果実,mid1G#,hiD#,hiF#,voice-key.news
3456,水樹奈々,深愛,mid1G#,hiD#,hiF,voice-key.news
3466,水樹奈々,理想論,mid2A,hiD#,hiF,voice-key.news
3452,水樹奈々,笑顔の行方,mid2C,hiD,,voice-key.news
3465,水樹奈々,約束,mid1G,hiD,hiE,voice-key.news
3455,水樹奈々,純潔パラドックス,mid1F#,hiD,hiE,voice-key.news
3454,水樹奈々,結界,mid1G,hiE,hiF#,voice-key.news
6318,氷川きよし,限界突破×サバイバー,mid1F#,mid2F#,,vocal-range.com
5726,河村隆一,Love is…,mid1C#,mid2G,,vocal-range.com
5006,泣き虫☔︎,トーキョーワンダー。,mid1C,mid2D,,vocal-range.com
3236,浜崎あゆみ,BLUE BIRD,mid1F#,hiC#,,voice-key.news
3240,浜崎あゆみ,Dearest,mid2C#,hiD#,,voice-key.news
3238,浜崎あゆみ,M,mid1G,hiD#,,voice-key.news
3237,浜崎あゆみ,SEASONS,mid2C,hiC#,hiD#,voice-key.news
3239,浜崎あゆみ,Voyage,mid1G#,hiD#,,voice-key.news
3241,浜崎あゆみ,vogue,mid2B,hiC#,,voice-key.news
5493,浜田省吾,悲しみは雪のように,mid1D,mid2G,,vocal-range.com
6006,浦島太郎(桐谷健太),海の声,mid1B,mid2F,,vocal-range.com
2285,海援隊,さよならに さよなら,mid1B,mid2D,,voice-key.news
2282,海援隊,人として,mid1D,mid2E,,voice-key.news
2281,海援隊,思えば遠くへ来たもんだ,mid1C#,mid2F,,voice-key.news
2283,海援隊,新しい人へ,mid1A,mid2C,,voice-key.news
2284,海援隊,私のなかの銀河,lowG,mid2G,,voice-key.news
2280,海援隊,贈る言葉,mid1C,mid2D,,voice-key.news
6334,涼宮ハルヒ[CV平野綾],Lost my music,mid2B,hiE,,vocal-range.com
4435,清水翔太,Curtain Call feat.Taka,mid1E,hiA,,vocal-range.com
2555,清水翔太,DREAM,mid1D#,mid2G#,,voice-key.news
2568,清水翔太,FIRE,mid1C,hiA,,voice-key.news
2567,清水翔太,Forget-me-not,mid1A#,mid2G#,,voice-key.news
2559,清水翔太,GOODBYE,mid1C,hiA,mid2G,voice-key.news
2562,清水翔太,HOME,mid1G,hiA#,hiA,voice-key.news
2561,清水翔太,My Treasure,mid1F#,hiA,hiA,voice-key.news
4228,清水翔太,PUZZLE,mid1B,hiB,hiF#,vocal-range.com
2549,清水翔太,SNOW SMILE,mid1F#,mid2F#,,voice-key.news
2564,清水翔太,Shower,mid1D,mid2G,hiB,voice-key.news
2569,清水翔太,YOU&I,mid1E,mid2G#,,voice-key.news
2565,清水翔太,milk tea,mid1A#,mid2G,hiA#,voice-key.news
2553,清水翔太,「アイシテル」,mid1E,hiB,hiB,voice-key.news
2560,清水翔太,さよならこの夏に,mid1D,mid2G,,voice-key.news
2552,清水翔太,ナツノオワリ,mid1D#,mid2G#,mid2G#,voice-key.news
2557,清水翔太,レイニーブルー,mid1E,hiC#,,voice-key.news
2551,清水翔太,側に,mid1C,mid2G#,,voice-key.news
2563,清水翔太,冬が終わる前に,mid1C,hiA,hiC,voice-key.news
2566,清水翔太,化粧,mid1D#,mid2G#,,voice-key.news
2556,清水翔太,君が好き,mid1G,hiA#,hiC,voice-key.news
2550,清水翔太,君が暮らす街,mid1F,mid2G,,voice-key.news
2570,清水翔太,君の声,mid1C#,mid2G#,,voice-key.news
2558,清水翔太,桜,mid1D,mid2G,hiB,voice-key.news
5625,清水翔太,花束のかわりにメロディーを,mid1D#,mid2G#,hiC#,vocal-range.com
2578,湘南乃風,はなび,mid1D#,hiA#,,voice-key.news
2582,湘南乃風,ガチ桜,mid1F#,mid2G#,,voice-key.news
2576,湘南乃風,一期一会,mid1F,mid2G,,voice-key.news
2577,湘南乃風,大きくなったら,mid1F#,mid2F#,,voice-key.news
2580,湘南乃風,応援歌,mid1F,mid2G,hiA#,voice-key.news
2579,湘南乃風,恋時雨,mid1F,hiA#,hiC#,voice-key.news
2575,湘南乃風,曖歌,mid1F#,mid2G#,,voice-key.news
2572,湘南乃風,睡蓮花,mid1F,mid2G#,,voice-key.news
2571,湘南乃風,純恋歌,mid1F#,mid2G#,,voice-key.news
2581,湘南乃風,覇王樹,mid1F#,mid2G#,,voice-key.news
2573,湘南乃風,雪月花,mid1B,hiA,,voice-key.news
2574,湘南乃風,黄金魂,mid1G#,hiA#,,voice-key.news
4339,焚吐×みやかわくん,神風エクスプレス,mid1D,mid2G#,hiA#,vocal-range.com
2717,猿岩石,白い雲のように,mid1E,mid2D,,voice-key.news
4916,獅子志司,絶え間なく藍色,mid1F,mid2G,hiD#,vocal-range.com
2795,玉置浩二,あなたに,lowF#,mid2E,,voice-key.news
2800,玉置浩二,いつもどこかで,mid1B,hiA,,voice-key.news
2792,玉置浩二,サーチライト,lowG,mid2G#,,voice-key.news
2798,玉置浩二,ファンファーレ,mid1C,mid2F,,voice-key.news
2791,玉置浩二,メロディー,mid1C#,mid2F#,mid2F#,voice-key.news
2796,玉置浩二,ワインレッドの心,mid1C#,mid2F,,voice-key.news
2801,玉置浩二,夏の終りのハーモニー,mid1A,mid2E,,voice-key.news
2794,玉置浩二,恋の予感,mid1A#,mid2F,,voice-key.news
2802,玉置浩二,悲しみにさよなら,mid1A,mid2E,,voice-key.news
2797,玉置浩二,正義の味方,mid1E,hiA,,voice-key.news
2790,玉置浩二,田園,mid1D,mid2E,,voice-key.news
2799,玉置浩二,碧い瞳のエリス,mid1B,mid2D,,voice-key.news
2793,玉置浩二,行かないで,mid1F#,,hiC#,voice-key.news
3908,理芽,食虫植物,mid2C#,hiB,hiD#,vocal-range.com
1756,瑛人,シンガーソングライターの彼女,mid1D,mid2G#,,voice-key.news
1757,瑛人,ライナウ,mid1E,mid2G,,voice-key.news
1755,瑛人,君の愛と僕の愛,mid1D,mid2G,,voice-key.news
1754,瑛人,香水,mid1A#,mid2G#,,voice-key.news
4462,由薫,星月夜,mid1F#,hiB,hiD,vocal-range.com
5461,百足＆韻マン,君のまま,lowD,mid2E,,vocal-range.com
2685,相対性理論,LOVEずっきゅん,mid2A,hiB,,voice-key.news
2682,相対性理論,マイハートハードピンチ,mid1G,hiB,,voice-key.news
2684,相対性理論,地獄先生,mid2C#,hiC#,,voice-key.news
2683,相対性理論,気になるあの娘,mid2B,hiB,hiD,voice-key.news
5488,相川七瀬,夢見る少女じゃいられない,mid2B,hiC#,,vocal-range.com
1897,石崎ひゅーい,HERO,mid1B,hiB,,voice-key.news
1894,石崎ひゅーい,さよならエレジー,mid1D#,hiA#,,voice-key.news
1898,石崎ひゅーい,ピリオド,mid1C,hiA#,,voice-key.news
1895,石崎ひゅーい,ワスレガタキ,mid1D,hiA,hiA,voice-key.news
1896,石崎ひゅーい,花瓶の花,mid1D#,mid2G,hiE,voice-key.news
6396,石川智晶,アンインストール,mid1F,hiD#,,vocal-range.com
4197,神が残した夢を喰う。,雨,mid1C,hiC#,hiD#,vocal-range.com
2027,神はサイコロを振らない,1on1,mid1G,hiA#,hiA#,voice-key.news
2024,神はサイコロを振らない,イリーガル・ゲーム,mid1E,mid2G,hiC,voice-key.news
2029,神はサイコロを振らない,クロノグラフ彗星,mid1E,hiA,hiA,voice-key.news
2022,神はサイコロを振らない,タイムファクター,mid1B,mid2G,,voice-key.news
5385,神はサイコロを振らない,修羅の巷,lowF#,hiA,hiC#,vocal-range.com
2020,神はサイコロを振らない,夜永唄,mid1B,mid2G#,hiC#,voice-key.news
2026,神はサイコロを振らない,巡る巡る,mid1A#,mid2G#,hiA#,voice-key.news
2025,神はサイコロを振らない,未来永劫,mid1A,hiA,,voice-key.news
2021,神はサイコロを振らない,泡沫花火,mid1F,mid2G#,hiA#,voice-key.news
2028,神はサイコロを振らない,目蓋,mid1F#,mid2E,mid2G#,voice-key.news
2023,神はサイコロを振らない,胡蝶蘭,mid1E,mid2F#,hiA,voice-key.news
2255,神山羊,Laundry,mid1D,mid2E,mid2G,voice-key.news
2253,神山羊,YELLOW,mid1A,mid2F#,,voice-key.news
2254,神山羊,群青,mid1E,hiA,hiA,voice-key.news
2252,神山羊,色香水,mid1D,mid2E,mid2G,voice-key.news
2009,神様、僕は気づいてしまった,CQCQ,mid1D,hiE,,voice-key.news
2015,神様、僕は気づいてしまった,TOKIO LIAR,mid1F,hiD,,voice-key.news
2019,神様、僕は気づいてしまった,UNHAPPY CLUB,mid1D,hiD,,voice-key.news
2014,神様、僕は気づいてしまった,だから僕は不幸に縋っていました,mid1D#,hiD#,,voice-key.news
2011,神様、僕は気づいてしまった,わたしの命を抉ってみせて,mid1F,hiC#,,voice-key.news
2016,神様、僕は気づいてしまった,ストレイシープ,mid1C#,hiD,,voice-key.news
2012,神様、僕は気づいてしまった,僕の手に触れるな,mid1D#,hiC#,,voice-key.news
2013,神様、僕は気づいてしまった,匿名,mid1C#,hiC#,,voice-key.news
2010,神様、僕は気づいてしまった,名前のない青,mid2A#,hiD#,hiD#,voice-key.news
2017,神様、僕は気づいてしまった,大人になってゆくんだね,mid1B,hiD,,voice-key.news
2018,神様、僕は気づいてしまった,天罰有れかしと願う,mid1F,hiF#,,voice-key.news
6109,神田沙也加,LIBERTY,mid1D#,hiC#,hiD#,vocal-range.com
5259,神聖かまってちゃん,フロントメモリー feat. ACAね(ずっと真夜中でいいのに。),mid2A,hiF#,hihiB,vocal-range.com
3259,福山雅治,Beautiful life,lowG#,mid2D#,mid2F#,voice-key.news
3271,福山雅治,GLOAMING WAY,mid1B,mid2E,,voice-key.news
3269,福山雅治,HEART,mid1C#,mid2E,,voice-key.news
3258,福山雅治,HELLO,mid1D#,mid2F#,,voice-key.news
3256,福山雅治,MELODY,mid1E,mid2F#,,voice-key.news
6314,福山雅治,Message,mid1C#,mid2E,,vocal-range.com
3270,福山雅治,Peach!!,mid1A,mid2E,,voice-key.news
3268,福山雅治,squall,lowE,mid2E,mid2E,voice-key.news
3273,福山雅治,ただ僕がかわった,mid1D#,mid2E,,voice-key.news
3266,福山雅治,ひまわり,mid1D,mid2D,,voice-key.news
3262,福山雅治,勝手にしやがれ,mid1A,mid2E,,voice-key.news
3267,福山雅治,友よ,mid1F#,mid2F#,,voice-key.news
3254,福山雅治,家族になろうよ,lowG#,mid2E,,voice-key.news
3260,福山雅治,巻き戻した夏,mid1C#,mid2D#,,voice-key.news
3261,福山雅治,恋人,mid1D,mid2E,,voice-key.news
4970,福山雅治,想望,lowF#,mid2D#,hiA#,vocal-range.com
3272,福山雅治,明日へのマーチ,mid1G,mid2E,,voice-key.news
3274,福山雅治,東京,lowD,mid2D,mid2F,voice-key.news
3257,福山雅治,東京にもあったんだ,lowG#,mid2D#,,voice-key.news
3253,福山雅治,桜坂,mid1D,mid2F#,,voice-key.news
3263,福山雅治,生きてる生きてく,lowG,mid2F,,voice-key.news
3255,福山雅治,虹,mid1A,mid2E,hiA,voice-key.news
3265,福山雅治,追憶の雨の中,mid1E,mid2F#,,voice-key.news
3264,福山雅治,風をさがしてる,mid1C#,mid2F#,,voice-key.news
1693,秋山黄色,Caffeine,mid1C#,hiB,hiA#,voice-key.news
1700,秋山黄色,やさぐれカイドー,mid1E,hiC#,,voice-key.news
6335,秋山黄色,アイデンティティ,mid1D#,hiC,hiC,vocal-range.com
1701,秋山黄色,エニーワン・ノスタルジー,mid1F,hiC,hiC#,voice-key.news
1699,秋山黄色,クソフラペチーノ,mid1F,hiA#,,voice-key.news
1698,秋山黄色,クラッカー・シャドー,mid1A#,hiA#,hiA#,voice-key.news
1696,秋山黄色,サーチライト,mid1A#,hiC,hiD#,voice-key.news
4560,秋山黄色,シャッターチャンス,mid1F#,hiC,hiC,vocal-range.com
4731,秋山黄色,ナイトダンサー,mid1A#,hiB,hiE,vocal-range.com
1694,秋山黄色,モノローグ,mid1A,hiC,hiB,voice-key.news
1697,秋山黄色,夕暮れに映して,mid1D#,mid2G#,hiC#,voice-key.news
1695,秋山黄色,夢の礫,lowG,hiA#,hiC,voice-key.news
6145,秋山黄色,猿上がりシティーポップ,mid1B,hiB,,vocal-range.com
3114,秦基博,70億のピース,mid1A,hiA,hiB,voice-key.news
3122,秦基博,Girl,mid1F,mid2G#,hiA#,voice-key.news
4853,秦基博,Halation,mid1C#,hiA,hiC,vocal-range.com
3129,秦基博,Q&A,mid1F#,hiA,hiB,voice-key.news
3120,秦基博,Rain,mid1C#,mid2E,,voice-key.news
3111,秦基博,ひまわりの約束,mid1D#,hiA#,hiA#,voice-key.news
3124,秦基博,アイ,mid1D,hiA,mid2F#,voice-key.news
3125,秦基博,グッバイ・アイザック,mid1E,hiA,hiC#,voice-key.news
3118,秦基博,シンクロ,mid1E,hiB,hiD,voice-key.news
3126,秦基博,スミレ,mid1E,hiB,,voice-key.news
3119,秦基博,仰げば青空,mid1D,hiA,,voice-key.news
3130,秦基博,僕らを繋ぐもの,mid1B,hiB,,voice-key.news
3133,秦基博,夕凪の街,mid1D,hiA,mid2G,voice-key.news
3127,秦基博,新しい歌,mid1D,hiC,,voice-key.news
3116,秦基博,朝が来る前に,mid1C,mid2G#,hiC,voice-key.news
3128,秦基博,水彩の月,mid1F,mid2G#,hiA#,voice-key.news
3112,秦基博,水無月,mid1G,hiA,hiB,voice-key.news
6342,秦基博,泣き笑いのエピソード,mid1D,mid2G,,vocal-range.com
3131,秦基博,終わりのない空,mid1C,mid2G,,voice-key.news
3134,秦基博,美しい汚れ,mid1D#,mid2G#,mid2G#,voice-key.news
3121,秦基博,聖なる夜の贈り物,mid1B,hiA,hiB,voice-key.news
3132,秦基博,花,mid1D,hiA,,voice-key.news
3115,秦基博,虹が消えた日,mid1D#,hiA#,,voice-key.news
3117,秦基博,言ノ葉,lowF,hiA,hiB,voice-key.news
3123,秦基博,透明だった世界,mid1G,hiB,,voice-key.news
3113,秦基博,青い蝶,mid1E,hiB,hiC#,voice-key.news
3110,秦基博,鱗,mid1C#,hiB,,voice-key.news
1937,稲垣潤一,クリスマスキャロルの頃には,mid1D#,mid2G#,,voice-key.news
1938,稲垣潤一,ドラマティック・レイン,mid1D,hiA,,voice-key.news
5402,稲葉浩志,羽,mid1G,hiB,,vocal-range.com
4311,空音,Hug feat. kojikoji,mid1B,mid2E,,vocal-range.com
6261,童謡,犬のおまわりさん,mid2B,hiD,,vocal-range.com
4323,篠原涼子,恋しさと せつなさと 心強さと,mid2B,hiD,,vocal-range.com
342,米津玄師,Azalea,mid1C#,mid2F#,hiA#,voice-key.news
344,米津玄師,BOW AND ARROW,mid1D,hiA,hiC#,voice-key.news
343,米津玄師,Blue Jasmine,mid1D#,mid2G#,,voice-key.news
346,米津玄師,Décolleté,mid1A#,hiA,mid2G,voice-key.news
347,米津玄師,Flamingo,mid1D,hiA,,voice-key.news
348,米津玄師,Flowerwall,mid1C,mid2G,,voice-key.news
349,米津玄師,IRIS OUT,lowG#,hiA,hiB,voice-key.news
350,米津玄師,KARMA CITY,mid1A#,mid2F,hiA#,voice-key.news
351,米津玄師,KICK BACK,mid1E,hiA#,,voice-key.news
352,米津玄師,LADY,mid1D,hiA,hiB,voice-key.news
354,米津玄師,LOSER,mid1C#,hiA#,,voice-key.news
353,米津玄師,Lemon,mid1B,hiB,hiB,voice-key.news
355,米津玄師,MAD HEAD LOVE,mid1D,mid2G,,voice-key.news
4597,米津玄師,M八七,mid1C#,hiA,hiB,vocal-range.com
5755,米津玄師,Neon Sign,mid1C#,mid2F#,hiA#,vocal-range.com
356,米津玄師,Nighthawks,mid1C,hiA,,voice-key.news
360,米津玄師,PLACEBO + 野田洋次郎,mid1C#,mid2G#,,voice-key.news
362,米津玄師,POP SONG,mid1D,mid2G,hiA,voice-key.news
358,米津玄師,Pale Blue,mid1D,hiA,hiC#,voice-key.news
359,米津玄師,Paper Flower,lowG#,mid2G#,hiA,voice-key.news
361,米津玄師,Plazma,mid1C,mid2G,hiC,voice-key.news
363,米津玄師,RED OUT,mid1A,hiA,,voice-key.news
364,米津玄師,TEENAGE RIOT,mid1B,hiB,,voice-key.news
365,米津玄師,TOXIC BOY,mid1D,mid2F#,hiB,voice-key.news
6083,米津玄師,Undercover,mid1C#,mid2G#,hiA#,vocal-range.com
367,米津玄師,WOODEN DOLL,mid1D#,mid2G,hiC,voice-key.news
345,米津玄師,caribou,mid1A,mid2E,,voice-key.news
6409,米津玄師,orion,mid1D,hiA#,hiA#,vocal-range.com
366,米津玄師,vivi,mid1A#,mid2F,mid2G#,voice-key.news
369,米津玄師,あたしはゆうれい,mid1C,mid2F#,mid2G#,voice-key.news
371,米津玄師,かいじゅうのマーチ,mid1B,mid2G#,hiA,voice-range.com
374,米津玄師,がらくた,mid1C#,mid2G,hiB,voice-key.news
377,米津玄師,こころにくだもの,mid1D#,mid2G#,,voice-key.news
5559,米津玄師,ごめんね,mid1A,hiA,,vocal-range.com
378,米津玄師,さよーならまたいつか！,mid1D,mid2G,hiD,voice-key.news
380,米津玄師,しとど晴天大迷惑,mid1D,mid2G,mid2G,voice-key.news
382,米津玄師,でしょましょ,lowF#,mid2G,,voice-key.news
387,米津玄師,ひまわり,mid1E,hiA,,voice-key.news
391,米津玄師,まちがいさがし,lowG,hiA,,voice-key.news
395,米津玄師,ゆめうつつ,mid1C,mid2G,hiA#,voice-key.news
5102,米津玄師,ゆめくいしょうじょ,mid1D,hiA,,vocal-range.com
368,米津玄師,アイネクライネ,mid1C#,mid2G#,mid2G#,voice-key.news
370,米津玄師,アンビリーバーズ,mid1A#,mid2G#,hiA#,voice-key.news
372,米津玄師,カナリヤ,mid1C,hiA,hiD,voice-key.news
373,米津玄師,カムパネルラ,mid1D,hiB,hiB,voice-key.news
375,米津玄師,クランベリーとパンケーキ,lowG,mid2G,,voice-key.news
376,米津玄師,ゴーゴー幽霊船,mid1A#,mid2G,hiA#,voice-key.news
379,米津玄師,サンタマリア,mid1B,mid2F#,hiC#,voice-key.news
381,米津玄師,シンデレラグレイ,mid1D,mid2G,hiA#,voice-key.news
383,米津玄師,トイパトリオット,mid1C#,mid2F#,,voice-key.news
384,米津玄師,ナンバーナイン,mid1D,mid2G,hiB,voice-key.news
385,米津玄師,パプリカ(米津玄師),mid1D,mid2F#,hiB,voice-key.news
386,米津玄師,ピースサイン,mid1D,mid2G#,,voice-key.news
388,米津玄師,フローライト,mid1D,mid2G,mid2G#,voice-key.news
390,米津玄師,ホラ吹き猫野郎,mid1C#,mid2F,hiA#,voice-key.news
389,米津玄師,ポッピンアパシー,mid1D#,mid2F#,mid2G#,voice-key.news
392,米津玄師,ミラージュソング,mid1E,mid2G#,,voice-key.news
393,米津玄師,メトロノーム,mid1D,mid2G,hiC,voice-key.news
394,米津玄師,メランコリーキッチン,mid1E,mid2F#,hiA,voice-key.news
396,米津玄師,リビングデッド・ユース,mid1F#,mid2G,hiB,voice-key.news
414,米津玄師,優しい人,mid1C#,mid2F#,hiB,voice-key.news
5330,米津玄師,地球儀,mid1C,mid2G,hiA#,vocal-range.com
405,米津玄師,心像放映,mid1D#,mid2F,,voice-key.news
415,米津玄師,恋と病熱,mid1B,mid2F#,mid2G,voice-key.news
5501,米津玄師,恥ずかしくってしょうがねえ,lowE,mid2F,hiC,vocal-range.com
400,米津玄師,感電,mid1B,mid2G#,hiC#,voice-key.news
406,米津玄師,打上花火(DAOKO),mid1A#,hiD#,,voice-key.news
407,米津玄師,打上花火(米津玄師),mid1C,hiA,,voice-key.news
404,米津玄師,春雷,mid1C,mid2G#,,voice-key.news
5369,米津玄師,月を見ていた,mid1A,mid2G,hiD,vocal-range.com
403,米津玄師,死神,lowG,mid2G,hiA,voice-key.news
412,米津玄師,毎日,mid1B,mid2G#,hiC#,voice-key.news
398,米津玄師,海の幽霊,mid1C#,hiA,hiE,voice-key.news
6069,米津玄師,灰色と青（＋菅田将暉）,mid1B,hiA,,vocal-range.com
417,米津玄師,爱丽丝,mid1D,mid2G#,,voice-key.news
401,米津玄師,眼福,mid1E,mid2F#,hiB,voice-key.news
402,米津玄師,砂の惑星,mid1D#,mid2G#,,voice-key.news
416,米津玄師,翡翠の狼,mid1D#,hiA#,,voice-key.news
6212,米津玄師,花に嵐,mid1D,mid2G#,hiA#,vocal-range.com
413,米津玄師,迷える羊,mid1C,mid2G,hiC,voice-key.news
397,米津玄師,雨と山椒魚,mid1C,mid2G,hiA,voice-key.news
5675,米津玄師,雨の街路に夜光蟲,mid1C#,mid2G#,hiA#,vocal-range.com
411,米津玄師,飛燕,mid1D,hiA,,voice-key.news
410,米津玄師,馬と鹿,mid1C,hiA#,hiA#,voice-key.news
408,米津玄師,駄菓子屋商売,mid1C#,mid2F#,hiC#,voice-key.news
409,米津玄師,鳥にでもなりたい,mid1D,mid2F,mid2G,voice-key.news
4025,"米津玄師, 宇多田ヒカル",JANE DOE,mid1C#,hiD,hiD,vocal-range.com
5101,米津玄師【ハチ】,ドーナツホール,mid1B,mid2G,,vocal-range.com
5100,米津玄師【ハチ】,マトリョシカ,mid1C,mid2E,,vocal-range.com
5992,米津玄師,打上花火,mid1C,hiA,,vocal-range.com
3919,米米CLUB,浪漫飛行,lowG#,mid2G,,vocal-range.com
4978,粗品,はるばらぱれ,mid1D#,mid2F,,vocal-range.com
4979,粗品,乱数調整のリバースシンデレラ feat. 彩宮すう,mid2A,hiC#,hiC#,vocal-range.com
2611,純烈,スターライト札幌,mid1C,mid2D#,,voice-key.news
2610,純烈,プロポーズ,mid1D,mid2G,,voice-key.news
2612,純烈,夢みた果実,mid1B,mid2F#,,voice-key.news
5267,結束バンド,Distortion!!,mid2A,hiC#,hiD#,vocal-range.com
4410,結束バンド,UNITE,mid1E,hiD,hiE,vocal-range.com
5468,結束バンド,あのバンド,mid1G,hiD,hiC,vocal-range.com
4809,結束バンド,なにが悪い,mid2A,hiD,hiE,vocal-range.com
5445,結束バンド,ひとりぼっち東京,mid2A,hiC,,vocal-range.com
5137,結束バンド,ひみつ基地,mid2B,hiC#,hiC#,vocal-range.com
5467,結束バンド,カラカラ,mid1G#,hiC#,hiE,vocal-range.com
4797,結束バンド,ギターと孤独と蒼い惑星,mid1E,hiD#,,vocal-range.com
4742,結束バンド,ドッペルゲンガー,mid2A,hiC,hiD,vocal-range.com
4321,結束バンド,フラッシュバッカー,mid1G#,hiC#,hiC#,vocal-range.com
4859,結束バンド,今、僕、アンダーグラウンドから,mid1G,hiE,hiE,vocal-range.com
5392,結束バンド,光の中へ,mid1G,hiD#,hiF,vocal-range.com
4255,結束バンド,夢を束ねて,mid2A#,hiB,hiD,vocal-range.com
4941,結束バンド,小さな海,mid1G,hiC,hiD,vocal-range.com
5376,結束バンド,忘れてやらない,mid2B,hiC#,hiC#,vocal-range.com
5466,結束バンド,星座になれたら,mid1G#,hiC,hiC#,vocal-range.com
4883,結束バンド,月並みに輝け,mid2A#,hiC#,hiD#,vocal-range.com
5487,結束バンド,転がる岩、君に朝が降る,mid1G,hiA,hiD,vocal-range.com
4762,結束バンド,青春コンプレックス,mid2A,hiC#,hiC,vocal-range.com
1666,絢香,HIKARI,mid1G#,hiC#,hiD#,voice-key.news
1660,絢香,I LOVE YOU,mid2A,hiD,hiE,voice-key.news
1669,絢香,I believe,mid1G,hiC,hiD,voice-key.news
1662,絢香,Jewelry day,mid2A,hiB,hiD,voice-key.news
1664,絢香,Real voice,mid2A,hiC,hiD,voice-key.news
1661,絢香,melody,mid1F#,hiD#,,voice-key.news
1663,絢香,あいことば,mid1F,hiC,hiD,voice-key.news
1655,絢香,おかえり,mid2A,hiD,hiE,voice-key.news
1656,絢香,にじいろ,mid1F#,hiB,hiD,voice-key.news
1668,絢香,はじまりのとき,mid1G,hiC,hiF,voice-key.news
1658,絢香,みんな空の下,mid1E,hiD,hiE,voice-key.news
1657,絢香,サクラ,mid1D#,hiA#,hiD,voice-key.news
1667,絢香,ツヨク想う,mid2D#,hiC#,hiF,voice-key.news
1665,絢香,ロビンソン,mid1G,hiC,hiD,voice-key.news
1659,絢香,三日月,mid2B,hiD,hiD,voice-key.news
3772,緑黄色社会,Alice,mid1G#,hiC,hiD#,voice-key.news
3777,緑黄色社会,Mela!,mid1G#,hiC#,hiF,voice-key.news
4239,緑黄色社会,PLAYER 1,mid1F#,hiE,hiF#,vocal-range.com
3767,緑黄色社会,Shout Baby,mid1D,hiC,hiE,voice-key.news
3766,緑黄色社会,sabotage,mid1G,hiD,hiD#,voice-key.news
3775,緑黄色社会,あのころ見た光,mid2A#,hiC#,hiF,voice-key.news
3776,緑黄色社会,にちようび,mid2A,hiC#,hiD,voice-key.news
3768,緑黄色社会,またね,mid1G,hiD,hiD,voice-key.news
4582,緑黄色社会,キャラクター,mid2A,hiD,hiD,vocal-range.com
5301,緑黄色社会,サマータイムシンデレラ,mid1G,hiD,hiE,vocal-range.com
3774,緑黄色社会,リトルシンガー,mid1G#,hiC#,hiD#,voice-key.news
3770,緑黄色社会,幸せ,mid1F#,hiC,hiE,voice-key.news
3773,緑黄色社会,恋って,mid1G#,hiC#,hiF,voice-key.news
4851,緑黄色社会,恥ずかしいか青春は,mid1F,hiD#,hiD#,vocal-range.com
3769,緑黄色社会,想い人,mid1F#,hiD#,hiD#,voice-key.news
3771,緑黄色社会,真夜中ドライブ,mid2C#,hiC#,hiF,voice-key.news
6370,緑黄色社会,結証,mid2A#,hiC#,hiD#,vocal-range.com
4884,緑黄色社会,花になって,mid2A,hiD,hiD#,vocal-range.com
5551,羊文学,1999,mid1E,hiB,hiE,vocal-range.com
4566,羊文学,Burning,mid1F,hiC#,hiF,vocal-range.com
4474,羊文学,more than words,mid1C#,hiC#,hiG#,vocal-range.com
4732,羊文学,あいまいでいいよ,mid1F,hiB,hiD#,vocal-range.com
5552,羊文学,光るとき,mid1F#,hiB,hiE,vocal-range.com
3579,美川憲一,さそり座の女,mid1A,mid2C,,voice-key.news
3581,美川憲一,新潟ブルース,lowF,mid2C#,,voice-key.news
3580,美川憲一,柳ヶ瀬ブルース,lowF#,mid2D,,voice-key.news
3560,美波,DROP,mid1F,hiF,hiF,voice-key.news
6320,美波,main actor,mid1F#,hiF#,hihiA,vocal-range.com
3562,美波,この街に晴れはこない,mid1F,hiD#,,voice-key.news
3559,美波,アメヲマツ、,mid1F,hiF,hiF,voice-key.news
3557,美波,カワキヲアメク,mid1F#,hiE,hiE,voice-key.news
3563,美波,フライハイト,mid1F,hiC#,,voice-key.news
3558,美波,ライラック,mid1G,hiE,hiG,voice-key.news
3561,美波,君と僕の154小節戦争,mid1G#,hiD,,voice-key.news
2933,舘ひろし,口紅,lowG,mid2A#,,voice-key.news
2931,舘ひろし,朝まで踊ろう,mid1G#,mid2F,,voice-key.news
2932,舘ひろし,泣かないで,mid1A#,mid2C,,voice-key.news
4894,舟津真翔,一目惚れ,mid1E,hiA,,vocal-range.com
4675,花譜,過去を喰らう,mid2A#,hiD#,hiG,vocal-range.com
2394,菅田将暉,TONE BENDER LOVE,mid1F#,mid2G#,,voice-key.news
2391,菅田将暉,あいつとその子,lowG#,mid2F#,,voice-key.news
2385,菅田将暉,いいんだよ、きっと,mid1A,hiA,,voice-key.news
2379,菅田将暉,さよならエレジー,mid1C#,mid2G#,,voice-key.news
2378,菅田将暉,まちがいさがし,mid1A,hiB,hiB,voice-key.news
2390,菅田将暉,ゆらゆら,mid1A#,hiA#,,voice-key.news
5967,菅田将暉,キスだけで feat. あいみょん,mid1C,hiA,hiA,vocal-range.com
2395,菅田将暉,クローバー,mid1A#,hiA#,,voice-key.news
2386,菅田将暉,スプリンター,lowG,mid2G,,voice-key.news
2387,菅田将暉,ドラス,mid1F#,mid2F#,,voice-key.news
2388,菅田将暉,ピンクのアフロにアザールをかけて,mid1E,hiA,,voice-key.news
2392,菅田将暉,ベイビィ,lowD,mid2E,,voice-key.news
5271,菅田将暉,ユアーズ,mid1D,hiA,hiA,vocal-range.com
5707,菅田将暉,ラストシーン,mid1C#,hiA,,vocal-range.com
2381,菅田将暉,ロングホープ・フィリア,mid1A,mid2G,mid2G#,voice-key.news
2389,菅田将暉,台詞,mid1D,mid2G,,voice-key.news
2384,菅田将暉,呼吸,mid1B,hiB,,voice-key.news
6358,菅田将暉,星を仰ぐ,mid1A#,mid2G#,hiC#,vocal-range.com
2380,菅田将暉,虹,mid1C,hiA,,voice-key.news
2383,菅田将暉,見たこともない景色,mid1D,hiA,,voice-key.news
2382,菅田将暉,雨が上がる頃に,mid1G#,hiA#,,voice-key.news
2393,菅田将暉,風になっていく,mid1D#,mid2F#,,voice-key.news
6257,菅田将暉×中村倫也,サンキュー神様,mid1D,hiA#,hiA#,vocal-range.com
6258,菅田将暉×石崎ひゅーい,糸,mid1D#,mid2G#,,vocal-range.com
4679,華原朋美,Hate tell a lie,mid2E,hiE,,vocal-range.com
4799,藍井エイル,心臓,mid1G,hiC#,,vocal-range.com
4678,藍井エイル,流星,mid1G,hiE,hiE,vocal-range.com
4826,藤井風,Feelin' Go(o)d,mid1C,hiA,,vocal-range.com
4075,藤井風,Hachikō,mid1A#,mid2F#,hiC,vocal-range.com
5199,藤井風,やば。,mid1B,mid2G#,hiC#,vocal-range.com
5339,藤井風,ガーデン,mid1B,hiA#,hiA#,vocal-range.com
5503,藤井風,何なんw,mid1A,hiA,,vocal-range.com
5745,藤井風,帰ろう,mid1C,hiA,hiA,vocal-range.com
5028,藤井風,満ちてゆく,lowF#,mid2F#,mid2F,vocal-range.com
4293,藤井風,真っ白,mid1C,mid2F,mid2G,vocal-range.com
4294,藤井風,花,mid1C,mid2G#,hiC,vocal-range.com
4933,藤井フミヤ,TRUE LOVE,lowG#,mid2F,mid2F,vocal-range.com
4356,藤井風,Workin' Hard,lowD,hiA,,vocal-range.com
5401,藤井風,damn,mid1D,hiA#,hiB,vocal-range.com
4763,藤井風,grace,mid1B,mid2G,hiA#,vocal-range.com
5228,藤井風,きらり,mid1A,mid2F#,hiB,vocal-range.com
1163,藤井風,さよならべいべ,mid1C#,mid2G,mid2F#,voice-key.news
1168,藤井風,へでもねーよ,mid1A,hiA,mid2G,voice-key.news
4541,藤井風,まつり,lowG#,mid2G#,mid2G#,vocal-range.com
1162,藤井風,もうええわ,mid1B,mid2G,mid2G,voice-key.news
1164,藤井風,キリがないから,mid1B,mid2F#,,voice-key.news
1161,藤井風,優しさ,lowG,mid2G#,mid2F#,voice-key.news
1169,藤井風,旅路,mid1B,mid2F#,mid2G#,voice-key.news
1170,藤井風,死ぬのがいいわ,lowF#,mid2G,hiB,voice-key.news
5790,藤井風,燃えよ,mid1D#,hiB,,vocal-range.com
1167,藤井風,特にない,mid1B,mid2E,mid2E,voice-key.news
1165,藤井風,青春病,mid1C#,mid2G#,,voice-key.news
1166,藤井風,風よ,mid1C,mid2G,,voice-key.news
5508,蝶々P,ラブアトミック・トランスファー,mid1F,,,vocal-range.com
5016,西川貴教 with t.komuro,FREEDOM,mid1E,hiA,,vocal-range.com
3081,西田敏行,もしもピアノが弾けたなら,mid1A,mid2E,,voice-key.news
3014,西野カナ,Always,mid2A,hiE,hiF#,voice-key.news
3007,西野カナ,Bedtime Story,mid1G,hiD,,voice-key.news
2998,西野カナ,Best Friend,mid1G,hiD,hiG,voice-key.news
2999,西野カナ,Darling,mid2C,hiD,hiD,voice-key.news
3000,西野カナ,Dear…,mid1F,hiD#,,voice-key.news
4910,西野カナ,GO FOR IT !!,mid2C,hiE,hiF#,vocal-range.com
3011,西野カナ,No.1,mid1F#,hiC#,,voice-key.news
2997,西野カナ,We Don't Stop,mid1G,hiE,hiE,voice-key.news
2996,西野カナ,if,mid2A,hiD#,,voice-key.news
3005,西野カナ,このままで,mid1F#,hiD,hiD#,voice-key.news
3012,西野カナ,さよなら,mid2A,hiE,hiF,voice-key.news
3003,西野カナ,たとえ どんなに…,mid1G#,hiD#,,voice-key.news
3002,西野カナ,もしも運命の人がいるのなら,mid2A,hiD,hiD,voice-key.news
3009,西野カナ,もっと…,mid2B,hiD,hiG,voice-key.news
3010,西野カナ,アイラブユー,mid1G#,hiB,,voice-key.news
2994,西野カナ,トリセツ,mid2A,hiB,hiD,voice-key.news
3927,西野カナ,マジカルスターシャインメイクアップ☆,mid1F,hiD#,hiF,vocal-range.com
2995,西野カナ,会いたくて 会いたくて,mid1G#,hiE,hiD#,voice-key.news
3001,西野カナ,君って,mid1F#,hiE,hiG,voice-key.news
3004,西野カナ,君に会いたくなるから,mid2A,hiE,hiE,voice-key.news
3013,西野カナ,好き,mid2C#,hiC#,hiF,voice-key.news
3008,西野カナ,涙色,mid2C,hiD#,hiG,voice-key.news
3006,西野カナ,私たち,mid2C#,hiD,hiG,voice-key.news
4511,赤い公園,オレンジ,mid1D#,hiC#,,vocal-range.com
1520,赤西仁,Baby,mid1G,hiA#,hiA#,voice-key.news
1518,赤西仁,Eternal,mid1B,hiA#,mid2G,voice-key.news
1521,赤西仁,Love Song,mid1E,mid2G,,voice-key.news
1519,赤西仁,ムラサキ,mid1E,mid2F#,,voice-key.news
4094,超学生,ルーム No.4,mid1C,mid2G#,hiF#,vocal-range.com
4817,辛島美登里,サイレント・イヴ,mid1G#,hiC,,vocal-range.com
3629,遊助,Baby baby,mid1F#,mid2G#,,voice-key.news
3634,遊助,V,mid1D#,mid2G,,voice-key.news
3631,遊助,いちょう,mid1F,mid2G,,voice-key.news
3625,遊助,いるよ,mid1C#,mid2G,hiA#,voice-key.news
3633,遊助,さくら物語,lowG#,mid2F#,,voice-key.news
3626,遊助,たんぽぽ,lowF,mid2G,,voice-key.news
3632,遊助,ひと,mid1B,hiA#,,voice-key.news
3624,遊助,ひまわり,mid1C,mid2F,,voice-key.news
3637,遊助,わんぱく野球バカ,lowF,mid2D,,voice-key.news
3635,遊助,ミツバチ,mid1C,hiA,,voice-key.news
3627,遊助,ライオン,mid1C,hiA,,voice-key.news
3636,遊助,俺なりのラブソング,mid1D#,mid2G#,,voice-key.news
3628,遊助,全部好き。,mid1C,mid2G,,voice-key.news
3630,遊助,雄叫び,mid1F#,mid2G#,,voice-key.news
2270,郷ひろみ,2億4千万の瞳,mid1D,mid2F,,voice-key.news
2271,郷ひろみ,お嫁サンバ,mid1D,mid2F,,voice-key.news
2272,郷ひろみ,哀愁のカサブランカ,mid1B,mid2G,,voice-key.news
2269,郷ひろみ,言えないよ,mid1C#,mid2G,,voice-key.news
2681,鈴木伸之,フタリノリ,mid1F#,mid2F#,,voice-key.news
4864,鈴木鈴木,ホワイトキス,mid1F#,hiA,hiC#,vocal-range.com
6246,鈴木雅之,DADDY! DADDY! DO! feat. 鈴木愛理,mid1D#,mid2G,hiA#,vocal-range.com
2291,銀杏BOYZ,BABY BABY,mid1F,hiC,,voice-key.news
2294,銀杏BOYZ,エンジェルベイビー,mid1D#,hiA#,,voice-key.news
2293,銀杏BOYZ,夢で逢えたら,mid1D,hiA#,,voice-key.news
5224,銀杏BOYZ,少年少女,mid1D,mid2G,,vocal-range.com
2295,銀杏BOYZ,恋は永遠,mid1F,hiA,,voice-key.news
2292,銀杏BOYZ,援助交際,mid1E,hiA,,voice-key.news
4686,銀杏BOYZ,漂流教室,mid1F#,hiA,,vocal-range.com
5556,鏡音リン・みきとP,ロキ,mid2B,hiE,,vocal-range.com
2951,長渕剛,CLOSE YOUR EYES,lowF,mid2G,,voice-key.news
2954,長渕剛,JAPAN,mid1E,mid2F#,,voice-key.news
2956,長渕剛,Orange,mid1C,mid2F,,voice-key.news
2950,長渕剛,しあわせになろうよ,mid1B,mid2F,,voice-key.news
2949,長渕剛,しゃぼん玉,mid1D,mid2E,,voice-key.news
2945,長渕剛,とんぼ,mid1D,mid2G,,voice-key.news
2947,長渕剛,ひとつ,mid1B,hiA,hiB,voice-key.news
2943,長渕剛,ひまわり,mid1A,mid2D,,voice-key.news
2948,長渕剛,ろくなもんじゃねえ,mid1E,mid2G#,,voice-key.news
2960,長渕剛,カラス,mid1G,hiA,,voice-key.news
2961,長渕剛,ヒロイン,mid1E,hiA,,voice-key.news
2942,長渕剛,乾杯,mid1D,mid2G,,voice-key.news
2958,長渕剛,交差点,mid1E,hiA,,voice-key.news
2953,長渕剛,俺らの家まで,mid1A,hiA,,voice-key.news
2957,長渕剛,夏祭り,mid1B,mid2G#,,voice-key.news
2955,長渕剛,恋人時代,mid1C#,hiA,,voice-key.news
2959,長渕剛,愛してるのに,mid1F#,hiB,,voice-key.news
2944,長渕剛,金色のライオン,lowG,mid2F#,,voice-key.news
2952,長渕剛,青春,mid1A,mid2G,,voice-key.news
2946,長渕剛,順子,mid1E,mid2G,hiA,voice-key.news
4713,長澤知之,蜘蛛の糸,mid1G#,hiA,hiB,vocal-range.com
6187,長谷川白紙,あなただけ,mid1D#,hiA#,hiD#,vocal-range.com
4891,関ゆみ子[有馬ゆみこ],ゆめいっぱい,mid1G,hiA#,,vocal-range.com
2002,関ジャニ∞,CloveR,mid1A,mid2G#,,voice-key.news
1999,関ジャニ∞,LIFE〜目の前の向こうへ〜,mid1C#,hiA#,hiA#,voice-key.news
2007,関ジャニ∞,NOROSHI,mid1D#,mid2G#,,voice-key.news
2006,関ジャニ∞,T.W.L,mid1E,hiC#,,voice-key.news
2000,関ジャニ∞,がむしゃら行進曲,mid1E,mid2G#,,voice-key.news
1996,関ジャニ∞,オモイダマ,mid1C#,mid2G#,,voice-key.news
1998,関ジャニ∞,キング オブ 男!,mid1F#,mid2G#,,voice-key.news
1994,関ジャニ∞,ズッコケ男道,mid1F#,hiA,,voice-key.news
2005,関ジャニ∞,友よ,mid1F,mid2G#,,voice-key.news
1997,関ジャニ∞,大阪ロマネスク,mid1C,mid2F,,voice-key.news
2008,関ジャニ∞,好きやねん、大阪。,mid1E,mid2E,,voice-key.news
2001,関ジャニ∞,愛でした。,mid1G,mid2G,,voice-key.news
1995,関ジャニ∞,無責任ヒーロー,mid1D,mid2G,,voice-key.news
2003,関ジャニ∞,罪と夏,mid1A,hiB,,voice-key.news
2004,関ジャニ∞,言ったじゃないか,mid1D,mid2G,,voice-key.news
6137,阿部真央,まだいけます,mid1G#,hiF,,vocal-range.com
6229,阿部真央,貴方の恋人になりたいのです,mid2C,hiD,hiF,vocal-range.com
6217,陰陽座,甲賀忍法帖,mid2A,hiE,hiE,vocal-range.com
3943,離婚伝説,スパンコールの女,mid1E,hiA,hiF#,vocal-range.com
3945,離婚伝説,ファーストキス,mid1D#,hiA,hiB,vocal-range.com
3944,離婚伝説,萌,mid1F,hiA,,vocal-range.com
1806,雨のパレード,Ahead Ahead,mid1B,hiA,hiB,voice-key.news
1809,雨のパレード,IDENTITY,mid1F#,hiA#,,voice-key.news
1812,雨のパレード,MARCH,mid1A#,mid2G#,hiA#,voice-key.news
1813,雨のパレード,Override,mid1C#,hiA,hiB,voice-key.news
1810,雨のパレード,Story,mid1B,mid2G#,hiC#,voice-key.news
1804,雨のパレード,Summer Time Magic,mid1C#,mid2G#,hiA#,voice-key.news
1807,雨のパレード,You,mid1A,hiA,hiB,voice-key.news
1808,雨のパレード,first step,mid1B,hiA,hiB,voice-key.news
1805,雨のパレード,morning,mid1G#,mid2G#,hiA#,voice-key.news
1811,雨のパレード,カタルシス,lowG#,hiA,hiB,voice-key.news
6182,雨宮天,Skyreach,mid2A#,hiC#,,vocal-range.com
1921,青山テルマ,1LDK,mid1D,hiD,,voice-key.news
1919,青山テルマ,そばにいるね,lowG,hiA#,,voice-key.news
1920,青山テルマ,何度も,mid2A,hiD,,voice-key.news
1922,青山テルマ,帰る場所,mid1F,hiA#,,voice-key.news
4236,青山吉能,Page,mid1G,hiC#,hiC#,vocal-range.com
4237,青山吉能,あやめ色の夏に,mid1F#,hiB,hiD,vocal-range.com
4235,青山吉能,ルーガルー,mid1F#,hiC#,hiD#,vocal-range.com
3921,青山吉能,透明人間,mid1F,hiD,hiD,vocal-range.com
4516,音田雅則,fake face dance music,lowG#,mid2F#,,vocal-range.com
4412,音田雅則,ウエディング,mid1D#,hiA,hiC,vocal-range.com
4496,音羽-otoha-,狂信者のパレード -The Parade of Battlers,mid1D,hiC,,vocal-range.com
4879,音虎とErii,僕の隣はいつもきみ,mid1D#,hiB,hiF,vocal-range.com
5922,音速ライン,逢瀬川,mid1B,mid2G,hiB,vocal-range.com
2624,須田景凪,Dolly,,hiA,hiC#,voice-key.news
2623,須田景凪,MOIL,mid1G,hiA,hiC,voice-key.news
2621,須田景凪,Veil,,hiA#,hiC,voice-key.news
2622,須田景凪,idid,,mid2G,hiD,voice-key.news
6198,須田景凪,veil,mid1F,hiA#,hiC,vocal-range.com
2619,須田景凪,はるどなり,mid1F#,hiA,hiB,voice-key.news
2625,須田景凪,アマドール,,mid2G,hiC,voice-key.news
4848,須田景凪,ダーリン,mid1F,hiB,hiC#,vocal-range.com
2620,須田景凪,パレイドリア,,mid2F#,hiC#,voice-key.news
4991,須田景凪,メロウ,mid1F,hiA#,hiA#,vocal-range.com
3922,須田景凪,ラストルック,mid1D,mid2G,hiD,vocal-range.com
2618,須田景凪,レド,mid1G#,hiA#,hiC#,voice-key.news
6181,須田景凪[バルーン],はるどなり,mid1F#,hiA,hiB,vocal-range.com
4992,須田景凪[バルーン],パメラ,mid1F#,hiA,hiC,vocal-range.com
4869,須田景凪[バルーン],シャルル,mid1C#,hiA#,hiC#,vocal-range.com
4426,馬渡松子,デイドリームジェネレーション,mid1G#,hiC,,vocal-range.com
4427,馬渡松子,微笑みの爆弾,mid2A,hiA#,,vocal-range.com
2758,高橋優,8月9日,mid1G,mid2G,,voice-key.news
2762,高橋優,BEAUTIFUL,mid1C#,mid2G#,,voice-key.news
2759,高橋優,CANDY,mid1F#,mid2G,,voice-key.news
2756,高橋優,ありがとう,lowG#,hiA,,voice-key.news
2767,高橋優,こどものうた,mid1E,mid2G,,voice-key.news
2750,高橋優,ほんとのきもち,mid1E,hiA,,voice-key.news
2751,高橋優,プライド,mid1B,mid2G#,,voice-key.news
2761,高橋優,ルポルタージュ,mid1C#,hiA#,,voice-key.news
2748,高橋優,ロードムービー,mid1A,mid2G#,,voice-key.news
2747,高橋優,同じ空の下,mid1B,mid2G#,,voice-key.news
2752,高橋優,太陽と花,mid1B,hiA#,,voice-key.news
2755,高橋優,少年であれ,mid1B,mid2F#,,voice-key.news
2760,高橋優,希望の歌,mid1D,hiA,,voice-key.news
2753,高橋優,明日はきっといい日になる,mid1B,mid2F#,,voice-key.news
2766,高橋優,涙の温度,mid1D,hiA,,voice-key.news
2765,高橋優,現実という名の怪物と戦う者たち,mid1C,hiA,,voice-key.news
2749,高橋優,福笑い,mid1F#,mid2F#,,voice-key.news
2754,高橋優,素晴らしき日常,mid1F#,mid2G#,hiB,voice-key.news
2757,高橋優,花のように,mid1F#,mid2F#,,voice-key.news
2746,高橋優,虹,mid1G,hiA,,voice-key.news
2764,高橋優,風前の灯,mid1E,mid2F#,,voice-key.news
2763,高橋優,鯱,mid1C,mid2G,,voice-key.news
2778,高橋洋子,もう一度逢いたくて,mid1G,hiA,,voice-key.news
2774,高橋洋子,予感,mid2A,hiB,,voice-key.news
2776,高橋洋子,傷だらけの夢,mid1F,hiC,,voice-key.news
2770,高橋洋子,夜明け生まれ来る少女,mid1G#,hiD#,,voice-key.news
2771,高橋洋子,心よ原始に戻れ,mid2D,hiB,,voice-key.news
2775,高橋洋子,慟哭へのプロローグ,mid1G,hiC,,voice-key.news
2772,高橋洋子,暫し空に降りて,mid1G,hiC,,voice-key.news
2768,高橋洋子,残酷な天使のテーゼ,mid2A#,hiC,,voice-key.news
2773,高橋洋子,真実の黙示録,mid1F#,hiC#,,voice-key.news
2777,高橋洋子,蒼き炎,mid2A#,hiC,,voice-key.news
2769,高橋洋子,魂のルフラン,mid1G#,hiB,,voice-key.news
5055,高橋洋樹,魔訶不思議アドベンチャー!,mid1F,mid2G#,,vocal-range.com
5435,鬼束ちひろ,月光,mid1F#,hiC#,hiD#,vocal-range.com
5434,鬼束ちひろ,流星群,mid2A#,hiD,,vocal-range.com
4808,鬼頭明里,No Continue,mid1F#,hiD#,hiC#,vocal-range.com
4845,魔王魂,シャイニングスター,mid1G#,hiC#,hiD#,vocal-range.com
6317,麒麟・川島明,where are you,mid1C,mid2F,,vocal-range.com
1913,＝LOVE,あの子コンプレックス,mid2A,hiD,hiD,voice-key.news
1917,＝LOVE,この空がトリガー,mid2C,hiD,hiD,voice-key.news
1918,＝LOVE,夏祭り恋慕う,mid1G#,hiD,,voice-key.news
1912,＝LOVE,絶対アイドル辞めないで,mid1G#,hiC#,hiE,voice-key.news
1915,＝LOVE,超特急逃走中,mid2B,hiC#,,voice-key.news
1916,＝LOVE,青春“サブリミナル”,mid1G#,hiD,,voice-key.news
1914,＝LOVE,＝LOVE,mid1G,hiD,,voice-key.news
